Domain Code,Domain,Area Code (M49),Area,Element Code,Element,Item Code (CPC),Item,Year Code,Year,Unit,Value,Flag,Flag Description,Note
"QCL","Crops and livestock products","004","Afghanistan","5510","Production","21111.01","Meat of cattle with the bone, fresh or chilled","2005","2005","t","141100","A","Official value",""
"QCL","Crops and livestock products","004","Afghanistan","5510","Production","21111.01","Meat of cattle with the bone, fresh or chilled","2006","2006","t","117300","A","Official value",""
"QCL","Crops and livestock products","004","Afghanistan","5510","Production","21111.01","Meat of cattle with the bone, fresh or chilled","2007","2007","t","137000","A","Official value",""
"QCL","Crops and livestock products","004","Afghanistan","5510","Production","21111.01","Meat of cattle with the bone, fresh or chilled","2008","2008","t","133000","A","Official value",""
"QCL","Crops and livestock products","004","Afghanistan","5510","Production","21111.01","Meat of cattle with the bone, fresh or chilled","2009","2009","t","135000","A","Official value",""
"QCL","Crops and livestock products","004","Afghanistan","5510","Production","21111.01","Meat of cattle with the bone, fresh or chilled","2010","2010","t","131000","A","Official value",""
"QCL","Crops and livestock products","004","Afghanistan","5510","Production","21111.01","Meat of cattle with the bone, fresh or chilled","2011","2011","t","138000","A","Official value",""
"QCL","Crops and livestock products","004","Afghanistan","5510","Production","21111.01","Meat of cattle with the bone, fresh or chilled","2012","2012","t","139000","A","Official value",""
"QCL","Crops and livestock products","004","Afghanistan","5510","Production","21111.01","Meat of cattle with the bone, fresh or chilled","2013","2013","t","134000","A","Official value",""
"QCL","Crops and livestock products","004","Afghanistan","5510","Production","21111.01","Meat of cattle with the bone, fresh or chilled","2014","2014","t","120544.58","I","Value imputed by a receiving agency",""
"QCL","Crops and livestock products","004","Afghanistan","5510","Production","21111.01","Meat of cattle with the bone, fresh or chilled","2015","2015","t","111438.28","I","Value imputed by a receiving agency",""
"QCL","Crops and livestock products","004","Afghanistan","5510","Production","21111.01","Meat of cattle with the bone, fresh or chilled","2016","2016","t","107532.88","I","Value imputed by a receiving agency",""
"QCL","Crops and livestock products","004","Afghanistan","5510","Production","21111.01","Meat of cattle with the bone, fresh or chilled","2017","2017","t","115754.24","E","Estimated value",""
"QCL","Crops and livestock products","004","Afghanistan","5510","Production","21111.01","Meat of cattle with the bone, fresh or chilled","2018","2018","t","96126.71","I","Value imputed by a receiving agency",""
"QCL","Crops and livestock products","004","Afghanistan","5510","Production","21111.01","Meat of cattle with the bone, fresh or chilled","2019","2019","t","89006.91","I","Value imputed by a receiving agency",""
"QCL","Crops and livestock products","004","Afghanistan","5510","Production","21111.01","Meat of cattle with the bone, fresh or chilled","2020","2020","t","97276.81","E","Estimated value",""
"QCL","Crops and livestock products","004","Afghanistan","5510","Production","21111.01","Meat of cattle with the bone, fresh or chilled","2021","2021","t","78714.06","I","Value imputed by a receiving agency",""
"QCL","Crops and livestock products","004","Afghanistan","5510","Production","21111.01","Meat of cattle with the bone, fresh or chilled","2022","2022","t","71967.24","I","Value imputed by a receiving agency",""
"QCL","Crops and livestock products","004","Afghanistan","5510","Production","21111.01","Meat of cattle with the bone, fresh or chilled","2023","2023","t","66678.5","I","Value imputed by a receiving agency",""
"QCL","Crops and livestock products","004","Afghanistan","5510","Production","21111.01","Meat of cattle with the bone, fresh or chilled","2024","2024","t","61420.58","I","Value imputed by a receiving agency",""
"QCL","Crops and livestock products","008","Albania","5510","Production","21111.01","Meat of cattle with the bone, fresh or chilled","2005","2005","t","40800","A","Official value",""
"QCL","Crops and livestock products","008","Albania","5510","Production","21111.01","Meat of cattle with the bone, fresh or chilled","2006","2006","t","48651","A","Official value",""
"QCL","Crops and livestock products","008","Albania","5510","Production","21111.01","Meat of cattle with the bone, fresh or chilled","2007","2007","t","49775","A","Official value",""
"QCL","Crops and livestock products","008","Albania","5510","Production","21111.01","Meat of cattle with the bone, fresh or chilled","2008","2008","t","39600","X","Value from external organization","Unofficial figure"
"QCL","Crops and livestock products","008","Albania","5510","Production","21111.01","Meat of cattle with the bone, fresh or chilled","2009","2009","t","39000","X","Value from external organization","Unofficial figure"
"QCL","Crops and livestock products","008","Albania","5510","Production","21111.01","Meat of cattle with the bone, fresh or chilled","2010","2010","t","40800","X","Value from external organization","Unofficial figure"
"QCL","Crops and livestock products","008","Albania","5510","Production","21111.01","Meat of cattle with the bone, fresh or chilled","2011","2011","t","41200","X","Value from external organization","Unofficial figure"
"QCL","Crops and livestock products","008","Albania","5510","Production","21111.01","Meat of cattle with the bone, fresh or chilled","2012","2012","t","41460","X","Value from external organization","Unofficial figure"
"QCL","Crops and livestock products","008","Albania","5510","Production","21111.01","Meat of cattle with the bone, fresh or chilled","2013","2013","t","41820","X","Value from external organization","Unofficial figure"
"QCL","Crops and livestock products","008","Albania","5510","Production","21111.01","Meat of cattle with the bone, fresh or chilled","2014","2014","t","38070","A","Official value",""
"QCL","Crops and livestock products","008","Albania","5510","Production","21111.01","Meat of cattle with the bone, fresh or chilled","2015","2015","t","38556","A","Official value",""
"QCL","Crops and livestock products","008","Albania","5510","Production","21111.01","Meat of cattle with the bone, fresh or chilled","2016","2016","t","38880","A","Official value",""
"QCL","Crops and livestock products","008","Albania","5510","Production","21111.01","Meat of cattle with the bone, fresh or chilled","2017","2017","t","39017","A","Official value",""
"QCL","Crops and livestock products","008","Albania","5510","Production","21111.01","Meat of cattle with the bone, fresh or chilled","2018","2018","t","38543.94","A","Official value",""
"QCL","Crops and livestock products","008","Albania","5510","Production","21111.01","Meat of cattle with the bone, fresh or chilled","2019","2019","t","36709.36","A","Official value",""
"QCL","Crops and livestock products","008","Albania","5510","Production","21111.01","Meat of cattle with the bone, fresh or chilled","2020","2020","t","32869.95","A","Official value",""
"QCL","Crops and livestock products","008","Albania","5510","Production","21111.01","Meat of cattle with the bone, fresh or chilled","2021","2021","t","31712","A","Official value",""
"QCL","Crops and livestock products","008","Albania","5510","Production","21111.01","Meat of cattle with the bone, fresh or chilled","2022","2022","t","29736.3","A","Official value",""
"QCL","Crops and livestock products","008","Albania","5510","Production","21111.01","Meat of cattle with the bone, fresh or chilled","2023","2023","t","28412","A","Official value",""
"QCL","Crops and livestock products","008","Albania","5510","Production","21111.01","Meat of cattle with the bone, fresh or chilled","2024","2024","t","25996","A","Official value",""
"QCL","Crops and livestock products","012","Algeria","5510","Production","21111.01","Meat of cattle with the bone, fresh or chilled","2005","2005","t","120000","E","Estimated value",""
"QCL","Crops and livestock products","012","Algeria","5510","Production","21111.01","Meat of cattle with the bone, fresh or chilled","2006","2006","t","122000","E","Estimated value",""
"QCL","Crops and livestock products","012","Algeria","5510","Production","21111.01","Meat of cattle with the bone, fresh or chilled","2007","2007","t","123000","E","Estimated value",""
"QCL","Crops and livestock products","012","Algeria","5510","Production","21111.01","Meat of cattle with the bone, fresh or chilled","2008","2008","t","125000","E","Estimated value",""
"QCL","Crops and livestock products","012","Algeria","5510","Production","21111.01","Meat of cattle with the bone, fresh or chilled","2009","2009","t","130500","E","Estimated value",""
"QCL","Crops and livestock products","012","Algeria","5510","Production","21111.01","Meat of cattle with the bone, fresh or chilled","2010","2010","t","126126","A","Official value",""
"QCL","Crops and livestock products","012","Algeria","5510","Production","21111.01","Meat of cattle with the bone, fresh or chilled","2011","2011","t","125386","A","Official value",""
"QCL","Crops and livestock products","012","Algeria","5510","Production","21111.01","Meat of cattle with the bone, fresh or chilled","2012","2012","t","135674","A","Official value",""
"QCL","Crops and livestock products","012","Algeria","5510","Production","21111.01","Meat of cattle with the bone, fresh or chilled","2013","2013","t","139948","A","Official value",""
"QCL","Crops and livestock products","012","Algeria","5510","Production","21111.01","Meat of cattle with the bone, fresh or chilled","2014","2014","t","145724","A","Official value",""
"QCL","Crops and livestock products","012","Algeria","5510","Production","21111.01","Meat of cattle with the bone, fresh or chilled","2015","2015","t","155037","A","Official value",""
"QCL","Crops and livestock products","012","Algeria","5510","Production","21111.01","Meat of cattle with the bone, fresh or chilled","2016","2016","t","164268","A","Official value",""
"QCL","Crops and livestock products","012","Algeria","5510","Production","21111.01","Meat of cattle with the bone, fresh or chilled","2017","2017","t","166291.24","A","Official value",""
"QCL","Crops and livestock products","012","Algeria","5510","Production","21111.01","Meat of cattle with the bone, fresh or chilled","2018","2018","t","153192","A","Official value",""
"QCL","Crops and livestock products","012","Algeria","5510","Production","21111.01","Meat of cattle with the bone, fresh or chilled","2019","2019","t","151590","A","Official value",""
"QCL","Crops and livestock products","012","Algeria","5510","Production","21111.01","Meat of cattle with the bone, fresh or chilled","2020","2020","t","144246","A","Official value",""
"QCL","Crops and livestock products","012","Algeria","5510","Production","21111.01","Meat of cattle with the bone, fresh or chilled","2021","2021","t","146270","A","Official value",""
"QCL","Crops and livestock products","012","Algeria","5510","Production","21111.01","Meat of cattle with the bone, fresh or chilled","2022","2022","t","140000","X","Value from external organization","Unofficial figure"
"QCL","Crops and livestock products","012","Algeria","5510","Production","21111.01","Meat of cattle with the bone, fresh or chilled","2023","2023","t","138000","X","Value from external organization","Unofficial figure"
"QCL","Crops and livestock products","012","Algeria","5510","Production","21111.01","Meat of cattle with the bone, fresh or chilled","2024","2024","t","135000","X","Value from external organization","Unofficial figure"
"QCL","Crops and livestock products","024","Angola","5510","Production","21111.01","Meat of cattle with the bone, fresh or chilled","2005","2005","t","84660","E","Estimated value",""
"QCL","Crops and livestock products","024","Angola","5510","Production","21111.01","Meat of cattle with the bone, fresh or chilled","2006","2006","t","84862.99","E","Estimated value",""
"QCL","Crops and livestock products","024","Angola","5510","Production","21111.01","Meat of cattle with the bone, fresh or chilled","2007","2007","t","91800","E","Estimated value",""
"QCL","Crops and livestock products","024","Angola","5510","Production","21111.01","Meat of cattle with the bone, fresh or chilled","2008","2008","t","96900","E","Estimated value",""
"QCL","Crops and livestock products","024","Angola","5510","Production","21111.01","Meat of cattle with the bone, fresh or chilled","2009","2009","t","97750","E","Estimated value",""
"QCL","Crops and livestock products","024","Angola","5510","Production","21111.01","Meat of cattle with the bone, fresh or chilled","2010","2010","t","98600","E","Estimated value",""
"QCL","Crops and livestock products","024","Angola","5510","Production","21111.01","Meat of cattle with the bone, fresh or chilled","2011","2011","t","100300","E","Estimated value",""
"QCL","Crops and livestock products","024","Angola","5510","Production","21111.01","Meat of cattle with the bone, fresh or chilled","2012","2012","t","102000","E","Estimated value",""
"QCL","Crops and livestock products","024","Angola","5510","Production","21111.01","Meat of cattle with the bone, fresh or chilled","2013","2013","t","105400","E","Estimated value",""
"QCL","Crops and livestock products","024","Angola","5510","Production","21111.01","Meat of cattle with the bone, fresh or chilled","2014","2014","t","103853.68","I","Value imputed by a receiving agency",""
"QCL","Crops and livestock products","024","Angola","5510","Production","21111.01","Meat of cattle with the bone, fresh or chilled","2015","2015","t","102043.49","I","Value imputed by a receiving agency",""
"QCL","Crops and livestock products","024","Angola","5510","Production","21111.01","Meat of cattle with the bone, fresh or chilled","2016","2016","t","103615.87","I","Value imputed by a receiving agency",""
"QCL","Crops and livestock products","024","Angola","5510","Production","21111.01","Meat of cattle with the bone, fresh or chilled","2017","2017","t","107286.81","I","Value imputed by a receiving agency",""
"QCL","Crops and livestock products","024","Angola","5510","Production","21111.01","Meat of cattle with the bone, fresh or chilled","2018","2018","t","103051.01","I","Value imputed by a receiving agency",""
"QCL","Crops and livestock products","024","Angola","5510","Production","21111.01","Meat of cattle with the bone, fresh or chilled","2019","2019","t","101620.87","I","Value imputed by a receiving agency",""
"QCL","Crops and livestock products","024","Angola","5510","Production","21111.01","Meat of cattle with the bone, fresh or chilled","2020","2020","t","100802.38","I","Value imputed by a receiving agency",""
"QCL","Crops and livestock products","024","Angola","5510","Production","21111.01","Meat of cattle with the bone, fresh or chilled","2021","2021","t","104016.01","I","Value imputed by a receiving agency",""
"QCL","Crops and livestock products","024","Angola","5510","Production","21111.01","Meat of cattle with the bone, fresh or chilled","2022","2022","t","100462","A","Official value",""
"QCL","Crops and livestock products","024","Angola","5510","Production","21111.01","Meat of cattle with the bone, fresh or chilled","2023","2023","t","105926","A","Official value",""
"QCL","Crops and livestock products","024","Angola","5510","Production","21111.01","Meat of cattle with the bone, fresh or chilled","2024","2024","t","110104","A","Official value",""
"QCL","Crops and livestock products","028","Antigua and Barbuda","5510","Production","21111.01","Meat of cattle with the bone, fresh or chilled","2005","2005","t","162.51","I","Value imputed by a receiving agency",""
"QCL","Crops and livestock products","028","Antigua and Barbuda","5510","Production","21111.01","Meat of cattle with the bone, fresh or chilled","2006","2006","t","150","E","Estimated value",""
"QCL","Crops and livestock products","028","Antigua and Barbuda","5510","Production","21111.01","Meat of cattle with the bone, fresh or chilled","2007","2007","t","150","E","Estimated value",""
"QCL","Crops and livestock products","028","Antigua and Barbuda","5510","Production","21111.01","Meat of cattle with the bone, fresh or chilled","2008","2008","t","150","E","Estimated value",""
"QCL","Crops and livestock products","028","Antigua and Barbuda","5510","Production","21111.01","Meat of cattle with the bone, fresh or chilled","2009","2009","t","150","E","Estimated value",""
"QCL","Crops and livestock products","028","Antigua and Barbuda","5510","Production","21111.01","Meat of cattle with the bone, fresh or chilled","2010","2010","t","148","A","Official value",""
"QCL","Crops and livestock products","028","Antigua and Barbuda","5510","Production","21111.01","Meat of cattle with the bone, fresh or chilled","2011","2011","t","152","A","Official value",""
"QCL","Crops and livestock products","028","Antigua and Barbuda","5510","Production","21111.01","Meat of cattle with the bone, fresh or chilled","2012","2012","t","156","A","Official value",""
"QCL","Crops and livestock products","028","Antigua and Barbuda","5510","Production","21111.01","Meat of cattle with the bone, fresh or chilled","2013","2013","t","159.1","I","Value imputed by a receiving agency",""
"QCL","Crops and livestock products","028","Antigua and Barbuda","5510","Production","21111.01","Meat of cattle with the bone, fresh or chilled","2014","2014","t","146.65","I","Value imputed by a receiving agency",""
"QCL","Crops and livestock products","028","Antigua and Barbuda","5510","Production","21111.01","Meat of cattle with the bone, fresh or chilled","2015","2015","t","145.6","I","Value imputed by a receiving agency",""
"QCL","Crops and livestock products","028","Antigua and Barbuda","5510","Production","21111.01","Meat of cattle with the bone, fresh or chilled","2016","2016","t","95.38","I","Value imputed by a receiving agency",""
"QCL","Crops and livestock products","028","Antigua and Barbuda","5510","Production","21111.01","Meat of cattle with the bone, fresh or chilled","2017","2017","t","85.19","I","Value imputed by a receiving agency",""
"QCL","Crops and livestock products","028","Antigua and Barbuda","5510","Production","21111.01","Meat of cattle with the bone, fresh or chilled","2018","2018","t","76.2","A","Official value",""
"QCL","Crops and livestock products","028","Antigua and Barbuda","5510","Production","21111.01","Meat of cattle with the bone, fresh or chilled","2019","2019","t","59.7","A","Official value",""
"QCL","Crops and livestock products","028","Antigua and Barbuda","5510","Production","21111.01","Meat of cattle with the bone, fresh or chilled","2020","2020","t","66.4","A","Official value",""
"QCL","Crops and livestock products","028","Antigua and Barbuda","5510","Production","21111.01","Meat of cattle with the bone, fresh or chilled","2021","2021","t","57","A","Official value",""
"QCL","Crops and livestock products","028","Antigua and Barbuda","5510","Production","21111.01","Meat of cattle with the bone, fresh or chilled","2022","2022","t","62.68","A","Official value",""
"QCL","Crops and livestock products","028","Antigua and Barbuda","5510","Production","21111.01","Meat of cattle with the bone, fresh or chilled","2023","2023","t","39.61","A","Official value",""
"QCL","Crops and livestock products","028","Antigua and Barbuda","5510","Production","21111.01","Meat of cattle with the bone, fresh or chilled","2024","2024","t","73.34","A","Official value",""
"QCL","Crops and livestock products","032","Argentina","5510","Production","21111.01","Meat of cattle with the bone, fresh or chilled","2005","2005","t","3130800","A","Official value",""
"QCL","Crops and livestock products","032","Argentina","5510","Production","21111.01","Meat of cattle with the bone, fresh or chilled","2006","2006","t","3033600","A","Official value",""
"QCL","Crops and livestock products","032","Argentina","5510","Production","21111.01","Meat of cattle with the bone, fresh or chilled","2007","2007","t","3223700","A","Official value",""
"QCL","Crops and livestock products","032","Argentina","5510","Production","21111.01","Meat of cattle with the bone, fresh or chilled","2008","2008","t","3131902","A","Official value",""
"QCL","Crops and livestock products","032","Argentina","5510","Production","21111.01","Meat of cattle with the bone, fresh or chilled","2009","2009","t","3378460","A","Official value",""
"QCL","Crops and livestock products","032","Argentina","5510","Production","21111.01","Meat of cattle with the bone, fresh or chilled","2010","2010","t","2630163","A","Official value",""
"QCL","Crops and livestock products","032","Argentina","5510","Production","21111.01","Meat of cattle with the bone, fresh or chilled","2011","2011","t","2498954","A","Official value",""
"QCL","Crops and livestock products","032","Argentina","5510","Production","21111.01","Meat of cattle with the bone, fresh or chilled","2012","2012","t","2595815","A","Official value",""
"QCL","Crops and livestock products","032","Argentina","5510","Production","21111.01","Meat of cattle with the bone, fresh or chilled","2013","2013","t","2821608","A","Official value",""
"QCL","Crops and livestock products","032","Argentina","5510","Production","21111.01","Meat of cattle with the bone, fresh or chilled","2014","2014","t","2674000","A","Official value",""
"QCL","Crops and livestock products","032","Argentina","5510","Production","21111.01","Meat of cattle with the bone, fresh or chilled","2015","2015","t","2727000","A","Official value",""
"QCL","Crops and livestock products","032","Argentina","5510","Production","21111.01","Meat of cattle with the bone, fresh or chilled","2016","2016","t","2644000","A","Official value",""
"QCL","Crops and livestock products","032","Argentina","5510","Production","21111.01","Meat of cattle with the bone, fresh or chilled","2017","2017","t","2844511","A","Official value",""
"QCL","Crops and livestock products","032","Argentina","5510","Production","21111.01","Meat of cattle with the bone, fresh or chilled","2018","2018","t","3066094","A","Official value",""
"QCL","Crops and livestock products","032","Argentina","5510","Production","21111.01","Meat of cattle with the bone, fresh or chilled","2019","2019","t","3135908","A","Official value",""
"QCL","Crops and livestock products","032","Argentina","5510","Production","21111.01","Meat of cattle with the bone, fresh or chilled","2020","2020","t","3168472","A","Official value",""
"QCL","Crops and livestock products","032","Argentina","5510","Production","21111.01","Meat of cattle with the bone, fresh or chilled","2021","2021","t","2981689.8","A","Official value",""
"QCL","Crops and livestock products","032","Argentina","5510","Production","21111.01","Meat of cattle with the bone, fresh or chilled","2022","2022","t","3150850.63","A","Official value",""
"QCL","Crops and livestock products","032","Argentina","5510","Production","21111.01","Meat of cattle with the bone, fresh or chilled","2023","2023","t","3287045.86","A","Official value",""
"QCL","Crops and livestock products","032","Argentina","5510","Production","21111.01","Meat of cattle with the bone, fresh or chilled","2024","2024","t","3178044","A","Official value",""
"QCL","Crops and livestock products","051","Armenia","5510","Production","21111.01","Meat of cattle with the bone, fresh or chilled","2005","2005","t","34400","A","Official value",""
"QCL","Crops and livestock products","051","Armenia","5510","Production","21111.01","Meat of cattle with the bone, fresh or chilled","2006","2006","t","40400","A","Official value",""
"QCL","Crops and livestock products","051","Armenia","5510","Production","21111.01","Meat of cattle with the bone, fresh or chilled","2007","2007","t","43300","A","Official value",""
"QCL","Crops and livestock products","051","Armenia","5510","Production","21111.01","Meat of cattle with the bone, fresh or chilled","2008","2008","t","49300","A","Official value",""
"QCL","Crops and livestock products","051","Armenia","5510","Production","21111.01","Meat of cattle with the bone, fresh or chilled","2009","2009","t","49600","A","Official value",""
"QCL","Crops and livestock products","051","Armenia","5510","Production","21111.01","Meat of cattle with the bone, fresh or chilled","2010","2010","t","48000","A","Official value",""
"QCL","Crops and livestock products","051","Armenia","5510","Production","21111.01","Meat of cattle with the bone, fresh or chilled","2011","2011","t","48200","A","Official value",""
"QCL","Crops and livestock products","051","Armenia","5510","Production","21111.01","Meat of cattle with the bone, fresh or chilled","2012","2012","t","47600","A","Official value",""
"QCL","Crops and livestock products","051","Armenia","5510","Production","21111.01","Meat of cattle with the bone, fresh or chilled","2013","2013","t","53600","A","Official value",""
"QCL","Crops and livestock products","051","Armenia","5510","Production","21111.01","Meat of cattle with the bone, fresh or chilled","2014","2014","t","59000","A","Official value",""
"QCL","Crops and livestock products","051","Armenia","5510","Production","21111.01","Meat of cattle with the bone, fresh or chilled","2015","2015","t","63600","A","Official value",""
"QCL","Crops and livestock products","051","Armenia","5510","Production","21111.01","Meat of cattle with the bone, fresh or chilled","2016","2016","t","68100","A","Official value",""
"QCL","Crops and livestock products","051","Armenia","5510","Production","21111.01","Meat of cattle with the bone, fresh or chilled","2017","2017","t","70800","A","Official value",""
"QCL","Crops and livestock products","051","Armenia","5510","Production","21111.01","Meat of cattle with the bone, fresh or chilled","2018","2018","t","68800","A","Official value",""
"QCL","Crops and livestock products","051","Armenia","5510","Production","21111.01","Meat of cattle with the bone, fresh or chilled","2019","2019","t","68100","A","Official value",""
"QCL","Crops and livestock products","051","Armenia","5510","Production","21111.01","Meat of cattle with the bone, fresh or chilled","2020","2020","t","68300","A","Official value",""
"QCL","Crops and livestock products","051","Armenia","5510","Production","21111.01","Meat of cattle with the bone, fresh or chilled","2021","2021","t","69400","A","Official value",""
"QCL","Crops and livestock products","051","Armenia","5510","Production","21111.01","Meat of cattle with the bone, fresh or chilled","2022","2022","t","63900","A","Official value",""
"QCL","Crops and livestock products","051","Armenia","5510","Production","21111.01","Meat of cattle with the bone, fresh or chilled","2023","2023","t","60500","A","Official value",""
"QCL","Crops and livestock products","051","Armenia","5510","Production","21111.01","Meat of cattle with the bone, fresh or chilled","2024","2024","t","60060","A","Official value",""
"QCL","Crops and livestock products","036","Australia","5510","Production","21111.01","Meat of cattle with the bone, fresh or chilled","2005","2005","t","2090272","A","Official value",""
"QCL","Crops and livestock products","036","Australia","5510","Production","21111.01","Meat of cattle with the bone, fresh or chilled","2006","2006","t","2188318","A","Official value",""
"QCL","Crops and livestock products","036","Australia","5510","Production","21111.01","Meat of cattle with the bone, fresh or chilled","2007","2007","t","2168946","A","Official value",""
"QCL","Crops and livestock products","036","Australia","5510","Production","21111.01","Meat of cattle with the bone, fresh or chilled","2008","2008","t","2138328","A","Official value",""
"QCL","Crops and livestock products","036","Australia","5510","Production","21111.01","Meat of cattle with the bone, fresh or chilled","2009","2009","t","2106385","A","Official value",""
"QCL","Crops and livestock products","036","Australia","5510","Production","21111.01","Meat of cattle with the bone, fresh or chilled","2010","2010","t","2128598","A","Official value",""
"QCL","Crops and livestock products","036","Australia","5510","Production","21111.01","Meat of cattle with the bone, fresh or chilled","2011","2011","t","2129021","A","Official value",""
"QCL","Crops and livestock products","036","Australia","5510","Production","21111.01","Meat of cattle with the bone, fresh or chilled","2012","2012","t","2152031","A","Official value",""
"QCL","Crops and livestock products","036","Australia","5510","Production","21111.01","Meat of cattle with the bone, fresh or chilled","2013","2013","t","2359064","A","Official value",""
"QCL","Crops and livestock products","036","Australia","5510","Production","21111.01","Meat of cattle with the bone, fresh or chilled","2014","2014","t","2595149","A","Official value",""
"QCL","Crops and livestock products","036","Australia","5510","Production","21111.01","Meat of cattle with the bone, fresh or chilled","2015","2015","t","2661640","A","Official value",""
"QCL","Crops and livestock products","036","Australia","5510","Production","21111.01","Meat of cattle with the bone, fresh or chilled","2016","2016","t","2315994","A","Official value",""
"QCL","Crops and livestock products","036","Australia","5510","Production","21111.01","Meat of cattle with the bone, fresh or chilled","2017","2017","t","2068616","A","Official value",""
"QCL","Crops and livestock products","036","Australia","5510","Production","21111.01","Meat of cattle with the bone, fresh or chilled","2018","2018","t","2308547","A","Official value",""
"QCL","Crops and livestock products","036","Australia","5510","Production","21111.01","Meat of cattle with the bone, fresh or chilled","2019","2019","t","2431810","A","Official value",""
"QCL","Crops and livestock products","036","Australia","5510","Production","21111.01","Meat of cattle with the bone, fresh or chilled","2020","2020","t","2125135","A","Official value",""
"QCL","Crops and livestock products","036","Australia","5510","Production","21111.01","Meat of cattle with the bone, fresh or chilled","2021","2021","t","1893742","A","Official value",""
"QCL","Crops and livestock products","036","Australia","5510","Production","21111.01","Meat of cattle with the bone, fresh or chilled","2022","2022","t","1889171","A","Official value",""
"QCL","Crops and livestock products","036","Australia","5510","Production","21111.01","Meat of cattle with the bone, fresh or chilled","2023","2023","t","2234836","A","Official value",""
"QCL","Crops and livestock products","036","Australia","5510","Production","21111.01","Meat of cattle with the bone, fresh or chilled","2024","2024","t","2589767","A","Official value",""
"QCL","Crops and livestock products","040","Austria","5510","Production","21111.01","Meat of cattle with the bone, fresh or chilled","2005","2005","t","204468","A","Official value",""
"QCL","Crops and livestock products","040","Austria","5510","Production","21111.01","Meat of cattle with the bone, fresh or chilled","2006","2006","t","216478","A","Official value",""
"QCL","Crops and livestock products","040","Austria","5510","Production","21111.01","Meat of cattle with the bone, fresh or chilled","2007","2007","t","217784","A","Official value",""
"QCL","Crops and livestock products","040","Austria","5510","Production","21111.01","Meat of cattle with the bone, fresh or chilled","2008","2008","t","224231","A","Official value",""
"QCL","Crops and livestock products","040","Austria","5510","Production","21111.01","Meat of cattle with the bone, fresh or chilled","2009","2009","t","226294","A","Official value",""
"QCL","Crops and livestock products","040","Austria","5510","Production","21111.01","Meat of cattle with the bone, fresh or chilled","2010","2010","t","226677","A","Official value",""
"QCL","Crops and livestock products","040","Austria","5510","Production","21111.01","Meat of cattle with the bone, fresh or chilled","2011","2011","t","222168","A","Official value",""
"QCL","Crops and livestock products","040","Austria","5510","Production","21111.01","Meat of cattle with the bone, fresh or chilled","2012","2012","t","222156","A","Official value",""
"QCL","Crops and livestock products","040","Austria","5510","Production","21111.01","Meat of cattle with the bone, fresh or chilled","2013","2013","t","228913","A","Official value",""
"QCL","Crops and livestock products","040","Austria","5510","Production","21111.01","Meat of cattle with the bone, fresh or chilled","2014","2014","t","223193","A","Official value",""
"QCL","Crops and livestock products","040","Austria","5510","Production","21111.01","Meat of cattle with the bone, fresh or chilled","2015","2015","t","229648","A","Official value",""
"QCL","Crops and livestock products","040","Austria","5510","Production","21111.01","Meat of cattle with the bone, fresh or chilled","2016","2016","t","228335","A","Official value",""
"QCL","Crops and livestock products","040","Austria","5510","Production","21111.01","Meat of cattle with the bone, fresh or chilled","2017","2017","t","226859","A","Official value",""
"QCL","Crops and livestock products","040","Austria","5510","Production","21111.01","Meat of cattle with the bone, fresh or chilled","2018","2018","t","233460","A","Official value",""
"QCL","Crops and livestock products","040","Austria","5510","Production","21111.01","Meat of cattle with the bone, fresh or chilled","2019","2019","t","229610","A","Official value",""
"QCL","Crops and livestock products","040","Austria","5510","Production","21111.01","Meat of cattle with the bone, fresh or chilled","2020","2020","t","218360","A","Official value",""
"QCL","Crops and livestock products","040","Austria","5510","Production","21111.01","Meat of cattle with the bone, fresh or chilled","2021","2021","t","213740","A","Official value",""
"QCL","Crops and livestock products","040","Austria","5510","Production","21111.01","Meat of cattle with the bone, fresh or chilled","2022","2022","t","210120","A","Official value",""
"QCL","Crops and livestock products","040","Austria","5510","Production","21111.01","Meat of cattle with the bone, fresh or chilled","2023","2023","t","204580","A","Official value",""
"QCL","Crops and livestock products","040","Austria","5510","Production","21111.01","Meat of cattle with the bone, fresh or chilled","2024","2024","t","203470","A","Official value",""
"QCL","Crops and livestock products","031","Azerbaijan","5510","Production","21111.01","Meat of cattle with the bone, fresh or chilled","2005","2005","t","95909","A","Official value",""
"QCL","Crops and livestock products","031","Azerbaijan","5510","Production","21111.01","Meat of cattle with the bone, fresh or chilled","2006","2006","t","97811","A","Official value",""
"QCL","Crops and livestock products","031","Azerbaijan","5510","Production","21111.01","Meat of cattle with the bone, fresh or chilled","2007","2007","t","98444","A","Official value",""
"QCL","Crops and livestock products","031","Azerbaijan","5510","Production","21111.01","Meat of cattle with the bone, fresh or chilled","2008","2008","t","100539","A","Official value",""
"QCL","Crops and livestock products","031","Azerbaijan","5510","Production","21111.01","Meat of cattle with the bone, fresh or chilled","2009","2009","t","102331","A","Official value",""
"QCL","Crops and livestock products","031","Azerbaijan","5510","Production","21111.01","Meat of cattle with the bone, fresh or chilled","2010","2010","t","112361","A","Official value",""
"QCL","Crops and livestock products","031","Azerbaijan","5510","Production","21111.01","Meat of cattle with the bone, fresh or chilled","2011","2011","t","115471","A","Official value",""
"QCL","Crops and livestock products","031","Azerbaijan","5510","Production","21111.01","Meat of cattle with the bone, fresh or chilled","2012","2012","t","118410","A","Official value",""
"QCL","Crops and livestock products","031","Azerbaijan","5510","Production","21111.01","Meat of cattle with the bone, fresh or chilled","2013","2013","t","120799","A","Official value",""
"QCL","Crops and livestock products","031","Azerbaijan","5510","Production","21111.01","Meat of cattle with the bone, fresh or chilled","2014","2014","t","122370","A","Official value",""
"QCL","Crops and livestock products","031","Azerbaijan","5510","Production","21111.01","Meat of cattle with the bone, fresh or chilled","2015","2015","t","129753","A","Official value",""
"QCL","Crops and livestock products","031","Azerbaijan","5510","Production","21111.01","Meat of cattle with the bone, fresh or chilled","2016","2016","t","130984","A","Official value",""
"QCL","Crops and livestock products","031","Azerbaijan","5510","Production","21111.01","Meat of cattle with the bone, fresh or chilled","2017","2017","t","132902","A","Official value",""
"QCL","Crops and livestock products","031","Azerbaijan","5510","Production","21111.01","Meat of cattle with the bone, fresh or chilled","2018","2018","t","135620","A","Official value",""
"QCL","Crops and livestock products","031","Azerbaijan","5510","Production","21111.01","Meat of cattle with the bone, fresh or chilled","2019","2019","t","137929","A","Official value",""
"QCL","Crops and livestock products","031","Azerbaijan","5510","Production","21111.01","Meat of cattle with the bone, fresh or chilled","2020","2020","t","143082","A","Official value",""
"QCL","Crops and livestock products","031","Azerbaijan","5510","Production","21111.01","Meat of cattle with the bone, fresh or chilled","2021","2021","t","145040","A","Official value",""
"QCL","Crops and livestock products","031","Azerbaijan","5510","Production","21111.01","Meat of cattle with the bone, fresh or chilled","2022","2022","t","148568","A","Official value",""
"QCL","Crops and livestock products","031","Azerbaijan","5510","Production","21111.01","Meat of cattle with the bone, fresh or chilled","2023","2023","t","152787","A","Official value",""
"QCL","Crops and livestock products","031","Azerbaijan","5510","Production","21111.01","Meat of cattle with the bone, fresh or chilled","2024","2024","t","140472.61","I","Value imputed by a receiving agency",""
"QCL","Crops and livestock products","044","Bahamas","5510","Production","21111.01","Meat of cattle with the bone, fresh or chilled","2005","2005","t","28.05","E","Estimated value",""
"QCL","Crops and livestock products","044","Bahamas","5510","Production","21111.01","Meat of cattle with the bone, fresh or chilled","2006","2006","t","17.85","E","Estimated value",""
"QCL","Crops and livestock products","044","Bahamas","5510","Production","21111.01","Meat of cattle with the bone, fresh or chilled","2007","2007","t","17","E","Estimated value",""
"QCL","Crops and livestock products","044","Bahamas","5510","Production","21111.01","Meat of cattle with the bone, fresh or chilled","2008","2008","t","19.28","I","Value imputed by a receiving agency",""
"QCL","Crops and livestock products","044","Bahamas","5510","Production","21111.01","Meat of cattle with the bone, fresh or chilled","2009","2009","t","19.12","I","Value imputed by a receiving agency",""
"QCL","Crops and livestock products","044","Bahamas","5510","Production","21111.01","Meat of cattle with the bone, fresh or chilled","2010","2010","t","17","E","Estimated value",""
"QCL","Crops and livestock products","044","Bahamas","5510","Production","21111.01","Meat of cattle with the bone, fresh or chilled","2011","2011","t","17.85","E","Estimated value",""
"QCL","Crops and livestock products","044","Bahamas","5510","Production","21111.01","Meat of cattle with the bone, fresh or chilled","2012","2012","t","19.28","I","Value imputed by a receiving agency",""
"QCL","Crops and livestock products","044","Bahamas","5510","Production","21111.01","Meat of cattle with the bone, fresh or chilled","2013","2013","t","19.33","I","Value imputed by a receiving agency",""
"QCL","Crops and livestock products","044","Bahamas","5510","Production","21111.01","Meat of cattle with the bone, fresh or chilled","2014","2014","t","19.06","I","Value imputed by a receiving agency",""
"QCL","Crops and livestock products","044","Bahamas","5510","Production","21111.01","Meat of cattle with the bone, fresh or chilled","2015","2015","t","18.82","I","Value imputed by a receiving agency",""
"QCL","Crops and livestock products","044","Bahamas","5510","Production","21111.01","Meat of cattle with the bone, fresh or chilled","2016","2016","t","18.7","I","Value imputed by a receiving agency",""
"QCL","Crops and livestock products","044","Bahamas","5510","Production","21111.01","Meat of cattle with the bone, fresh or chilled","2017","2017","t","18.94","I","Value imputed by a receiving agency",""
"QCL","Crops and livestock products","044","Bahamas","5510","Production","21111.01","Meat of cattle with the bone, fresh or chilled","2018","2018","t","18.94","I","Value imputed by a receiving agency",""
"QCL","Crops and livestock products","044","Bahamas","5510","Production","21111.01","Meat of cattle with the bone, fresh or chilled","2019","2019","t","18.7","I","Value imputed by a receiving agency",""
"QCL","Crops and livestock products","044","Bahamas","5510","Production","21111.01","Meat of cattle with the bone, fresh or chilled","2020","2020","t","18.36","I","Value imputed by a receiving agency",""
"QCL","Crops and livestock products","044","Bahamas","5510","Production","21111.01","Meat of cattle with the bone, fresh or chilled","2021","2021","t","18.06","I","Value imputed by a receiving agency",""
"QCL","Crops and livestock products","044","Bahamas","5510","Production","21111.01","Meat of cattle with the bone, fresh or chilled","2022","2022","t","17.91","I","Value imputed by a receiving agency",""
"QCL","Crops and livestock products","044","Bahamas","5510","Production","21111.01","Meat of cattle with the bone, fresh or chilled","2023","2023","t","17.73","I","Value imputed by a receiving agency",""
"QCL","Crops and livestock products","044","Bahamas","5510","Production","21111.01","Meat of cattle with the bone, fresh or chilled","2024","2024","t","17.55","I","Value imputed by a receiving agency",""
"QCL","Crops and livestock products","048","Bahrain","5510","Production","21111.01","Meat of cattle with the bone, fresh or chilled","2005","2005","t","874.92","E","Estimated value",""
"QCL","Crops and livestock products","048","Bahrain","5510","Production","21111.01","Meat of cattle with the bone, fresh or chilled","2006","2006","t","876","E","Estimated value",""
"QCL","Crops and livestock products","048","Bahrain","5510","Production","21111.01","Meat of cattle with the bone, fresh or chilled","2007","2007","t","876","E","Estimated value",""
"QCL","Crops and livestock products","048","Bahrain","5510","Production","21111.01","Meat of cattle with the bone, fresh or chilled","2008","2008","t","972","E","Estimated value",""
"QCL","Crops and livestock products","048","Bahrain","5510","Production","21111.01","Meat of cattle with the bone, fresh or chilled","2009","2009","t","972","E","Estimated value",""
"QCL","Crops and livestock products","048","Bahrain","5510","Production","21111.01","Meat of cattle with the bone, fresh or chilled","2010","2010","t","1020","E","Estimated value",""
"QCL","Crops and livestock products","048","Bahrain","5510","Production","21111.01","Meat of cattle with the bone, fresh or chilled","2011","2011","t","1020","E","Estimated value",""
"QCL","Crops and livestock products","048","Bahrain","5510","Production","21111.01","Meat of cattle with the bone, fresh or chilled","2012","2012","t","1020","E","Estimated value",""
"QCL","Crops and livestock products","048","Bahrain","5510","Production","21111.01","Meat of cattle with the bone, fresh or chilled","2013","2013","t","1032","E","Estimated value",""
"QCL","Crops and livestock products","048","Bahrain","5510","Production","21111.01","Meat of cattle with the bone, fresh or chilled","2014","2014","t","1069.86","I","Value imputed by a receiving agency",""
"QCL","Crops and livestock products","048","Bahrain","5510","Production","21111.01","Meat of cattle with the bone, fresh or chilled","2015","2015","t","979.37","I","Value imputed by a receiving agency",""
"QCL","Crops and livestock products","048","Bahrain","5510","Production","21111.01","Meat of cattle with the bone, fresh or chilled","2016","2016","t","865.31","I","Value imputed by a receiving agency",""
"QCL","Crops and livestock products","048","Bahrain","5510","Production","21111.01","Meat of cattle with the bone, fresh or chilled","2017","2017","t","734.08","I","Value imputed by a receiving agency",""
"QCL","Crops and livestock products","048","Bahrain","5510","Production","21111.01","Meat of cattle with the bone, fresh or chilled","2018","2018","t","758.38","I","Value imputed by a receiving agency",""
"QCL","Crops and livestock products","048","Bahrain","5510","Production","21111.01","Meat of cattle with the bone, fresh or chilled","2019","2019","t","841.8","I","Value imputed by a receiving agency",""
"QCL","Crops and livestock products","048","Bahrain","5510","Production","21111.01","Meat of cattle with the bone, fresh or chilled","2020","2020","t","760.11","I","Value imputed by a receiving agency",""
"QCL","Crops and livestock products","048","Bahrain","5510","Production","21111.01","Meat of cattle with the bone, fresh or chilled","2021","2021","t","818.54","I","Value imputed by a receiving agency",""
"QCL","Crops and livestock products","048","Bahrain","5510","Production","21111.01","Meat of cattle with the bone, fresh or chilled","2022","2022","t","789.77","I","Value imputed by a receiving agency",""
"QCL","Crops and livestock products","048","Bahrain","5510","Production","21111.01","Meat of cattle with the bone, fresh or chilled","2023","2023","t","771.7","I","Value imputed by a receiving agency",""
"QCL","Crops and livestock products","048","Bahrain","5510","Production","21111.01","Meat of cattle with the bone, fresh or chilled","2024","2024","t","775.56","I","Value imputed by a receiving agency",""
"QCL","Crops and livestock products","050","Bangladesh","5510","Production","21111.01","Meat of cattle with the bone, fresh or chilled","2005","2005","t","183000","E","Estimated value",""
"QCL","Crops and livestock products","050","Bangladesh","5510","Production","21111.01","Meat of cattle with the bone, fresh or chilled","2006","2006","t","184000","E","Estimated value",""
"QCL","Crops and livestock products","050","Bangladesh","5510","Production","21111.01","Meat of cattle with the bone, fresh or chilled","2007","2007","t","186000","E","Estimated value",""
"QCL","Crops and livestock products","050","Bangladesh","5510","Production","21111.01","Meat of cattle with the bone, fresh or chilled","2008","2008","t","187000","E","Estimated value",""
"QCL","Crops and livestock products","050","Bangladesh","5510","Production","21111.01","Meat of cattle with the bone, fresh or chilled","2009","2009","t","188000","E","Estimated value",""
"QCL","Crops and livestock products","050","Bangladesh","5510","Production","21111.01","Meat of cattle with the bone, fresh or chilled","2010","2010","t","188152.09","I","Value imputed by a receiving agency",""
"QCL","Crops and livestock products","050","Bangladesh","5510","Production","21111.01","Meat of cattle with the bone, fresh or chilled","2011","2011","t","190514.63","I","Value imputed by a receiving agency",""
"QCL","Crops and livestock products","050","Bangladesh","5510","Production","21111.01","Meat of cattle with the bone, fresh or chilled","2012","2012","t","190783.91","I","Value imputed by a receiving agency",""
"QCL","Crops and livestock products","050","Bangladesh","5510","Production","21111.01","Meat of cattle with the bone, fresh or chilled","2013","2013","t","192012.62","I","Value imputed by a receiving agency",""
"QCL","Crops and livestock products","050","Bangladesh","5510","Production","21111.01","Meat of cattle with the bone, fresh or chilled","2014","2014","t","192869.9","I","Value imputed by a receiving agency",""
"QCL","Crops and livestock products","050","Bangladesh","5510","Production","21111.01","Meat of cattle with the bone, fresh or chilled","2015","2015","t","191649.18","I","Value imputed by a receiving agency",""
"QCL","Crops and livestock products","050","Bangladesh","5510","Production","21111.01","Meat of cattle with the bone, fresh or chilled","2016","2016","t","192689.62","I","Value imputed by a receiving agency",""
"QCL","Crops and livestock products","050","Bangladesh","5510","Production","21111.01","Meat of cattle with the bone, fresh or chilled","2017","2017","t","193999.01","I","Value imputed by a receiving agency",""
"QCL","Crops and livestock products","050","Bangladesh","5510","Production","21111.01","Meat of cattle with the bone, fresh or chilled","2018","2018","t","196508.35","I","Value imputed by a receiving agency",""
"QCL","Crops and livestock products","050","Bangladesh","5510","Production","21111.01","Meat of cattle with the bone, fresh or chilled","2019","2019","t","197971.99","I","Value imputed by a receiving agency",""
"QCL","Crops and livestock products","050","Bangladesh","5510","Production","21111.01","Meat of cattle with the bone, fresh or chilled","2020","2020","t","199203.18","I","Value imputed by a receiving agency",""
"QCL","Crops and livestock products","050","Bangladesh","5510","Production","21111.01","Meat of cattle with the bone, fresh or chilled","2021","2021","t","200496.22","I","Value imputed by a receiving agency",""
"QCL","Crops and livestock products","050","Bangladesh","5510","Production","21111.01","Meat of cattle with the bone, fresh or chilled","2022","2022","t","201766.34","I","Value imputed by a receiving agency",""
"QCL","Crops and livestock products","050","Bangladesh","5510","Production","21111.01","Meat of cattle with the bone, fresh or chilled","2023","2023","t","203220.54","I","Value imputed by a receiving agency",""
"QCL","Crops and livestock products","050","Bangladesh","5510","Production","21111.01","Meat of cattle with the bone, fresh or chilled","2024","2024","t","204685.25","I","Value imputed by a receiving agency",""
"QCL","Crops and livestock products","052","Barbados","5510","Production","21111.01","Meat of cattle with the bone, fresh or chilled","2005","2005","t","182","A","Official value",""
"QCL","Crops and livestock products","052","Barbados","5510","Production","21111.01","Meat of cattle with the bone, fresh or chilled","2006","2006","t","182","A","Official value",""
"QCL","Crops and livestock products","052","Barbados","5510","Production","21111.01","Meat of cattle with the bone, fresh or chilled","2007","2007","t","142","A","Official value",""
"QCL","Crops and livestock products","052","Barbados","5510","Production","21111.01","Meat of cattle with the bone, fresh or chilled","2008","2008","t","153","A","Official value",""
"QCL","Crops and livestock products","052","Barbados","5510","Production","21111.01","Meat of cattle with the bone, fresh or chilled","2009","2009","t","160","A","Official value",""
"QCL","Crops and livestock products","052","Barbados","5510","Production","21111.01","Meat of cattle with the bone, fresh or chilled","2010","2010","t","167","A","Official value",""
"QCL","Crops and livestock products","052","Barbados","5510","Production","21111.01","Meat of cattle with the bone, fresh or chilled","2011","2011","t","156","A","Official value",""
"QCL","Crops and livestock products","052","Barbados","5510","Production","21111.01","Meat of cattle with the bone, fresh or chilled","2012","2012","t","148","A","Official value",""
"QCL","Crops and livestock products","052","Barbados","5510","Production","21111.01","Meat of cattle with the bone, fresh or chilled","2013","2013","t","140","A","Official value",""
"QCL","Crops and livestock products","052","Barbados","5510","Production","21111.01","Meat of cattle with the bone, fresh or chilled","2014","2014","t","153","A","Official value",""
"QCL","Crops and livestock products","052","Barbados","5510","Production","21111.01","Meat of cattle with the bone, fresh or chilled","2015","2015","t","172.6","A","Official value",""
"QCL","Crops and livestock products","052","Barbados","5510","Production","21111.01","Meat of cattle with the bone, fresh or chilled","2016","2016","t","176.22","A","Official value",""
"QCL","Crops and livestock products","052","Barbados","5510","Production","21111.01","Meat of cattle with the bone, fresh or chilled","2017","2017","t","163.07","A","Official value",""
"QCL","Crops and livestock products","052","Barbados","5510","Production","21111.01","Meat of cattle with the bone, fresh or chilled","2018","2018","t","175.57","A","Official value",""
"QCL","Crops and livestock products","052","Barbados","5510","Production","21111.01","Meat of cattle with the bone, fresh or chilled","2019","2019","t","172.47","A","Official value",""
"QCL","Crops and livestock products","052","Barbados","5510","Production","21111.01","Meat of cattle with the bone, fresh or chilled","2020","2020","t","182","A","Official value",""
"QCL","Crops and livestock products","052","Barbados","5510","Production","21111.01","Meat of cattle with the bone, fresh or chilled","2021","2021","t","161","A","Official value",""
"QCL","Crops and livestock products","052","Barbados","5510","Production","21111.01","Meat of cattle with the bone, fresh or chilled","2022","2022","t","201","A","Official value",""
"QCL","Crops and livestock products","052","Barbados","5510","Production","21111.01","Meat of cattle with the bone, fresh or chilled","2023","2023","t","168.86","I","Value imputed by a receiving agency",""
"QCL","Crops and livestock products","052","Barbados","5510","Production","21111.01","Meat of cattle with the bone, fresh or chilled","2024","2024","t","146.44","I","Value imputed by a receiving agency",""
"QCL","Crops and livestock products","112","Belarus","5510","Production","21111.01","Meat of cattle with the bone, fresh or chilled","2005","2005","t","255800","A","Official value",""
"QCL","Crops and livestock products","112","Belarus","5510","Production","21111.01","Meat of cattle with the bone, fresh or chilled","2006","2006","t","271800","A","Official value",""
"QCL","Crops and livestock products","112","Belarus","5510","Production","21111.01","Meat of cattle with the bone, fresh or chilled","2007","2007","t","274400","A","Official value",""
"QCL","Crops and livestock products","112","Belarus","5510","Production","21111.01","Meat of cattle with the bone, fresh or chilled","2008","2008","t","268900","A","Official value",""
"QCL","Crops and livestock products","112","Belarus","5510","Production","21111.01","Meat of cattle with the bone, fresh or chilled","2009","2009","t","307900","A","Official value",""
"QCL","Crops and livestock products","112","Belarus","5510","Production","21111.01","Meat of cattle with the bone, fresh or chilled","2010","2010","t","308100","A","Official value",""
"QCL","Crops and livestock products","112","Belarus","5510","Production","21111.01","Meat of cattle with the bone, fresh or chilled","2011","2011","t","297800","A","Official value",""
"QCL","Crops and livestock products","112","Belarus","5510","Production","21111.01","Meat of cattle with the bone, fresh or chilled","2012","2012","t","293000","A","Official value",""
"QCL","Crops and livestock products","112","Belarus","5510","Production","21111.01","Meat of cattle with the bone, fresh or chilled","2013","2013","t","315700","A","Official value",""
"QCL","Crops and livestock products","112","Belarus","5510","Production","21111.01","Meat of cattle with the bone, fresh or chilled","2014","2014","t","295500","A","Official value",""
"QCL","Crops and livestock products","112","Belarus","5510","Production","21111.01","Meat of cattle with the bone, fresh or chilled","2015","2015","t","339000","A","Official value",""
"QCL","Crops and livestock products","112","Belarus","5510","Production","21111.01","Meat of cattle with the bone, fresh or chilled","2016","2016","t","327200","A","Official value",""
"QCL","Crops and livestock products","112","Belarus","5510","Production","21111.01","Meat of cattle with the bone, fresh or chilled","2017","2017","t","317300","A","Official value",""
"QCL","Crops and livestock products","112","Belarus","5510","Production","21111.01","Meat of cattle with the bone, fresh or chilled","2018","2018","t","326000","A","Official value",""
"QCL","Crops and livestock products","112","Belarus","5510","Production","21111.01","Meat of cattle with the bone, fresh or chilled","2019","2019","t","328000","A","Official value",""
"QCL","Crops and livestock products","112","Belarus","5510","Production","21111.01","Meat of cattle with the bone, fresh or chilled","2020","2020","t","340200","A","Official value",""
"QCL","Crops and livestock products","112","Belarus","5510","Production","21111.01","Meat of cattle with the bone, fresh or chilled","2021","2021","t","348200","A","Official value",""
"QCL","Crops and livestock products","112","Belarus","5510","Production","21111.01","Meat of cattle with the bone, fresh or chilled","2022","2022","t","344300","A","Official value",""
"QCL","Crops and livestock products","112","Belarus","5510","Production","21111.01","Meat of cattle with the bone, fresh or chilled","2023","2023","t","374800","A","Official value",""
"QCL","Crops and livestock products","112","Belarus","5510","Production","21111.01","Meat of cattle with the bone, fresh or chilled","2024","2024","t","399000","A","Official value",""
"QCL","Crops and livestock products","056","Belgium","5510","Production","21111.01","Meat of cattle with the bone, fresh or chilled","2005","2005","t","267156","A","Official value",""
"QCL","Crops and livestock products","056","Belgium","5510","Production","21111.01","Meat of cattle with the bone, fresh or chilled","2006","2006","t","286979","A","Official value",""
"QCL","Crops and livestock products","056","Belgium","5510","Production","21111.01","Meat of cattle with the bone, fresh or chilled","2007","2007","t","287977","A","Official value",""
"QCL","Crops and livestock products","056","Belgium","5510","Production","21111.01","Meat of cattle with the bone, fresh or chilled","2008","2008","t","285037","A","Official value",""
"QCL","Crops and livestock products","056","Belgium","5510","Production","21111.01","Meat of cattle with the bone, fresh or chilled","2009","2009","t","261801","A","Official value",""
"QCL","Crops and livestock products","056","Belgium","5510","Production","21111.01","Meat of cattle with the bone, fresh or chilled","2010","2010","t","281634","A","Official value",""
"QCL","Crops and livestock products","056","Belgium","5510","Production","21111.01","Meat of cattle with the bone, fresh or chilled","2011","2011","t","272282","A","Official value",""
"QCL","Crops and livestock products","056","Belgium","5510","Production","21111.01","Meat of cattle with the bone, fresh or chilled","2012","2012","t","262280","A","Official value",""
"QCL","Crops and livestock products","056","Belgium","5510","Production","21111.01","Meat of cattle with the bone, fresh or chilled","2013","2013","t","249973","A","Official value",""
"QCL","Crops and livestock products","056","Belgium","5510","Production","21111.01","Meat of cattle with the bone, fresh or chilled","2014","2014","t","257670","A","Official value",""
"QCL","Crops and livestock products","056","Belgium","5510","Production","21111.01","Meat of cattle with the bone, fresh or chilled","2015","2015","t","267877","A","Official value",""
"QCL","Crops and livestock products","056","Belgium","5510","Production","21111.01","Meat of cattle with the bone, fresh or chilled","2016","2016","t","278362","A","Official value",""
"QCL","Crops and livestock products","056","Belgium","5510","Production","21111.01","Meat of cattle with the bone, fresh or chilled","2017","2017","t","281536","A","Official value",""
"QCL","Crops and livestock products","056","Belgium","5510","Production","21111.01","Meat of cattle with the bone, fresh or chilled","2018","2018","t","277310","A","Official value",""
"QCL","Crops and livestock products","056","Belgium","5510","Production","21111.01","Meat of cattle with the bone, fresh or chilled","2019","2019","t","263750","A","Official value",""
"QCL","Crops and livestock products","056","Belgium","5510","Production","21111.01","Meat of cattle with the bone, fresh or chilled","2020","2020","t","254510","A","Official value",""
"QCL","Crops and livestock products","056","Belgium","5510","Production","21111.01","Meat of cattle with the bone, fresh or chilled","2021","2021","t","247120","A","Official value",""
"QCL","Crops and livestock products","056","Belgium","5510","Production","21111.01","Meat of cattle with the bone, fresh or chilled","2022","2022","t","238140","A","Official value",""
"QCL","Crops and livestock products","056","Belgium","5510","Production","21111.01","Meat of cattle with the bone, fresh or chilled","2023","2023","t","240180","A","Official value",""
"QCL","Crops and livestock products","056","Belgium","5510","Production","21111.01","Meat of cattle with the bone, fresh or chilled","2024","2024","t","249440","A","Official value",""
"QCL","Crops and livestock products","084","Belize","5510","Production","21111.01","Meat of cattle with the bone, fresh or chilled","2005","2005","t","1613","A","Official value",""
"QCL","Crops and livestock products","084","Belize","5510","Production","21111.01","Meat of cattle with the bone, fresh or chilled","2006","2006","t","1684","A","Official value",""
"QCL","Crops and livestock products","084","Belize","5510","Production","21111.01","Meat of cattle with the bone, fresh or chilled","2007","2007","t","1618","A","Official value",""
"QCL","Crops and livestock products","084","Belize","5510","Production","21111.01","Meat of cattle with the bone, fresh or chilled","2008","2008","t","1715","A","Official value",""
"QCL","Crops and livestock products","084","Belize","5510","Production","21111.01","Meat of cattle with the bone, fresh or chilled","2009","2009","t","1625","A","Official value",""
"QCL","Crops and livestock products","084","Belize","5510","Production","21111.01","Meat of cattle with the bone, fresh or chilled","2010","2010","t","1513","A","Official value",""
"QCL","Crops and livestock products","084","Belize","5510","Production","21111.01","Meat of cattle with the bone, fresh or chilled","2011","2011","t","1605","A","Official value",""
"QCL","Crops and livestock products","084","Belize","5510","Production","21111.01","Meat of cattle with the bone, fresh or chilled","2012","2012","t","1665","A","Official value",""
"QCL","Crops and livestock products","084","Belize","5510","Production","21111.01","Meat of cattle with the bone, fresh or chilled","2013","2013","t","1848","A","Official value",""
"QCL","Crops and livestock products","084","Belize","5510","Production","21111.01","Meat of cattle with the bone, fresh or chilled","2014","2014","t","1548.85","A","Official value",""
"QCL","Crops and livestock products","084","Belize","5510","Production","21111.01","Meat of cattle with the bone, fresh or chilled","2015","2015","t","1599.15","A","Official value",""
"QCL","Crops and livestock products","084","Belize","5510","Production","21111.01","Meat of cattle with the bone, fresh or chilled","2016","2016","t","1448","A","Official value",""
"QCL","Crops and livestock products","084","Belize","5510","Production","21111.01","Meat of cattle with the bone, fresh or chilled","2017","2017","t","1483","A","Official value",""
"QCL","Crops and livestock products","084","Belize","5510","Production","21111.01","Meat of cattle with the bone, fresh or chilled","2018","2018","t","1783","A","Official value",""
"QCL","Crops and livestock products","084","Belize","5510","Production","21111.01","Meat of cattle with the bone, fresh or chilled","2019","2019","t","1743","A","Official value",""
"QCL","Crops and livestock products","084","Belize","5510","Production","21111.01","Meat of cattle with the bone, fresh or chilled","2020","2020","t","1578","A","Official value",""
"QCL","Crops and livestock products","084","Belize","5510","Production","21111.01","Meat of cattle with the bone, fresh or chilled","2021","2021","t","1660","A","Official value",""
"QCL","Crops and livestock products","084","Belize","5510","Production","21111.01","Meat of cattle with the bone, fresh or chilled","2022","2022","t","1869","A","Official value",""
"QCL","Crops and livestock products","084","Belize","5510","Production","21111.01","Meat of cattle with the bone, fresh or chilled","2023","2023","t","1891","A","Official value",""
"QCL","Crops and livestock products","084","Belize","5510","Production","21111.01","Meat of cattle with the bone, fresh or chilled","2024","2024","t","2143","A","Official value",""
"QCL","Crops and livestock products","204","Benin","5510","Production","21111.01","Meat of cattle with the bone, fresh or chilled","2005","2005","t","29971","A","Official value",""
"QCL","Crops and livestock products","204","Benin","5510","Production","21111.01","Meat of cattle with the bone, fresh or chilled","2006","2006","t","30770","A","Official value",""
"QCL","Crops and livestock products","204","Benin","5510","Production","21111.01","Meat of cattle with the bone, fresh or chilled","2007","2007","t","31569","A","Official value",""
"QCL","Crops and livestock products","204","Benin","5510","Production","21111.01","Meat of cattle with the bone, fresh or chilled","2008","2008","t","32453","A","Official value",""
"QCL","Crops and livestock products","204","Benin","5510","Production","21111.01","Meat of cattle with the bone, fresh or chilled","2009","2009","t","33218","A","Official value",""
"QCL","Crops and livestock products","204","Benin","5510","Production","21111.01","Meat of cattle with the bone, fresh or chilled","2010","2010","t","34085","A","Official value",""
"QCL","Crops and livestock products","204","Benin","5510","Production","21111.01","Meat of cattle with the bone, fresh or chilled","2011","2011","t","34986","A","Official value",""
"QCL","Crops and livestock products","204","Benin","5510","Production","21111.01","Meat of cattle with the bone, fresh or chilled","2012","2012","t","35887","A","Official value",""
"QCL","Crops and livestock products","204","Benin","5510","Production","21111.01","Meat of cattle with the bone, fresh or chilled","2013","2013","t","36822","A","Official value",""
"QCL","Crops and livestock products","204","Benin","5510","Production","21111.01","Meat of cattle with the bone, fresh or chilled","2014","2014","t","37744","A","Official value",""
"QCL","Crops and livestock products","204","Benin","5510","Production","21111.01","Meat of cattle with the bone, fresh or chilled","2015","2015","t","38760","A","Official value",""
"QCL","Crops and livestock products","204","Benin","5510","Production","21111.01","Meat of cattle with the bone, fresh or chilled","2016","2016","t","39763","A","Official value",""
"QCL","Crops and livestock products","204","Benin","5510","Production","21111.01","Meat of cattle with the bone, fresh or chilled","2017","2017","t","40800","A","Official value",""
"QCL","Crops and livestock products","204","Benin","5510","Production","21111.01","Meat of cattle with the bone, fresh or chilled","2018","2018","t","41854","A","Official value",""
"QCL","Crops and livestock products","204","Benin","5510","Production","21111.01","Meat of cattle with the bone, fresh or chilled","2019","2019","t","42942","A","Official value",""
"QCL","Crops and livestock products","204","Benin","5510","Production","21111.01","Meat of cattle with the bone, fresh or chilled","2020","2020","t","32939.27","A","Official value",""
"QCL","Crops and livestock products","204","Benin","5510","Production","21111.01","Meat of cattle with the bone, fresh or chilled","2021","2021","t","34871.96","A","Official value",""
"QCL","Crops and livestock products","204","Benin","5510","Production","21111.01","Meat of cattle with the bone, fresh or chilled","2022","2022","t","38106.08","A","Official value",""
"QCL","Crops and livestock products","204","Benin","5510","Production","21111.01","Meat of cattle with the bone, fresh or chilled","2023","2023","t","42980","A","Official value",""
"QCL","Crops and livestock products","204","Benin","5510","Production","21111.01","Meat of cattle with the bone, fresh or chilled","2024","2024","t","47794","A","Official value",""
"QCL","Crops and livestock products","064","Bhutan","5510","Production","21111.01","Meat of cattle with the bone, fresh or chilled","2005","2005","t","614.37","I","Value imputed by a receiving agency",""
"QCL","Crops and livestock products","064","Bhutan","5510","Production","21111.01","Meat of cattle with the bone, fresh or chilled","2006","2006","t","685.42","A","Official value",""
"QCL","Crops and livestock products","064","Bhutan","5510","Production","21111.01","Meat of cattle with the bone, fresh or chilled","2007","2007","t","754.25","A","Official value",""
"QCL","Crops and livestock products","064","Bhutan","5510","Production","21111.01","Meat of cattle with the bone, fresh or chilled","2008","2008","t","919.41","A","Official value",""
"QCL","Crops and livestock products","064","Bhutan","5510","Production","21111.01","Meat of cattle with the bone, fresh or chilled","2009","2009","t","768.6","A","Official value",""
"QCL","Crops and livestock products","064","Bhutan","5510","Production","21111.01","Meat of cattle with the bone, fresh or chilled","2010","2010","t","748.67","A","Official value",""
"QCL","Crops and livestock products","064","Bhutan","5510","Production","21111.01","Meat of cattle with the bone, fresh or chilled","2011","2011","t","594.94","A","Official value",""
"QCL","Crops and livestock products","064","Bhutan","5510","Production","21111.01","Meat of cattle with the bone, fresh or chilled","2012","2012","t","1309.24","A","Official value",""
"QCL","Crops and livestock products","064","Bhutan","5510","Production","21111.01","Meat of cattle with the bone, fresh or chilled","2013","2013","t","568.83","A","Official value",""
"QCL","Crops and livestock products","064","Bhutan","5510","Production","21111.01","Meat of cattle with the bone, fresh or chilled","2014","2014","t","754.99","A","Official value",""
"QCL","Crops and livestock products","064","Bhutan","5510","Production","21111.01","Meat of cattle with the bone, fresh or chilled","2015","2015","t","723.1","A","Official value",""
"QCL","Crops and livestock products","064","Bhutan","5510","Production","21111.01","Meat of cattle with the bone, fresh or chilled","2016","2016","t","619.86","A","Official value",""
"QCL","Crops and livestock products","064","Bhutan","5510","Production","21111.01","Meat of cattle with the bone, fresh or chilled","2017","2017","t","634.99","A","Official value",""
"QCL","Crops and livestock products","064","Bhutan","5510","Production","21111.01","Meat of cattle with the bone, fresh or chilled","2018","2018","t","640.51","A","Official value",""
"QCL","Crops and livestock products","064","Bhutan","5510","Production","21111.01","Meat of cattle with the bone, fresh or chilled","2019","2019","t","606.44","A","Official value",""
"QCL","Crops and livestock products","064","Bhutan","5510","Production","21111.01","Meat of cattle with the bone, fresh or chilled","2020","2020","t","803.94","A","Official value",""
"QCL","Crops and livestock products","064","Bhutan","5510","Production","21111.01","Meat of cattle with the bone, fresh or chilled","2021","2021","t","1177.64","A","Official value",""
"QCL","Crops and livestock products","064","Bhutan","5510","Production","21111.01","Meat of cattle with the bone, fresh or chilled","2022","2022","t","2008.82","A","Official value",""
"QCL","Crops and livestock products","064","Bhutan","5510","Production","21111.01","Meat of cattle with the bone, fresh or chilled","2023","2023","t","1616.45","A","Official value",""
"QCL","Crops and livestock products","064","Bhutan","5510","Production","21111.01","Meat of cattle with the bone, fresh or chilled","2024","2024","t","1419.61","A","Official value",""
"QCL","Crops and livestock products","068","Bolivia (Plurinational State of)","5510","Production","21111.01","Meat of cattle with the bone, fresh or chilled","2005","2005","t","175000","E","Estimated value",""
"QCL","Crops and livestock products","068","Bolivia (Plurinational State of)","5510","Production","21111.01","Meat of cattle with the bone, fresh or chilled","2006","2006","t","200000","E","Estimated value",""
"QCL","Crops and livestock products","068","Bolivia (Plurinational State of)","5510","Production","21111.01","Meat of cattle with the bone, fresh or chilled","2007","2007","t","244375","A","Official value",""
"QCL","Crops and livestock products","068","Bolivia (Plurinational State of)","5510","Production","21111.01","Meat of cattle with the bone, fresh or chilled","2008","2008","t","248680","A","Official value",""
"QCL","Crops and livestock products","068","Bolivia (Plurinational State of)","5510","Production","21111.01","Meat of cattle with the bone, fresh or chilled","2009","2009","t","202026","A","Official value",""
"QCL","Crops and livestock products","068","Bolivia (Plurinational State of)","5510","Production","21111.01","Meat of cattle with the bone, fresh or chilled","2010","2010","t","202347","A","Official value",""
"QCL","Crops and livestock products","068","Bolivia (Plurinational State of)","5510","Production","21111.01","Meat of cattle with the bone, fresh or chilled","2011","2011","t","205187","A","Official value",""
"QCL","Crops and livestock products","068","Bolivia (Plurinational State of)","5510","Production","21111.01","Meat of cattle with the bone, fresh or chilled","2012","2012","t","212594.93","A","Official value",""
"QCL","Crops and livestock products","068","Bolivia (Plurinational State of)","5510","Production","21111.01","Meat of cattle with the bone, fresh or chilled","2013","2013","t","215179.23","A","Official value",""
"QCL","Crops and livestock products","068","Bolivia (Plurinational State of)","5510","Production","21111.01","Meat of cattle with the bone, fresh or chilled","2014","2014","t","224651","A","Official value",""
"QCL","Crops and livestock products","068","Bolivia (Plurinational State of)","5510","Production","21111.01","Meat of cattle with the bone, fresh or chilled","2015","2015","t","243000","A","Official value",""
"QCL","Crops and livestock products","068","Bolivia (Plurinational State of)","5510","Production","21111.01","Meat of cattle with the bone, fresh or chilled","2016","2016","t","252000","A","Official value",""
"QCL","Crops and livestock products","068","Bolivia (Plurinational State of)","5510","Production","21111.01","Meat of cattle with the bone, fresh or chilled","2017","2017","t","260000","A","Official value",""
"QCL","Crops and livestock products","068","Bolivia (Plurinational State of)","5510","Production","21111.01","Meat of cattle with the bone, fresh or chilled","2018","2018","t","268000","A","Official value",""
"QCL","Crops and livestock products","068","Bolivia (Plurinational State of)","5510","Production","21111.01","Meat of cattle with the bone, fresh or chilled","2019","2019","t","266499","A","Official value",""
"QCL","Crops and livestock products","068","Bolivia (Plurinational State of)","5510","Production","21111.01","Meat of cattle with the bone, fresh or chilled","2020","2020","t","276448.25","A","Official value",""
"QCL","Crops and livestock products","068","Bolivia (Plurinational State of)","5510","Production","21111.01","Meat of cattle with the bone, fresh or chilled","2021","2021","t","284195.16","A","Official value",""
"QCL","Crops and livestock products","068","Bolivia (Plurinational State of)","5510","Production","21111.01","Meat of cattle with the bone, fresh or chilled","2022","2022","t","298566","A","Official value",""
"QCL","Crops and livestock products","068","Bolivia (Plurinational State of)","5510","Production","21111.01","Meat of cattle with the bone, fresh or chilled","2023","2023","t","326596","A","Official value",""
"QCL","Crops and livestock products","068","Bolivia (Plurinational State of)","5510","Production","21111.01","Meat of cattle with the bone, fresh or chilled","2024","2024","t","349417.26","A","Official value",""
"QCL","Crops and livestock products","070","Bosnia and Herzegovina","5510","Production","21111.01","Meat of cattle with the bone, fresh or chilled","2005","2005","t","23583","A","Official value",""
"QCL","Crops and livestock products","070","Bosnia and Herzegovina","5510","Production","21111.01","Meat of cattle with the bone, fresh or chilled","2006","2006","t","22378","A","Official value",""
"QCL","Crops and livestock products","070","Bosnia and Herzegovina","5510","Production","21111.01","Meat of cattle with the bone, fresh or chilled","2007","2007","t","23809","A","Official value",""
"QCL","Crops and livestock products","070","Bosnia and Herzegovina","5510","Production","21111.01","Meat of cattle with the bone, fresh or chilled","2008","2008","t","26335","A","Official value",""
"QCL","Crops and livestock products","070","Bosnia and Herzegovina","5510","Production","21111.01","Meat of cattle with the bone, fresh or chilled","2009","2009","t","23363","A","Official value",""
"QCL","Crops and livestock products","070","Bosnia and Herzegovina","5510","Production","21111.01","Meat of cattle with the bone, fresh or chilled","2010","2010","t","23390","A","Official value",""
"QCL","Crops and livestock products","070","Bosnia and Herzegovina","5510","Production","21111.01","Meat of cattle with the bone, fresh or chilled","2011","2011","t","22424","A","Official value",""
"QCL","Crops and livestock products","070","Bosnia and Herzegovina","5510","Production","21111.01","Meat of cattle with the bone, fresh or chilled","2012","2012","t","22900","A","Official value",""
"QCL","Crops and livestock products","070","Bosnia and Herzegovina","5510","Production","21111.01","Meat of cattle with the bone, fresh or chilled","2013","2013","t","16415","A","Official value",""
"QCL","Crops and livestock products","070","Bosnia and Herzegovina","5510","Production","21111.01","Meat of cattle with the bone, fresh or chilled","2014","2014","t","11429","A","Official value",""
"QCL","Crops and livestock products","070","Bosnia and Herzegovina","5510","Production","21111.01","Meat of cattle with the bone, fresh or chilled","2015","2015","t","22849","A","Official value",""
"QCL","Crops and livestock products","070","Bosnia and Herzegovina","5510","Production","21111.01","Meat of cattle with the bone, fresh or chilled","2016","2016","t","15958","A","Official value",""
"QCL","Crops and livestock products","070","Bosnia and Herzegovina","5510","Production","21111.01","Meat of cattle with the bone, fresh or chilled","2017","2017","t","15530","A","Official value",""
"QCL","Crops and livestock products","070","Bosnia and Herzegovina","5510","Production","21111.01","Meat of cattle with the bone, fresh or chilled","2018","2018","t","11509","A","Official value",""
"QCL","Crops and livestock products","070","Bosnia and Herzegovina","5510","Production","21111.01","Meat of cattle with the bone, fresh or chilled","2019","2019","t","11802","A","Official value",""
"QCL","Crops and livestock products","070","Bosnia and Herzegovina","5510","Production","21111.01","Meat of cattle with the bone, fresh or chilled","2020","2020","t","14465","A","Official value",""
"QCL","Crops and livestock products","070","Bosnia and Herzegovina","5510","Production","21111.01","Meat of cattle with the bone, fresh or chilled","2021","2021","t","12355","A","Official value",""
"QCL","Crops and livestock products","070","Bosnia and Herzegovina","5510","Production","21111.01","Meat of cattle with the bone, fresh or chilled","2022","2022","t","10719","A","Official value",""
"QCL","Crops and livestock products","070","Bosnia and Herzegovina","5510","Production","21111.01","Meat of cattle with the bone, fresh or chilled","2023","2023","t","10125","A","Official value",""
"QCL","Crops and livestock products","070","Bosnia and Herzegovina","5510","Production","21111.01","Meat of cattle with the bone, fresh or chilled","2024","2024","t","9792","A","Official value",""
"QCL","Crops and livestock products","072","Botswana","5510","Production","21111.01","Meat of cattle with the bone, fresh or chilled","2005","2005","t","35000","E","Estimated value",""
"QCL","Crops and livestock products","072","Botswana","5510","Production","21111.01","Meat of cattle with the bone, fresh or chilled","2006","2006","t","35000","E","Estimated value",""
"QCL","Crops and livestock products","072","Botswana","5510","Production","21111.01","Meat of cattle with the bone, fresh or chilled","2007","2007","t","35000","E","Estimated value",""
"QCL","Crops and livestock products","072","Botswana","5510","Production","21111.01","Meat of cattle with the bone, fresh or chilled","2008","2008","t","36000","E","Estimated value",""
"QCL","Crops and livestock products","072","Botswana","5510","Production","21111.01","Meat of cattle with the bone, fresh or chilled","2009","2009","t","40000","E","Estimated value",""
"QCL","Crops and livestock products","072","Botswana","5510","Production","21111.01","Meat of cattle with the bone, fresh or chilled","2010","2010","t","46000","E","Estimated value",""
"QCL","Crops and livestock products","072","Botswana","5510","Production","21111.01","Meat of cattle with the bone, fresh or chilled","2011","2011","t","47000","E","Estimated value",""
"QCL","Crops and livestock products","072","Botswana","5510","Production","21111.01","Meat of cattle with the bone, fresh or chilled","2012","2012","t","50204.18","I","Value imputed by a receiving agency",""
"QCL","Crops and livestock products","072","Botswana","5510","Production","21111.01","Meat of cattle with the bone, fresh or chilled","2013","2013","t","50280.44","I","Value imputed by a receiving agency",""
"QCL","Crops and livestock products","072","Botswana","5510","Production","21111.01","Meat of cattle with the bone, fresh or chilled","2014","2014","t","53368.2","I","Value imputed by a receiving agency",""
"QCL","Crops and livestock products","072","Botswana","5510","Production","21111.01","Meat of cattle with the bone, fresh or chilled","2015","2015","t","55451.39","I","Value imputed by a receiving agency",""
"QCL","Crops and livestock products","072","Botswana","5510","Production","21111.01","Meat of cattle with the bone, fresh or chilled","2016","2016","t","55503.25","I","Value imputed by a receiving agency",""
"QCL","Crops and livestock products","072","Botswana","5510","Production","21111.01","Meat of cattle with the bone, fresh or chilled","2017","2017","t","53157.73","I","Value imputed by a receiving agency",""
"QCL","Crops and livestock products","072","Botswana","5510","Production","21111.01","Meat of cattle with the bone, fresh or chilled","2018","2018","t","58244.57","I","Value imputed by a receiving agency",""
"QCL","Crops and livestock products","072","Botswana","5510","Production","21111.01","Meat of cattle with the bone, fresh or chilled","2019","2019","t","61348.1","I","Value imputed by a receiving agency",""
"QCL","Crops and livestock products","072","Botswana","5510","Production","21111.01","Meat of cattle with the bone, fresh or chilled","2020","2020","t","66566.56","I","Value imputed by a receiving agency",""
"QCL","Crops and livestock products","072","Botswana","5510","Production","21111.01","Meat of cattle with the bone, fresh or chilled","2021","2021","t","65406","A","Official value",""
"QCL","Crops and livestock products","072","Botswana","5510","Production","21111.01","Meat of cattle with the bone, fresh or chilled","2022","2022","t","76853","A","Official value",""
"QCL","Crops and livestock products","072","Botswana","5510","Production","21111.01","Meat of cattle with the bone, fresh or chilled","2023","2023","t","68756","A","Official value",""
"QCL","Crops and livestock products","072","Botswana","5510","Production","21111.01","Meat of cattle with the bone, fresh or chilled","2024","2024","t","64888.95","I","Value imputed by a receiving agency",""
"QCL","Crops and livestock products","076","Brazil","5510","Production","21111.01","Meat of cattle with the bone, fresh or chilled","2005","2005","t","6345810","A","Official value",""
"QCL","Crops and livestock products","076","Brazil","5510","Production","21111.01","Meat of cattle with the bone, fresh or chilled","2006","2006","t","6886583","A","Official value",""
"QCL","Crops and livestock products","076","Brazil","5510","Production","21111.01","Meat of cattle with the bone, fresh or chilled","2007","2007","t","7048995","A","Official value",""
"QCL","Crops and livestock products","076","Brazil","5510","Production","21111.01","Meat of cattle with the bone, fresh or chilled","2008","2008","t","6621374","A","Official value",""
"QCL","Crops and livestock products","076","Brazil","5510","Production","21111.01","Meat of cattle with the bone, fresh or chilled","2009","2009","t","6661633","A","Official value",""
"QCL","Crops and livestock products","076","Brazil","5510","Production","21111.01","Meat of cattle with the bone, fresh or chilled","2010","2010","t","6977484","A","Official value",""
"QCL","Crops and livestock products","076","Brazil","5510","Production","21111.01","Meat of cattle with the bone, fresh or chilled","2011","2011","t","6783537","A","Official value",""
"QCL","Crops and livestock products","076","Brazil","5510","Production","21111.01","Meat of cattle with the bone, fresh or chilled","2012","2012","t","7351147","A","Official value",""
"QCL","Crops and livestock products","076","Brazil","5510","Production","21111.01","Meat of cattle with the bone, fresh or chilled","2013","2013","t","8166720","A","Official value",""
"QCL","Crops and livestock products","076","Brazil","5510","Production","21111.01","Meat of cattle with the bone, fresh or chilled","2014","2014","t","9723000","A","Official value",""
"QCL","Crops and livestock products","076","Brazil","5510","Production","21111.01","Meat of cattle with the bone, fresh or chilled","2015","2015","t","8063225","A","Official value",""
"QCL","Crops and livestock products","076","Brazil","5510","Production","21111.01","Meat of cattle with the bone, fresh or chilled","2016","2016","t","7358778","A","Official value",""
"QCL","Crops and livestock products","076","Brazil","5510","Production","21111.01","Meat of cattle with the bone, fresh or chilled","2017","2017","t","7681538","A","Official value",""
"QCL","Crops and livestock products","076","Brazil","5510","Production","21111.01","Meat of cattle with the bone, fresh or chilled","2018","2018","t","7989516","A","Official value",""
"QCL","Crops and livestock products","076","Brazil","5510","Production","21111.01","Meat of cattle with the bone, fresh or chilled","2019","2019","t","8218851","A","Official value",""
"QCL","Crops and livestock products","076","Brazil","5510","Production","21111.01","Meat of cattle with the bone, fresh or chilled","2020","2020","t","7824888","A","Official value",""
"QCL","Crops and livestock products","076","Brazil","5510","Production","21111.01","Meat of cattle with the bone, fresh or chilled","2021","2021","t","7456261","A","Official value",""
"QCL","Crops and livestock products","076","Brazil","5510","Production","21111.01","Meat of cattle with the bone, fresh or chilled","2022","2022","t","8012320","A","Official value",""
"QCL","Crops and livestock products","076","Brazil","5510","Production","21111.01","Meat of cattle with the bone, fresh or chilled","2023","2023","t","8962423","A","Official value",""
"QCL","Crops and livestock products","076","Brazil","5510","Production","21111.01","Meat of cattle with the bone, fresh or chilled","2024","2024","t","10237584","A","Official value",""
"QCL","Crops and livestock products","096","Brunei Darussalam","5510","Production","21111.01","Meat of cattle with the bone, fresh or chilled","2005","2005","t","2047.5","E","Estimated value",""
"QCL","Crops and livestock products","096","Brunei Darussalam","5510","Production","21111.01","Meat of cattle with the bone, fresh or chilled","2006","2006","t","1335","E","Estimated value",""
"QCL","Crops and livestock products","096","Brunei Darussalam","5510","Production","21111.01","Meat of cattle with the bone, fresh or chilled","2007","2007","t","1170","E","Estimated value",""
"QCL","Crops and livestock products","096","Brunei Darussalam","5510","Production","21111.01","Meat of cattle with the bone, fresh or chilled","2008","2008","t","720","E","Estimated value",""
"QCL","Crops and livestock products","096","Brunei Darussalam","5510","Production","21111.01","Meat of cattle with the bone, fresh or chilled","2009","2009","t","792","E","Estimated value",""
"QCL","Crops and livestock products","096","Brunei Darussalam","5510","Production","21111.01","Meat of cattle with the bone, fresh or chilled","2010","2010","t","680","E","Estimated value",""
"QCL","Crops and livestock products","096","Brunei Darussalam","5510","Production","21111.01","Meat of cattle with the bone, fresh or chilled","2011","2011","t","1016","E","Estimated value",""
"QCL","Crops and livestock products","096","Brunei Darussalam","5510","Production","21111.01","Meat of cattle with the bone, fresh or chilled","2012","2012","t","934.16","I","Value imputed by a receiving agency",""
"QCL","Crops and livestock products","096","Brunei Darussalam","5510","Production","21111.01","Meat of cattle with the bone, fresh or chilled","2013","2013","t","560.22","I","Value imputed by a receiving agency",""
"QCL","Crops and livestock products","096","Brunei Darussalam","5510","Production","21111.01","Meat of cattle with the bone, fresh or chilled","2014","2014","t","608.4","I","Value imputed by a receiving agency",""
"QCL","Crops and livestock products","096","Brunei Darussalam","5510","Production","21111.01","Meat of cattle with the bone, fresh or chilled","2015","2015","t","482","E","Estimated value",""
"QCL","Crops and livestock products","096","Brunei Darussalam","5510","Production","21111.01","Meat of cattle with the bone, fresh or chilled","2016","2016","t","1023.39","I","Value imputed by a receiving agency",""
"QCL","Crops and livestock products","096","Brunei Darussalam","5510","Production","21111.01","Meat of cattle with the bone, fresh or chilled","2017","2017","t","1205.83","I","Value imputed by a receiving agency",""
"QCL","Crops and livestock products","096","Brunei Darussalam","5510","Production","21111.01","Meat of cattle with the bone, fresh or chilled","2018","2018","t","1143.93","I","Value imputed by a receiving agency",""
"QCL","Crops and livestock products","096","Brunei Darussalam","5510","Production","21111.01","Meat of cattle with the bone, fresh or chilled","2019","2019","t","1127.28","I","Value imputed by a receiving agency",""
"QCL","Crops and livestock products","096","Brunei Darussalam","5510","Production","21111.01","Meat of cattle with the bone, fresh or chilled","2020","2020","t","1838.5","I","Value imputed by a receiving agency",""
"QCL","Crops and livestock products","096","Brunei Darussalam","5510","Production","21111.01","Meat of cattle with the bone, fresh or chilled","2021","2021","t","3379.56","I","Value imputed by a receiving agency",""
"QCL","Crops and livestock products","096","Brunei Darussalam","5510","Production","21111.01","Meat of cattle with the bone, fresh or chilled","2022","2022","t","1609.87","I","Value imputed by a receiving agency",""
"QCL","Crops and livestock products","096","Brunei Darussalam","5510","Production","21111.01","Meat of cattle with the bone, fresh or chilled","2023","2023","t","862.44","I","Value imputed by a receiving agency",""
"QCL","Crops and livestock products","096","Brunei Darussalam","5510","Production","21111.01","Meat of cattle with the bone, fresh or chilled","2024","2024","t","986.11","I","Value imputed by a receiving agency",""
"QCL","Crops and livestock products","100","Bulgaria","5510","Production","21111.01","Meat of cattle with the bone, fresh or chilled","2005","2005","t","29783","A","Official value",""
"QCL","Crops and livestock products","100","Bulgaria","5510","Production","21111.01","Meat of cattle with the bone, fresh or chilled","2006","2006","t","22727","A","Official value",""
"QCL","Crops and livestock products","100","Bulgaria","5510","Production","21111.01","Meat of cattle with the bone, fresh or chilled","2007","2007","t","21703","A","Official value",""
"QCL","Crops and livestock products","100","Bulgaria","5510","Production","21111.01","Meat of cattle with the bone, fresh or chilled","2008","2008","t","19929","A","Official value",""
"QCL","Crops and livestock products","100","Bulgaria","5510","Production","21111.01","Meat of cattle with the bone, fresh or chilled","2009","2009","t","21921","A","Official value",""
"QCL","Crops and livestock products","100","Bulgaria","5510","Production","21111.01","Meat of cattle with the bone, fresh or chilled","2010","2010","t","19610","A","Official value",""
"QCL","Crops and livestock products","100","Bulgaria","5510","Production","21111.01","Meat of cattle with the bone, fresh or chilled","2011","2011","t","20886","A","Official value",""
"QCL","Crops and livestock products","100","Bulgaria","5510","Production","21111.01","Meat of cattle with the bone, fresh or chilled","2012","2012","t","20377","A","Official value",""
"QCL","Crops and livestock products","100","Bulgaria","5510","Production","21111.01","Meat of cattle with the bone, fresh or chilled","2013","2013","t","19107","A","Official value",""
"QCL","Crops and livestock products","100","Bulgaria","5510","Production","21111.01","Meat of cattle with the bone, fresh or chilled","2014","2014","t","17210","A","Official value",""
"QCL","Crops and livestock products","100","Bulgaria","5510","Production","21111.01","Meat of cattle with the bone, fresh or chilled","2015","2015","t","18548","A","Official value",""
"QCL","Crops and livestock products","100","Bulgaria","5510","Production","21111.01","Meat of cattle with the bone, fresh or chilled","2016","2016","t","17469","A","Official value",""
"QCL","Crops and livestock products","100","Bulgaria","5510","Production","21111.01","Meat of cattle with the bone, fresh or chilled","2017","2017","t","17113","A","Official value",""
"QCL","Crops and livestock products","100","Bulgaria","5510","Production","21111.01","Meat of cattle with the bone, fresh or chilled","2018","2018","t","16950","A","Official value",""
"QCL","Crops and livestock products","100","Bulgaria","5510","Production","21111.01","Meat of cattle with the bone, fresh or chilled","2019","2019","t","18060","A","Official value",""
"QCL","Crops and livestock products","100","Bulgaria","5510","Production","21111.01","Meat of cattle with the bone, fresh or chilled","2020","2020","t","17130","A","Official value",""
"QCL","Crops and livestock products","100","Bulgaria","5510","Production","21111.01","Meat of cattle with the bone, fresh or chilled","2021","2021","t","19140","A","Official value",""
"QCL","Crops and livestock products","100","Bulgaria","5510","Production","21111.01","Meat of cattle with the bone, fresh or chilled","2022","2022","t","20710","A","Official value",""
"QCL","Crops and livestock products","100","Bulgaria","5510","Production","21111.01","Meat of cattle with the bone, fresh or chilled","2023","2023","t","16280","A","Official value",""
"QCL","Crops and livestock products","100","Bulgaria","5510","Production","21111.01","Meat of cattle with the bone, fresh or chilled","2024","2024","t","18820","A","Official value",""
"QCL","Crops and livestock products","854","Burkina Faso","5510","Production","21111.01","Meat of cattle with the bone, fresh or chilled","2005","2005","t","111745","A","Official value",""
"QCL","Crops and livestock products","854","Burkina Faso","5510","Production","21111.01","Meat of cattle with the bone, fresh or chilled","2006","2006","t","113980","A","Official value",""
"QCL","Crops and livestock products","854","Burkina Faso","5510","Production","21111.01","Meat of cattle with the bone, fresh or chilled","2007","2007","t","116259","A","Official value",""
"QCL","Crops and livestock products","854","Burkina Faso","5510","Production","21111.01","Meat of cattle with the bone, fresh or chilled","2008","2008","t","118584","A","Official value",""
"QCL","Crops and livestock products","854","Burkina Faso","5510","Production","21111.01","Meat of cattle with the bone, fresh or chilled","2009","2009","t","120955","A","Official value",""
"QCL","Crops and livestock products","854","Burkina Faso","5510","Production","21111.01","Meat of cattle with the bone, fresh or chilled","2010","2010","t","123374","A","Official value",""
"QCL","Crops and livestock products","854","Burkina Faso","5510","Production","21111.01","Meat of cattle with the bone, fresh or chilled","2011","2011","t","125841","A","Official value",""
"QCL","Crops and livestock products","854","Burkina Faso","5510","Production","21111.01","Meat of cattle with the bone, fresh or chilled","2012","2012","t","128357","A","Official value",""
"QCL","Crops and livestock products","854","Burkina Faso","5510","Production","21111.01","Meat of cattle with the bone, fresh or chilled","2013","2013","t","130700","A","Official value",""
"QCL","Crops and livestock products","854","Burkina Faso","5510","Production","21111.01","Meat of cattle with the bone, fresh or chilled","2014","2014","t","103000","A","Official value",""
"QCL","Crops and livestock products","854","Burkina Faso","5510","Production","21111.01","Meat of cattle with the bone, fresh or chilled","2015","2015","t","103000","A","Official value",""
"QCL","Crops and livestock products","854","Burkina Faso","5510","Production","21111.01","Meat of cattle with the bone, fresh or chilled","2016","2016","t","92000","A","Official value",""
"QCL","Crops and livestock products","854","Burkina Faso","5510","Production","21111.01","Meat of cattle with the bone, fresh or chilled","2017","2017","t","94000","A","Official value",""
"QCL","Crops and livestock products","854","Burkina Faso","5510","Production","21111.01","Meat of cattle with the bone, fresh or chilled","2018","2018","t","90000","A","Official value",""
"QCL","Crops and livestock products","854","Burkina Faso","5510","Production","21111.01","Meat of cattle with the bone, fresh or chilled","2019","2019","t","131000","A","Official value",""
"QCL","Crops and livestock products","854","Burkina Faso","5510","Production","21111.01","Meat of cattle with the bone, fresh or chilled","2020","2020","t","123371","A","Official value",""
"QCL","Crops and livestock products","854","Burkina Faso","5510","Production","21111.01","Meat of cattle with the bone, fresh or chilled","2021","2021","t","126242","A","Official value",""
"QCL","Crops and livestock products","854","Burkina Faso","5510","Production","21111.01","Meat of cattle with the bone, fresh or chilled","2022","2022","t","129172","A","Official value",""
"QCL","Crops and livestock products","854","Burkina Faso","5510","Production","21111.01","Meat of cattle with the bone, fresh or chilled","2023","2023","t","132162.31","A","Official value",""
"QCL","Crops and livestock products","854","Burkina Faso","5510","Production","21111.01","Meat of cattle with the bone, fresh or chilled","2024","2024","t","136145.87","I","Value imputed by a receiving agency",""
"QCL","Crops and livestock products","108","Burundi","5510","Production","21111.01","Meat of cattle with the bone, fresh or chilled","2005","2005","t","8888.4","E","Estimated value",""
"QCL","Crops and livestock products","108","Burundi","5510","Production","21111.01","Meat of cattle with the bone, fresh or chilled","2006","2006","t","12000.6","E","Estimated value",""
"QCL","Crops and livestock products","108","Burundi","5510","Production","21111.01","Meat of cattle with the bone, fresh or chilled","2007","2007","t","10732.2","E","Estimated value",""
"QCL","Crops and livestock products","108","Burundi","5510","Production","21111.01","Meat of cattle with the bone, fresh or chilled","2008","2008","t","9738.2","E","Estimated value",""
"QCL","Crops and livestock products","108","Burundi","5510","Production","21111.01","Meat of cattle with the bone, fresh or chilled","2009","2009","t","7974","E","Estimated value",""
"QCL","Crops and livestock products","108","Burundi","5510","Production","21111.01","Meat of cattle with the bone, fresh or chilled","2010","2010","t","7800","E","Estimated value",""
"QCL","Crops and livestock products","108","Burundi","5510","Production","21111.01","Meat of cattle with the bone, fresh or chilled","2011","2011","t","9938","E","Estimated value",""
"QCL","Crops and livestock products","108","Burundi","5510","Production","21111.01","Meat of cattle with the bone, fresh or chilled","2012","2012","t","12067.8","E","Estimated value",""
"QCL","Crops and livestock products","108","Burundi","5510","Production","21111.01","Meat of cattle with the bone, fresh or chilled","2013","2013","t","7412.6","E","Estimated value",""
"QCL","Crops and livestock products","108","Burundi","5510","Production","21111.01","Meat of cattle with the bone, fresh or chilled","2014","2014","t","10218.43","I","Value imputed by a receiving agency",""
"QCL","Crops and livestock products","108","Burundi","5510","Production","21111.01","Meat of cattle with the bone, fresh or chilled","2015","2015","t","11794.72","I","Value imputed by a receiving agency",""
"QCL","Crops and livestock products","108","Burundi","5510","Production","21111.01","Meat of cattle with the bone, fresh or chilled","2016","2016","t","11092.68","I","Value imputed by a receiving agency",""
"QCL","Crops and livestock products","108","Burundi","5510","Production","21111.01","Meat of cattle with the bone, fresh or chilled","2017","2017","t","15526.96","I","Value imputed by a receiving agency",""
"QCL","Crops and livestock products","108","Burundi","5510","Production","21111.01","Meat of cattle with the bone, fresh or chilled","2018","2018","t","14210.5","I","Value imputed by a receiving agency",""
"QCL","Crops and livestock products","108","Burundi","5510","Production","21111.01","Meat of cattle with the bone, fresh or chilled","2019","2019","t","15543.04","I","Value imputed by a receiving agency",""
"QCL","Crops and livestock products","108","Burundi","5510","Production","21111.01","Meat of cattle with the bone, fresh or chilled","2020","2020","t","10953.3","I","Value imputed by a receiving agency",""
"QCL","Crops and livestock products","108","Burundi","5510","Production","21111.01","Meat of cattle with the bone, fresh or chilled","2021","2021","t","16734.54","I","Value imputed by a receiving agency",""
"QCL","Crops and livestock products","108","Burundi","5510","Production","21111.01","Meat of cattle with the bone, fresh or chilled","2022","2022","t","16633.63","I","Value imputed by a receiving agency",""
"QCL","Crops and livestock products","108","Burundi","5510","Production","21111.01","Meat of cattle with the bone, fresh or chilled","2023","2023","t","16720.71","I","Value imputed by a receiving agency",""
"QCL","Crops and livestock products","108","Burundi","5510","Production","21111.01","Meat of cattle with the bone, fresh or chilled","2024","2024","t","16871.09","I","Value imputed by a receiving agency",""
"QCL","Crops and livestock products","132","Cabo Verde","5510","Production","21111.01","Meat of cattle with the bone, fresh or chilled","2005","2005","t","565","E","Estimated value",""
"QCL","Crops and livestock products","132","Cabo Verde","5510","Production","21111.01","Meat of cattle with the bone, fresh or chilled","2006","2006","t","670","E","Estimated value",""
"QCL","Crops and livestock products","132","Cabo Verde","5510","Production","21111.01","Meat of cattle with the bone, fresh or chilled","2007","2007","t","770","E","Estimated value",""
"QCL","Crops and livestock products","132","Cabo Verde","5510","Production","21111.01","Meat of cattle with the bone, fresh or chilled","2008","2008","t","890","E","Estimated value",""
"QCL","Crops and livestock products","132","Cabo Verde","5510","Production","21111.01","Meat of cattle with the bone, fresh or chilled","2009","2009","t","905","E","Estimated value",""
"QCL","Crops and livestock products","132","Cabo Verde","5510","Production","21111.01","Meat of cattle with the bone, fresh or chilled","2010","2010","t","964.29","E","Estimated value",""
"QCL","Crops and livestock products","132","Cabo Verde","5510","Production","21111.01","Meat of cattle with the bone, fresh or chilled","2011","2011","t","544","A","Official value",""
"QCL","Crops and livestock products","132","Cabo Verde","5510","Production","21111.01","Meat of cattle with the bone, fresh or chilled","2012","2012","t","545","A","Official value",""
"QCL","Crops and livestock products","132","Cabo Verde","5510","Production","21111.01","Meat of cattle with the bone, fresh or chilled","2013","2013","t","546","A","Official value",""
"QCL","Crops and livestock products","132","Cabo Verde","5510","Production","21111.01","Meat of cattle with the bone, fresh or chilled","2014","2014","t","551.46","I","Value imputed by a receiving agency",""
"QCL","Crops and livestock products","132","Cabo Verde","5510","Production","21111.01","Meat of cattle with the bone, fresh or chilled","2015","2015","t","548.23","I","Value imputed by a receiving agency",""
"QCL","Crops and livestock products","132","Cabo Verde","5510","Production","21111.01","Meat of cattle with the bone, fresh or chilled","2016","2016","t","550","A","Official value",""
"QCL","Crops and livestock products","132","Cabo Verde","5510","Production","21111.01","Meat of cattle with the bone, fresh or chilled","2017","2017","t","710","A","Official value",""
"QCL","Crops and livestock products","132","Cabo Verde","5510","Production","21111.01","Meat of cattle with the bone, fresh or chilled","2018","2018","t","709","A","Official value",""
"QCL","Crops and livestock products","132","Cabo Verde","5510","Production","21111.01","Meat of cattle with the bone, fresh or chilled","2019","2019","t","711","A","Official value",""
"QCL","Crops and livestock products","132","Cabo Verde","5510","Production","21111.01","Meat of cattle with the bone, fresh or chilled","2020","2020","t","708","A","Official value",""
"QCL","Crops and livestock products","132","Cabo Verde","5510","Production","21111.01","Meat of cattle with the bone, fresh or chilled","2021","2021","t","710.01","A","Official value",""
"QCL","Crops and livestock products","132","Cabo Verde","5510","Production","21111.01","Meat of cattle with the bone, fresh or chilled","2022","2022","t","712","A","Official value",""
"QCL","Crops and livestock products","132","Cabo Verde","5510","Production","21111.01","Meat of cattle with the bone, fresh or chilled","2023","2023","t","706.16","I","Value imputed by a receiving agency",""
"QCL","Crops and livestock products","132","Cabo Verde","5510","Production","21111.01","Meat of cattle with the bone, fresh or chilled","2024","2024","t","701.57","I","Value imputed by a receiving agency",""
"QCL","Crops and livestock products","116","Cambodia","5510","Production","21111.01","Meat of cattle with the bone, fresh or chilled","2005","2005","t","57360","E","Estimated value",""
"QCL","Crops and livestock products","116","Cambodia","5510","Production","21111.01","Meat of cattle with the bone, fresh or chilled","2006","2006","t","60240","E","Estimated value",""
"QCL","Crops and livestock products","116","Cambodia","5510","Production","21111.01","Meat of cattle with the bone, fresh or chilled","2007","2007","t","60720","E","Estimated value",""
"QCL","Crops and livestock products","116","Cambodia","5510","Production","21111.01","Meat of cattle with the bone, fresh or chilled","2008","2008","t","62400","E","Estimated value",""
"QCL","Crops and livestock products","116","Cambodia","5510","Production","21111.01","Meat of cattle with the bone, fresh or chilled","2009","2009","t","64680","E","Estimated value",""
"QCL","Crops and livestock products","116","Cambodia","5510","Production","21111.01","Meat of cattle with the bone, fresh or chilled","2010","2010","t","62880","E","Estimated value",""
"QCL","Crops and livestock products","116","Cambodia","5510","Production","21111.01","Meat of cattle with the bone, fresh or chilled","2011","2011","t","63120","E","Estimated value",""
"QCL","Crops and livestock products","116","Cambodia","5510","Production","21111.01","Meat of cattle with the bone, fresh or chilled","2012","2012","t","63600","E","Estimated value",""
"QCL","Crops and livestock products","116","Cambodia","5510","Production","21111.01","Meat of cattle with the bone, fresh or chilled","2013","2013","t","60495.4","I","Value imputed by a receiving agency",""
"QCL","Crops and livestock products","116","Cambodia","5510","Production","21111.01","Meat of cattle with the bone, fresh or chilled","2014","2014","t","56015.03","I","Value imputed by a receiving agency",""
"QCL","Crops and livestock products","116","Cambodia","5510","Production","21111.01","Meat of cattle with the bone, fresh or chilled","2015","2015","t","55469.93","I","Value imputed by a receiving agency",""
"QCL","Crops and livestock products","116","Cambodia","5510","Production","21111.01","Meat of cattle with the bone, fresh or chilled","2016","2016","t","55966.85","I","Value imputed by a receiving agency",""
"QCL","Crops and livestock products","116","Cambodia","5510","Production","21111.01","Meat of cattle with the bone, fresh or chilled","2017","2017","t","56699.86","I","Value imputed by a receiving agency",""
"QCL","Crops and livestock products","116","Cambodia","5510","Production","21111.01","Meat of cattle with the bone, fresh or chilled","2018","2018","t","56982.99","I","Value imputed by a receiving agency",""
"QCL","Crops and livestock products","116","Cambodia","5510","Production","21111.01","Meat of cattle with the bone, fresh or chilled","2019","2019","t","56945.06","I","Value imputed by a receiving agency",""
"QCL","Crops and livestock products","116","Cambodia","5510","Production","21111.01","Meat of cattle with the bone, fresh or chilled","2020","2020","t","56644.96","I","Value imputed by a receiving agency",""
"QCL","Crops and livestock products","116","Cambodia","5510","Production","21111.01","Meat of cattle with the bone, fresh or chilled","2021","2021","t","57407.93","I","Value imputed by a receiving agency",""
"QCL","Crops and livestock products","116","Cambodia","5510","Production","21111.01","Meat of cattle with the bone, fresh or chilled","2022","2022","t","57473.77","I","Value imputed by a receiving agency",""
"QCL","Crops and livestock products","116","Cambodia","5510","Production","21111.01","Meat of cattle with the bone, fresh or chilled","2023","2023","t","57719.65","I","Value imputed by a receiving agency",""
"QCL","Crops and livestock products","116","Cambodia","5510","Production","21111.01","Meat of cattle with the bone, fresh or chilled","2024","2024","t","57963.92","I","Value imputed by a receiving agency",""
"QCL","Crops and livestock products","120","Cameroon","5510","Production","21111.01","Meat of cattle with the bone, fresh or chilled","2005","2005","t","94000","E","Estimated value",""
"QCL","Crops and livestock products","120","Cameroon","5510","Production","21111.01","Meat of cattle with the bone, fresh or chilled","2006","2006","t","94500","E","Estimated value",""
"QCL","Crops and livestock products","120","Cameroon","5510","Production","21111.01","Meat of cattle with the bone, fresh or chilled","2007","2007","t","95000","E","Estimated value",""
"QCL","Crops and livestock products","120","Cameroon","5510","Production","21111.01","Meat of cattle with the bone, fresh or chilled","2008","2008","t","109600","A","Official value",""
"QCL","Crops and livestock products","120","Cameroon","5510","Production","21111.01","Meat of cattle with the bone, fresh or chilled","2009","2009","t","109600","A","Official value",""
"QCL","Crops and livestock products","120","Cameroon","5510","Production","21111.01","Meat of cattle with the bone, fresh or chilled","2010","2010","t","81910","A","Official value",""
"QCL","Crops and livestock products","120","Cameroon","5510","Production","21111.01","Meat of cattle with the bone, fresh or chilled","2011","2011","t","85998","A","Official value",""
"QCL","Crops and livestock products","120","Cameroon","5510","Production","21111.01","Meat of cattle with the bone, fresh or chilled","2012","2012","t","87495","A","Official value",""
"QCL","Crops and livestock products","120","Cameroon","5510","Production","21111.01","Meat of cattle with the bone, fresh or chilled","2013","2013","t","92163","A","Official value",""
"QCL","Crops and livestock products","120","Cameroon","5510","Production","21111.01","Meat of cattle with the bone, fresh or chilled","2014","2014","t","107377.14","I","Value imputed by a receiving agency",""
"QCL","Crops and livestock products","120","Cameroon","5510","Production","21111.01","Meat of cattle with the bone, fresh or chilled","2015","2015","t","114459.83","I","Value imputed by a receiving agency",""
"QCL","Crops and livestock products","120","Cameroon","5510","Production","21111.01","Meat of cattle with the bone, fresh or chilled","2016","2016","t","122306","A","Official value",""
"QCL","Crops and livestock products","120","Cameroon","5510","Production","21111.01","Meat of cattle with the bone, fresh or chilled","2017","2017","t","133625","A","Official value",""
"QCL","Crops and livestock products","120","Cameroon","5510","Production","21111.01","Meat of cattle with the bone, fresh or chilled","2018","2018","t","150826","A","Official value",""
"QCL","Crops and livestock products","120","Cameroon","5510","Production","21111.01","Meat of cattle with the bone, fresh or chilled","2019","2019","t","107000","A","Official value",""
"QCL","Crops and livestock products","120","Cameroon","5510","Production","21111.01","Meat of cattle with the bone, fresh or chilled","2020","2020","t","110006","A","Official value",""
"QCL","Crops and livestock products","120","Cameroon","5510","Production","21111.01","Meat of cattle with the bone, fresh or chilled","2021","2021","t","119233.68","I","Value imputed by a receiving agency",""
"QCL","Crops and livestock products","120","Cameroon","5510","Production","21111.01","Meat of cattle with the bone, fresh or chilled","2022","2022","t","126512","A","Official value",""
"QCL","Crops and livestock products","120","Cameroon","5510","Production","21111.01","Meat of cattle with the bone, fresh or chilled","2023","2023","t","130169","A","Official value",""
"QCL","Crops and livestock products","120","Cameroon","5510","Production","21111.01","Meat of cattle with the bone, fresh or chilled","2024","2024","t","127280.8","I","Value imputed by a receiving agency",""
"QCL","Crops and livestock products","124","Canada","5510","Production","21111.01","Meat of cattle with the bone, fresh or chilled","2005","2005","t","1469980","A","Official value",""
"QCL","Crops and livestock products","124","Canada","5510","Production","21111.01","Meat of cattle with the bone, fresh or chilled","2006","2006","t","1328700","A","Official value",""
"QCL","Crops and livestock products","124","Canada","5510","Production","21111.01","Meat of cattle with the bone, fresh or chilled","2007","2007","t","1277650","A","Official value",""
"QCL","Crops and livestock products","124","Canada","5510","Production","21111.01","Meat of cattle with the bone, fresh or chilled","2008","2008","t","1303630","A","Official value",""
"QCL","Crops and livestock products","124","Canada","5510","Production","21111.01","Meat of cattle with the bone, fresh or chilled","2009","2009","t","1239440","A","Official value",""
"QCL","Crops and livestock products","124","Canada","5510","Production","21111.01","Meat of cattle with the bone, fresh or chilled","2010","2010","t","1240625","A","Official value",""
"QCL","Crops and livestock products","124","Canada","5510","Production","21111.01","Meat of cattle with the bone, fresh or chilled","2011","2011","t","1105995","A","Official value",""
"QCL","Crops and livestock products","124","Canada","5510","Production","21111.01","Meat of cattle with the bone, fresh or chilled","2012","2012","t","1026027","A","Official value",""
"QCL","Crops and livestock products","124","Canada","5510","Production","21111.01","Meat of cattle with the bone, fresh or chilled","2013","2013","t","1023995","A","Official value",""
"QCL","Crops and livestock products","124","Canada","5510","Production","21111.01","Meat of cattle with the bone, fresh or chilled","2014","2014","t","1068591","A","Official value",""
"QCL","Crops and livestock products","124","Canada","5510","Production","21111.01","Meat of cattle with the bone, fresh or chilled","2015","2015","t","1017551","A","Official value",""
"QCL","Crops and livestock products","124","Canada","5510","Production","21111.01","Meat of cattle with the bone, fresh or chilled","2016","2016","t","1111992","A","Official value",""
"QCL","Crops and livestock products","124","Canada","5510","Production","21111.01","Meat of cattle with the bone, fresh or chilled","2017","2017","t","1203026","A","Official value",""
"QCL","Crops and livestock products","124","Canada","5510","Production","21111.01","Meat of cattle with the bone, fresh or chilled","2018","2018","t","1265935","A","Official value",""
"QCL","Crops and livestock products","124","Canada","5510","Production","21111.01","Meat of cattle with the bone, fresh or chilled","2019","2019","t","1341994","A","Official value",""
"QCL","Crops and livestock products","124","Canada","5510","Production","21111.01","Meat of cattle with the bone, fresh or chilled","2020","2020","t","1330281","A","Official value",""
"QCL","Crops and livestock products","124","Canada","5510","Production","21111.01","Meat of cattle with the bone, fresh or chilled","2021","2021","t","1383483","A","Official value",""
"QCL","Crops and livestock products","124","Canada","5510","Production","21111.01","Meat of cattle with the bone, fresh or chilled","2022","2022","t","1412231","A","Official value",""
"QCL","Crops and livestock products","124","Canada","5510","Production","21111.01","Meat of cattle with the bone, fresh or chilled","2023","2023","t","1343172","A","Official value",""
"QCL","Crops and livestock products","124","Canada","5510","Production","21111.01","Meat of cattle with the bone, fresh or chilled","2024","2024","t","1291344","A","Official value",""
"QCL","Crops and livestock products","140","Central African Republic","5510","Production","21111.01","Meat of cattle with the bone, fresh or chilled","2005","2005","t","76000","E","Estimated value",""
"QCL","Crops and livestock products","140","Central African Republic","5510","Production","21111.01","Meat of cattle with the bone, fresh or chilled","2006","2006","t","78000","E","Estimated value",""
"QCL","Crops and livestock products","140","Central African Republic","5510","Production","21111.01","Meat of cattle with the bone, fresh or chilled","2007","2007","t","84000","E","Estimated value",""
"QCL","Crops and livestock products","140","Central African Republic","5510","Production","21111.01","Meat of cattle with the bone, fresh or chilled","2008","2008","t","81000","E","Estimated value",""
"QCL","Crops and livestock products","140","Central African Republic","5510","Production","21111.01","Meat of cattle with the bone, fresh or chilled","2009","2009","t","82500","E","Estimated value",""
"QCL","Crops and livestock products","140","Central African Republic","5510","Production","21111.01","Meat of cattle with the bone, fresh or chilled","2010","2010","t","85000","E","Estimated value",""
"QCL","Crops and livestock products","140","Central African Republic","5510","Production","21111.01","Meat of cattle with the bone, fresh or chilled","2011","2011","t","88000","E","Estimated value",""
"QCL","Crops and livestock products","140","Central African Republic","5510","Production","21111.01","Meat of cattle with the bone, fresh or chilled","2012","2012","t","90000","E","Estimated value",""
"QCL","Crops and livestock products","140","Central African Republic","5510","Production","21111.01","Meat of cattle with the bone, fresh or chilled","2013","2013","t","91928.57","E","Estimated value",""
"QCL","Crops and livestock products","140","Central African Republic","5510","Production","21111.01","Meat of cattle with the bone, fresh or chilled","2014","2014","t","92239.46","I","Value imputed by a receiving agency",""
"QCL","Crops and livestock products","140","Central African Republic","5510","Production","21111.01","Meat of cattle with the bone, fresh or chilled","2015","2015","t","93231.97","I","Value imputed by a receiving agency",""
"QCL","Crops and livestock products","140","Central African Republic","5510","Production","21111.01","Meat of cattle with the bone, fresh or chilled","2016","2016","t","93654.56","I","Value imputed by a receiving agency",""
"QCL","Crops and livestock products","140","Central African Republic","5510","Production","21111.01","Meat of cattle with the bone, fresh or chilled","2017","2017","t","96934.31","I","Value imputed by a receiving agency",""
"QCL","Crops and livestock products","140","Central African Republic","5510","Production","21111.01","Meat of cattle with the bone, fresh or chilled","2018","2018","t","96642.61","I","Value imputed by a receiving agency",""
"QCL","Crops and livestock products","140","Central African Republic","5510","Production","21111.01","Meat of cattle with the bone, fresh or chilled","2019","2019","t","99085.55","I","Value imputed by a receiving agency",""
"QCL","Crops and livestock products","140","Central African Republic","5510","Production","21111.01","Meat of cattle with the bone, fresh or chilled","2020","2020","t","100276.81","I","Value imputed by a receiving agency",""
"QCL","Crops and livestock products","140","Central African Republic","5510","Production","21111.01","Meat of cattle with the bone, fresh or chilled","2021","2021","t","101726.31","I","Value imputed by a receiving agency",""
"QCL","Crops and livestock products","140","Central African Republic","5510","Production","21111.01","Meat of cattle with the bone, fresh or chilled","2022","2022","t","100908.08","I","Value imputed by a receiving agency",""
"QCL","Crops and livestock products","140","Central African Republic","5510","Production","21111.01","Meat of cattle with the bone, fresh or chilled","2023","2023","t","102268.13","I","Value imputed by a receiving agency",""
"QCL","Crops and livestock products","140","Central African Republic","5510","Production","21111.01","Meat of cattle with the bone, fresh or chilled","2024","2024","t","103630.23","I","Value imputed by a receiving agency",""
"QCL","Crops and livestock products","148","Chad","5510","Production","21111.01","Meat of cattle with the bone, fresh or chilled","2005","2005","t","228960","E","Estimated value",""
"QCL","Crops and livestock products","148","Chad","5510","Production","21111.01","Meat of cattle with the bone, fresh or chilled","2006","2006","t","241080","E","Estimated value",""
"QCL","Crops and livestock products","148","Chad","5510","Production","21111.01","Meat of cattle with the bone, fresh or chilled","2007","2007","t","253920","E","Estimated value",""
"QCL","Crops and livestock products","148","Chad","5510","Production","21111.01","Meat of cattle with the bone, fresh or chilled","2008","2008","t","267360","E","Estimated value",""
"QCL","Crops and livestock products","148","Chad","5510","Production","21111.01","Meat of cattle with the bone, fresh or chilled","2009","2009","t","281640","E","Estimated value",""
"QCL","Crops and livestock products","148","Chad","5510","Production","21111.01","Meat of cattle with the bone, fresh or chilled","2010","2010","t","296520","E","Estimated value",""
"QCL","Crops and livestock products","148","Chad","5510","Production","21111.01","Meat of cattle with the bone, fresh or chilled","2011","2011","t","312240","E","Estimated value",""
"QCL","Crops and livestock products","148","Chad","5510","Production","21111.01","Meat of cattle with the bone, fresh or chilled","2012","2012","t","328800","E","Estimated value",""
"QCL","Crops and livestock products","148","Chad","5510","Production","21111.01","Meat of cattle with the bone, fresh or chilled","2013","2013","t","346320","E","Estimated value",""
"QCL","Crops and livestock products","148","Chad","5510","Production","21111.01","Meat of cattle with the bone, fresh or chilled","2014","2014","t","364680","E","Estimated value",""
"QCL","Crops and livestock products","148","Chad","5510","Production","21111.01","Meat of cattle with the bone, fresh or chilled","2015","2015","t","384022","E","Estimated value",""
"QCL","Crops and livestock products","148","Chad","5510","Production","21111.01","Meat of cattle with the bone, fresh or chilled","2016","2016","t","397527","E","Estimated value",""
"QCL","Crops and livestock products","148","Chad","5510","Production","21111.01","Meat of cattle with the bone, fresh or chilled","2017","2017","t","420468","E","Estimated value",""
"QCL","Crops and livestock products","148","Chad","5510","Production","21111.01","Meat of cattle with the bone, fresh or chilled","2018","2018","t","438794.23","I","Value imputed by a receiving agency",""
"QCL","Crops and livestock products","148","Chad","5510","Production","21111.01","Meat of cattle with the bone, fresh or chilled","2019","2019","t","457635.76","I","Value imputed by a receiving agency",""
"QCL","Crops and livestock products","148","Chad","5510","Production","21111.01","Meat of cattle with the bone, fresh or chilled","2020","2020","t","474788.51","I","Value imputed by a receiving agency",""
"QCL","Crops and livestock products","148","Chad","5510","Production","21111.01","Meat of cattle with the bone, fresh or chilled","2021","2021","t","489081.08","I","Value imputed by a receiving agency",""
"QCL","Crops and livestock products","148","Chad","5510","Production","21111.01","Meat of cattle with the bone, fresh or chilled","2022","2022","t","524007.54","I","Value imputed by a receiving agency",""
"QCL","Crops and livestock products","148","Chad","5510","Production","21111.01","Meat of cattle with the bone, fresh or chilled","2023","2023","t","550493.82","I","Value imputed by a receiving agency",""
"QCL","Crops and livestock products","148","Chad","5510","Production","21111.01","Meat of cattle with the bone, fresh or chilled","2024","2024","t","578029.26","I","Value imputed by a receiving agency",""
"QCL","Crops and livestock products","152","Chile","5510","Production","21111.01","Meat of cattle with the bone, fresh or chilled","2005","2005","t","215584","A","Official value",""
"QCL","Crops and livestock products","152","Chile","5510","Production","21111.01","Meat of cattle with the bone, fresh or chilled","2006","2006","t","237553","A","Official value",""
"QCL","Crops and livestock products","152","Chile","5510","Production","21111.01","Meat of cattle with the bone, fresh or chilled","2007","2007","t","241677","A","Official value",""
"QCL","Crops and livestock products","152","Chile","5510","Production","21111.01","Meat of cattle with the bone, fresh or chilled","2008","2008","t","240257","A","Official value",""
"QCL","Crops and livestock products","152","Chile","5510","Production","21111.01","Meat of cattle with the bone, fresh or chilled","2009","2009","t","209853","A","Official value",""
"QCL","Crops and livestock products","152","Chile","5510","Production","21111.01","Meat of cattle with the bone, fresh or chilled","2010","2010","t","210744","A","Official value",""
"QCL","Crops and livestock products","152","Chile","5510","Production","21111.01","Meat of cattle with the bone, fresh or chilled","2011","2011","t","190979","A","Official value",""
"QCL","Crops and livestock products","152","Chile","5510","Production","21111.01","Meat of cattle with the bone, fresh or chilled","2012","2012","t","197459","A","Official value",""
"QCL","Crops and livestock products","152","Chile","5510","Production","21111.01","Meat of cattle with the bone, fresh or chilled","2013","2013","t","206200","A","Official value",""
"QCL","Crops and livestock products","152","Chile","5510","Production","21111.01","Meat of cattle with the bone, fresh or chilled","2014","2014","t","224112","A","Official value",""
"QCL","Crops and livestock products","152","Chile","5510","Production","21111.01","Meat of cattle with the bone, fresh or chilled","2015","2015","t","225261.42","A","Official value",""
"QCL","Crops and livestock products","152","Chile","5510","Production","21111.01","Meat of cattle with the bone, fresh or chilled","2016","2016","t","215022.73","A","Official value",""
"QCL","Crops and livestock products","152","Chile","5510","Production","21111.01","Meat of cattle with the bone, fresh or chilled","2017","2017","t","203104.02","A","Official value",""
"QCL","Crops and livestock products","152","Chile","5510","Production","21111.01","Meat of cattle with the bone, fresh or chilled","2018","2018","t","199314.02","A","Official value",""
"QCL","Crops and livestock products","152","Chile","5510","Production","21111.01","Meat of cattle with the bone, fresh or chilled","2019","2019","t","208313.1","A","Official value",""
"QCL","Crops and livestock products","152","Chile","5510","Production","21111.01","Meat of cattle with the bone, fresh or chilled","2020","2020","t","223362.71","A","Official value",""
"QCL","Crops and livestock products","152","Chile","5510","Production","21111.01","Meat of cattle with the bone, fresh or chilled","2021","2021","t","209971.59","A","Official value",""
"QCL","Crops and livestock products","152","Chile","5510","Production","21111.01","Meat of cattle with the bone, fresh or chilled","2022","2022","t","190745.17","A","Official value",""
"QCL","Crops and livestock products","152","Chile","5510","Production","21111.01","Meat of cattle with the bone, fresh or chilled","2023","2023","t","187564.11","A","Official value",""
"QCL","Crops and livestock products","152","Chile","5510","Production","21111.01","Meat of cattle with the bone, fresh or chilled","2024","2024","t","197958.3","A","Official value",""
"QCL","Crops and livestock products","159","China","5510","Production","21111.01","Meat of cattle with the bone, fresh or chilled","2005","2005","t","5133544","E","Estimated value",""
"QCL","Crops and livestock products","159","China","5510","Production","21111.01","Meat of cattle with the bone, fresh or chilled","2006","2006","t","5333410","E","Estimated value",""
"QCL","Crops and livestock products","159","China","5510","Production","21111.01","Meat of cattle with the bone, fresh or chilled","2007","2007","t","5654618","E","Estimated value",""
"QCL","Crops and livestock products","159","China","5510","Production","21111.01","Meat of cattle with the bone, fresh or chilled","2008","2008","t","5573776","E","Estimated value",""
"QCL","Crops and livestock products","159","China","5510","Production","21111.01","Meat of cattle with the bone, fresh or chilled","2009","2009","t","5650689","E","Estimated value",""
"QCL","Crops and livestock products","159","China","5510","Production","21111.01","Meat of cattle with the bone, fresh or chilled","2010","2010","t","5676946","E","Estimated value",""
"QCL","Crops and livestock products","159","China","5510","Production","21111.01","Meat of cattle with the bone, fresh or chilled","2011","2011","t","5511545","E","Estimated value",""
"QCL","Crops and livestock products","159","China","5510","Production","21111.01","Meat of cattle with the bone, fresh or chilled","2012","2012","t","5547100","E","Estimated value",""
"QCL","Crops and livestock products","159","China","5510","Production","21111.01","Meat of cattle with the bone, fresh or chilled","2013","2013","t","5532760","E","Estimated value",""
"QCL","Crops and livestock products","159","China","5510","Production","21111.01","Meat of cattle with the bone, fresh or chilled","2014","2014","t","5556252.17","E","Estimated value",""
"QCL","Crops and livestock products","159","China","5510","Production","21111.01","Meat of cattle with the bone, fresh or chilled","2015","2015","t","5566157.5","E","Estimated value",""
"QCL","Crops and livestock products","159","China","5510","Production","21111.01","Meat of cattle with the bone, fresh or chilled","2016","2016","t","5565957.12","E","Estimated value",""
"QCL","Crops and livestock products","159","China","5510","Production","21111.01","Meat of cattle with the bone, fresh or chilled","2017","2017","t","5725595.82","E","Estimated value",""
"QCL","Crops and livestock products","159","China","5510","Production","21111.01","Meat of cattle with the bone, fresh or chilled","2018","2018","t","5810391.02","E","Estimated value",""
"QCL","Crops and livestock products","159","China","5510","Production","21111.01","Meat of cattle with the bone, fresh or chilled","2019","2019","t","6019955.34","E","Estimated value",""
"QCL","Crops and livestock products","159","China","5510","Production","21111.01","Meat of cattle with the bone, fresh or chilled","2020","2020","t","6066399.94","E","Estimated value",""
"QCL","Crops and livestock products","159","China","5510","Production","21111.01","Meat of cattle with the bone, fresh or chilled","2021","2021","t","6292087.57","E","Estimated value",""
"QCL","Crops and livestock products","159","China","5510","Production","21111.01","Meat of cattle with the bone, fresh or chilled","2022","2022","t","6479414.82","E","Estimated value",""
"QCL","Crops and livestock products","159","China","5510","Production","21111.01","Meat of cattle with the bone, fresh or chilled","2023","2023","t","6789201.45","E","Estimated value",""
"QCL","Crops and livestock products","159","China","5510","Production","21111.01","Meat of cattle with the bone, fresh or chilled","2024","2024","t","7026372.52","E","Estimated value",""
"QCL","Crops and livestock products","344","China, Hong Kong SAR","5510","Production","21111.01","Meat of cattle with the bone, fresh or chilled","2005","2005","t","14000","X","Value from external organization","Unofficial figure"
"QCL","Crops and livestock products","344","China, Hong Kong SAR","5510","Production","21111.01","Meat of cattle with the bone, fresh or chilled","2006","2006","t","14000","X","Value from external organization","Unofficial figure"
"QCL","Crops and livestock products","344","China, Hong Kong SAR","5510","Production","21111.01","Meat of cattle with the bone, fresh or chilled","2007","2007","t","12400","E","Estimated value",""
"QCL","Crops and livestock products","344","China, Hong Kong SAR","5510","Production","21111.01","Meat of cattle with the bone, fresh or chilled","2008","2008","t","8600","E","Estimated value",""
"QCL","Crops and livestock products","344","China, Hong Kong SAR","5510","Production","21111.01","Meat of cattle with the bone, fresh or chilled","2009","2009","t","8500","E","Estimated value",""
"QCL","Crops and livestock products","344","China, Hong Kong SAR","5510","Production","21111.01","Meat of cattle with the bone, fresh or chilled","2010","2010","t","8500","E","Estimated value",""
"QCL","Crops and livestock products","344","China, Hong Kong SAR","5510","Production","21111.01","Meat of cattle with the bone, fresh or chilled","2011","2011","t","8500","E","Estimated value",""
"QCL","Crops and livestock products","344","China, Hong Kong SAR","5510","Production","21111.01","Meat of cattle with the bone, fresh or chilled","2012","2012","t","7800","E","Estimated value",""
"QCL","Crops and livestock products","344","China, Hong Kong SAR","5510","Production","21111.01","Meat of cattle with the bone, fresh or chilled","2013","2013","t","7900","E","Estimated value",""
"QCL","Crops and livestock products","344","China, Hong Kong SAR","5510","Production","21111.01","Meat of cattle with the bone, fresh or chilled","2014","2014","t","7537.55","I","Value imputed by a receiving agency",""
"QCL","Crops and livestock products","344","China, Hong Kong SAR","5510","Production","21111.01","Meat of cattle with the bone, fresh or chilled","2015","2015","t","6900","E","Estimated value",""
"QCL","Crops and livestock products","344","China, Hong Kong SAR","5510","Production","21111.01","Meat of cattle with the bone, fresh or chilled","2016","2016","t","6600","E","Estimated value",""
"QCL","Crops and livestock products","344","China, Hong Kong SAR","5510","Production","21111.01","Meat of cattle with the bone, fresh or chilled","2017","2017","t","6600","E","Estimated value",""
"QCL","Crops and livestock products","344","China, Hong Kong SAR","5510","Production","21111.01","Meat of cattle with the bone, fresh or chilled","2018","2018","t","6460.77","I","Value imputed by a receiving agency",""
"QCL","Crops and livestock products","344","China, Hong Kong SAR","5510","Production","21111.01","Meat of cattle with the bone, fresh or chilled","2019","2019","t","6417.38","I","Value imputed by a receiving agency",""
"QCL","Crops and livestock products","344","China, Hong Kong SAR","5510","Production","21111.01","Meat of cattle with the bone, fresh or chilled","2020","2020","t","6254.7","I","Value imputed by a receiving agency",""
"QCL","Crops and livestock products","344","China, Hong Kong SAR","5510","Production","21111.01","Meat of cattle with the bone, fresh or chilled","2021","2021","t","6126.31","I","Value imputed by a receiving agency",""
"QCL","Crops and livestock products","344","China, Hong Kong SAR","5510","Production","21111.01","Meat of cattle with the bone, fresh or chilled","2022","2022","t","6024.37","I","Value imputed by a receiving agency",""
"QCL","Crops and livestock products","344","China, Hong Kong SAR","5510","Production","21111.01","Meat of cattle with the bone, fresh or chilled","2023","2023","t","6000","E","Estimated value",""
"QCL","Crops and livestock products","344","China, Hong Kong SAR","5510","Production","21111.01","Meat of cattle with the bone, fresh or chilled","2024","2024","t","5802.01","I","Value imputed by a receiving agency",""
"QCL","Crops and livestock products","446","China, Macao SAR","5510","Production","21111.01","Meat of cattle with the bone, fresh or chilled","2005","2005","t","1071","A","Official value",""
"QCL","Crops and livestock products","446","China, Macao SAR","5510","Production","21111.01","Meat of cattle with the bone, fresh or chilled","2006","2006","t","1239","A","Official value",""
"QCL","Crops and livestock products","446","China, Macao SAR","5510","Production","21111.01","Meat of cattle with the bone, fresh or chilled","2007","2007","t","1170","A","Official value",""
"QCL","Crops and livestock products","446","China, Macao SAR","5510","Production","21111.01","Meat of cattle with the bone, fresh or chilled","2008","2008","t","811","A","Official value",""
"QCL","Crops and livestock products","446","China, Macao SAR","5510","Production","21111.01","Meat of cattle with the bone, fresh or chilled","2009","2009","t","908","A","Official value",""
"QCL","Crops and livestock products","446","China, Macao SAR","5510","Production","21111.01","Meat of cattle with the bone, fresh or chilled","2010","2010","t","898","A","Official value",""
"QCL","Crops and livestock products","446","China, Macao SAR","5510","Production","21111.01","Meat of cattle with the bone, fresh or chilled","2011","2011","t","918","A","Official value",""
"QCL","Crops and livestock products","446","China, Macao SAR","5510","Production","21111.01","Meat of cattle with the bone, fresh or chilled","2012","2012","t","788","A","Official value",""
"QCL","Crops and livestock products","446","China, Macao SAR","5510","Production","21111.01","Meat of cattle with the bone, fresh or chilled","2013","2013","t","800","E","Estimated value",""
"QCL","Crops and livestock products","446","China, Macao SAR","5510","Production","21111.01","Meat of cattle with the bone, fresh or chilled","2014","2014","t","834.62","I","Value imputed by a receiving agency",""
"QCL","Crops and livestock products","446","China, Macao SAR","5510","Production","21111.01","Meat of cattle with the bone, fresh or chilled","2015","2015","t","847.5","I","Value imputed by a receiving agency",""
"QCL","Crops and livestock products","446","China, Macao SAR","5510","Production","21111.01","Meat of cattle with the bone, fresh or chilled","2016","2016","t","833.12","I","Value imputed by a receiving agency",""
"QCL","Crops and livestock products","446","China, Macao SAR","5510","Production","21111.01","Meat of cattle with the bone, fresh or chilled","2017","2017","t","810.82","I","Value imputed by a receiving agency",""
"QCL","Crops and livestock products","446","China, Macao SAR","5510","Production","21111.01","Meat of cattle with the bone, fresh or chilled","2018","2018","t","790.26","I","Value imputed by a receiving agency",""
"QCL","Crops and livestock products","446","China, Macao SAR","5510","Production","21111.01","Meat of cattle with the bone, fresh or chilled","2019","2019","t","768.65","I","Value imputed by a receiving agency",""
"QCL","Crops and livestock products","446","China, Macao SAR","5510","Production","21111.01","Meat of cattle with the bone, fresh or chilled","2020","2020","t","766.69","I","Value imputed by a receiving agency",""
"QCL","Crops and livestock products","446","China, Macao SAR","5510","Production","21111.01","Meat of cattle with the bone, fresh or chilled","2021","2021","t","778.73","I","Value imputed by a receiving agency",""
"QCL","Crops and livestock products","446","China, Macao SAR","5510","Production","21111.01","Meat of cattle with the bone, fresh or chilled","2022","2022","t","778.39","I","Value imputed by a receiving agency",""
"QCL","Crops and livestock products","446","China, Macao SAR","5510","Production","21111.01","Meat of cattle with the bone, fresh or chilled","2023","2023","t","769.45","I","Value imputed by a receiving agency",""
"QCL","Crops and livestock products","446","China, Macao SAR","5510","Production","21111.01","Meat of cattle with the bone, fresh or chilled","2024","2024","t","760.51","I","Value imputed by a receiving agency",""
"QCL","Crops and livestock products","156","China, mainland","5510","Production","21111.01","Meat of cattle with the bone, fresh or chilled","2005","2005","t","5112900","E","Estimated value",""
"QCL","Crops and livestock products","156","China, mainland","5510","Production","21111.01","Meat of cattle with the bone, fresh or chilled","2006","2006","t","5312970","E","Estimated value",""
"QCL","Crops and livestock products","156","China, mainland","5510","Production","21111.01","Meat of cattle with the bone, fresh or chilled","2007","2007","t","5635980","E","Estimated value",""
"QCL","Crops and livestock products","156","China, mainland","5510","Production","21111.01","Meat of cattle with the bone, fresh or chilled","2008","2008","t","5559120","E","Estimated value",""
"QCL","Crops and livestock products","156","China, mainland","5510","Production","21111.01","Meat of cattle with the bone, fresh or chilled","2009","2009","t","5635620","E","Estimated value",""
"QCL","Crops and livestock products","156","China, mainland","5510","Production","21111.01","Meat of cattle with the bone, fresh or chilled","2010","2010","t","5661630","E","Estimated value",""
"QCL","Crops and livestock products","156","China, mainland","5510","Production","21111.01","Meat of cattle with the bone, fresh or chilled","2011","2011","t","5496390","E","Estimated value",""
"QCL","Crops and livestock products","156","China, mainland","5510","Production","21111.01","Meat of cattle with the bone, fresh or chilled","2012","2012","t","5532750","E","Estimated value",""
"QCL","Crops and livestock products","156","China, mainland","5510","Production","21111.01","Meat of cattle with the bone, fresh or chilled","2013","2013","t","5517810","E","Estimated value",""
"QCL","Crops and livestock products","156","China, mainland","5510","Production","21111.01","Meat of cattle with the bone, fresh or chilled","2014","2014","t","5541480","E","Estimated value",""
"QCL","Crops and livestock products","156","China, mainland","5510","Production","21111.01","Meat of cattle with the bone, fresh or chilled","2015","2015","t","5552010","E","Estimated value",""
"QCL","Crops and livestock products","156","China, mainland","5510","Production","21111.01","Meat of cattle with the bone, fresh or chilled","2016","2016","t","5552190","E","Estimated value",""
"QCL","Crops and livestock products","156","China, mainland","5510","Production","21111.01","Meat of cattle with the bone, fresh or chilled","2017","2017","t","5711580","E","Estimated value",""
"QCL","Crops and livestock products","156","China, mainland","5510","Production","21111.01","Meat of cattle with the bone, fresh or chilled","2018","2018","t","5796540","E","Estimated value",""
"QCL","Crops and livestock products","156","China, mainland","5510","Production","21111.01","Meat of cattle with the bone, fresh or chilled","2019","2019","t","6005800","E","Estimated value",""
"QCL","Crops and livestock products","156","China, mainland","5510","Production","21111.01","Meat of cattle with the bone, fresh or chilled","2020","2020","t","6052050","E","Estimated value",""
"QCL","Crops and livestock products","156","China, mainland","5510","Production","21111.01","Meat of cattle with the bone, fresh or chilled","2021","2021","t","6277590","E","Estimated value",""
"QCL","Crops and livestock products","156","China, mainland","5510","Production","21111.01","Meat of cattle with the bone, fresh or chilled","2022","2022","t","6464340","E","Estimated value",""
"QCL","Crops and livestock products","156","China, mainland","5510","Production","21111.01","Meat of cattle with the bone, fresh or chilled","2023","2023","t","6774120","E","Estimated value",""
"QCL","Crops and livestock products","156","China, mainland","5510","Production","21111.01","Meat of cattle with the bone, fresh or chilled","2024","2024","t","7011810","E","Estimated value",""
"QCL","Crops and livestock products","158","China, Taiwan Province of","5510","Production","21111.01","Meat of cattle with the bone, fresh or chilled","2005","2005","t","5573","X","Value from external organization","Unofficial figure"
"QCL","Crops and livestock products","158","China, Taiwan Province of","5510","Production","21111.01","Meat of cattle with the bone, fresh or chilled","2006","2006","t","5201","X","Value from external organization","Unofficial figure"
"QCL","Crops and livestock products","158","China, Taiwan Province of","5510","Production","21111.01","Meat of cattle with the bone, fresh or chilled","2007","2007","t","5068","X","Value from external organization","Unofficial figure"
"QCL","Crops and livestock products","158","China, Taiwan Province of","5510","Production","21111.01","Meat of cattle with the bone, fresh or chilled","2008","2008","t","5245","X","Value from external organization","Unofficial figure"
"QCL","Crops and livestock products","158","China, Taiwan Province of","5510","Production","21111.01","Meat of cattle with the bone, fresh or chilled","2009","2009","t","5661","X","Value from external organization","Unofficial figure"
"QCL","Crops and livestock products","158","China, Taiwan Province of","5510","Production","21111.01","Meat of cattle with the bone, fresh or chilled","2010","2010","t","5918","X","Value from external organization","Unofficial figure"
"QCL","Crops and livestock products","158","China, Taiwan Province of","5510","Production","21111.01","Meat of cattle with the bone, fresh or chilled","2011","2011","t","5737","X","Value from external organization","Unofficial figure"
"QCL","Crops and livestock products","158","China, Taiwan Province of","5510","Production","21111.01","Meat of cattle with the bone, fresh or chilled","2012","2012","t","5762","X","Value from external organization","Unofficial figure"
"QCL","Crops and livestock products","158","China, Taiwan Province of","5510","Production","21111.01","Meat of cattle with the bone, fresh or chilled","2013","2013","t","6250","X","Value from external organization","Unofficial figure"
"QCL","Crops and livestock products","158","China, Taiwan Province of","5510","Production","21111.01","Meat of cattle with the bone, fresh or chilled","2014","2014","t","6400","X","Value from external organization","Unofficial figure"
"QCL","Crops and livestock products","158","China, Taiwan Province of","5510","Production","21111.01","Meat of cattle with the bone, fresh or chilled","2015","2015","t","6400","X","Value from external organization","Unofficial figure"
"QCL","Crops and livestock products","158","China, Taiwan Province of","5510","Production","21111.01","Meat of cattle with the bone, fresh or chilled","2016","2016","t","6334","E","Estimated value",""
"QCL","Crops and livestock products","158","China, Taiwan Province of","5510","Production","21111.01","Meat of cattle with the bone, fresh or chilled","2017","2017","t","6605","E","Estimated value",""
"QCL","Crops and livestock products","158","China, Taiwan Province of","5510","Production","21111.01","Meat of cattle with the bone, fresh or chilled","2018","2018","t","6600","E","Estimated value",""
"QCL","Crops and livestock products","158","China, Taiwan Province of","5510","Production","21111.01","Meat of cattle with the bone, fresh or chilled","2019","2019","t","6969.32","I","Value imputed by a receiving agency",""
"QCL","Crops and livestock products","158","China, Taiwan Province of","5510","Production","21111.01","Meat of cattle with the bone, fresh or chilled","2020","2020","t","7328.54","I","Value imputed by a receiving agency",""
"QCL","Crops and livestock products","158","China, Taiwan Province of","5510","Production","21111.01","Meat of cattle with the bone, fresh or chilled","2021","2021","t","7592.53","I","Value imputed by a receiving agency",""
"QCL","Crops and livestock products","158","China, Taiwan Province of","5510","Production","21111.01","Meat of cattle with the bone, fresh or chilled","2022","2022","t","8272.06","A","Official value",""
"QCL","Crops and livestock products","158","China, Taiwan Province of","5510","Production","21111.01","Meat of cattle with the bone, fresh or chilled","2023","2023","t","8312","A","Official value",""
"QCL","Crops and livestock products","158","China, Taiwan Province of","5510","Production","21111.01","Meat of cattle with the bone, fresh or chilled","2024","2024","t","8000","X","Value from external organization","Unofficial figure"
"QCL","Crops and livestock products","170","Colombia","5510","Production","21111.01","Meat of cattle with the bone, fresh or chilled","2005","2005","t","792168","A","Official value",""
"QCL","Crops and livestock products","170","Colombia","5510","Production","21111.01","Meat of cattle with the bone, fresh or chilled","2006","2006","t","827220","A","Official value",""
"QCL","Crops and livestock products","170","Colombia","5510","Production","21111.01","Meat of cattle with the bone, fresh or chilled","2007","2007","t","856261","A","Official value",""
"QCL","Crops and livestock products","170","Colombia","5510","Production","21111.01","Meat of cattle with the bone, fresh or chilled","2008","2008","t","917368","A","Official value",""
"QCL","Crops and livestock products","170","Colombia","5510","Production","21111.01","Meat of cattle with the bone, fresh or chilled","2009","2009","t","810068","A","Official value",""
"QCL","Crops and livestock products","170","Colombia","5510","Production","21111.01","Meat of cattle with the bone, fresh or chilled","2010","2010","t","766591","A","Official value",""
"QCL","Crops and livestock products","170","Colombia","5510","Production","21111.01","Meat of cattle with the bone, fresh or chilled","2011","2011","t","820984.7","A","Official value",""
"QCL","Crops and livestock products","170","Colombia","5510","Production","21111.01","Meat of cattle with the bone, fresh or chilled","2012","2012","t","854231.61","A","Official value",""
"QCL","Crops and livestock products","170","Colombia","5510","Production","21111.01","Meat of cattle with the bone, fresh or chilled","2013","2013","t","856232.26","A","Official value",""
"QCL","Crops and livestock products","170","Colombia","5510","Production","21111.01","Meat of cattle with the bone, fresh or chilled","2014","2014","t","837384.17","A","Official value",""
"QCL","Crops and livestock products","170","Colombia","5510","Production","21111.01","Meat of cattle with the bone, fresh or chilled","2015","2015","t","854314","A","Official value",""
"QCL","Crops and livestock products","170","Colombia","5510","Production","21111.01","Meat of cattle with the bone, fresh or chilled","2016","2016","t","796544","A","Official value",""
"QCL","Crops and livestock products","170","Colombia","5510","Production","21111.01","Meat of cattle with the bone, fresh or chilled","2017","2017","t","761374.86","A","Official value",""
"QCL","Crops and livestock products","170","Colombia","5510","Production","21111.01","Meat of cattle with the bone, fresh or chilled","2018","2018","t","771324.28","A","Official value",""
"QCL","Crops and livestock products","170","Colombia","5510","Production","21111.01","Meat of cattle with the bone, fresh or chilled","2019","2019","t","769959.9","A","Official value",""
"QCL","Crops and livestock products","170","Colombia","5510","Production","21111.01","Meat of cattle with the bone, fresh or chilled","2020","2020","t","743901","A","Official value",""
"QCL","Crops and livestock products","170","Colombia","5510","Production","21111.01","Meat of cattle with the bone, fresh or chilled","2021","2021","t","758736.88","A","Official value",""
"QCL","Crops and livestock products","170","Colombia","5510","Production","21111.01","Meat of cattle with the bone, fresh or chilled","2022","2022","t","709599","A","Official value",""
"QCL","Crops and livestock products","170","Colombia","5510","Production","21111.01","Meat of cattle with the bone, fresh or chilled","2023","2023","t","707003","A","Official value",""
"QCL","Crops and livestock products","170","Colombia","5510","Production","21111.01","Meat of cattle with the bone, fresh or chilled","2024","2024","t","731624.83","A","Official value",""
"QCL","Crops and livestock products","174","Comoros","5510","Production","21111.01","Meat of cattle with the bone, fresh or chilled","2005","2005","t","1100","E","Estimated value",""
"QCL","Crops and livestock products","174","Comoros","5510","Production","21111.01","Meat of cattle with the bone, fresh or chilled","2006","2006","t","1265","E","Estimated value",""
"QCL","Crops and livestock products","174","Comoros","5510","Production","21111.01","Meat of cattle with the bone, fresh or chilled","2007","2007","t","1232","E","Estimated value",""
"QCL","Crops and livestock products","174","Comoros","5510","Production","21111.01","Meat of cattle with the bone, fresh or chilled","2008","2008","t","1232","E","Estimated value",""
"QCL","Crops and livestock products","174","Comoros","5510","Production","21111.01","Meat of cattle with the bone, fresh or chilled","2009","2009","t","1243","E","Estimated value",""
"QCL","Crops and livestock products","174","Comoros","5510","Production","21111.01","Meat of cattle with the bone, fresh or chilled","2010","2010","t","1243","E","Estimated value",""
"QCL","Crops and livestock products","174","Comoros","5510","Production","21111.01","Meat of cattle with the bone, fresh or chilled","2011","2011","t","1243","E","Estimated value",""
"QCL","Crops and livestock products","174","Comoros","5510","Production","21111.01","Meat of cattle with the bone, fresh or chilled","2012","2012","t","1265","E","Estimated value",""
"QCL","Crops and livestock products","174","Comoros","5510","Production","21111.01","Meat of cattle with the bone, fresh or chilled","2013","2013","t","1265","E","Estimated value",""
"QCL","Crops and livestock products","174","Comoros","5510","Production","21111.01","Meat of cattle with the bone, fresh or chilled","2014","2014","t","1232.92","I","Value imputed by a receiving agency",""
"QCL","Crops and livestock products","174","Comoros","5510","Production","21111.01","Meat of cattle with the bone, fresh or chilled","2015","2015","t","1224.55","I","Value imputed by a receiving agency",""
"QCL","Crops and livestock products","174","Comoros","5510","Production","21111.01","Meat of cattle with the bone, fresh or chilled","2016","2016","t","1212.16","I","Value imputed by a receiving agency",""
"QCL","Crops and livestock products","174","Comoros","5510","Production","21111.01","Meat of cattle with the bone, fresh or chilled","2017","2017","t","1225","I","Value imputed by a receiving agency",""
"QCL","Crops and livestock products","174","Comoros","5510","Production","21111.01","Meat of cattle with the bone, fresh or chilled","2018","2018","t","1231.89","I","Value imputed by a receiving agency",""
"QCL","Crops and livestock products","174","Comoros","5510","Production","21111.01","Meat of cattle with the bone, fresh or chilled","2019","2019","t","1232.51","I","Value imputed by a receiving agency",""
"QCL","Crops and livestock products","174","Comoros","5510","Production","21111.01","Meat of cattle with the bone, fresh or chilled","2020","2020","t","1225.53","I","Value imputed by a receiving agency",""
"QCL","Crops and livestock products","174","Comoros","5510","Production","21111.01","Meat of cattle with the bone, fresh or chilled","2021","2021","t","1226.64","I","Value imputed by a receiving agency",""
"QCL","Crops and livestock products","174","Comoros","5510","Production","21111.01","Meat of cattle with the bone, fresh or chilled","2022","2022","t","1223.16","I","Value imputed by a receiving agency",""
"QCL","Crops and livestock products","174","Comoros","5510","Production","21111.01","Meat of cattle with the bone, fresh or chilled","2023","2023","t","1224.62","I","Value imputed by a receiving agency",""
"QCL","Crops and livestock products","174","Comoros","5510","Production","21111.01","Meat of cattle with the bone, fresh or chilled","2024","2024","t","1226.08","I","Value imputed by a receiving agency",""
"QCL","Crops and livestock products","178","Congo","5510","Production","21111.01","Meat of cattle with the bone, fresh or chilled","2005","2005","t","3744","E","Estimated value",""
"QCL","Crops and livestock products","178","Congo","5510","Production","21111.01","Meat of cattle with the bone, fresh or chilled","2006","2006","t","4680","E","Estimated value",""
"QCL","Crops and livestock products","178","Congo","5510","Production","21111.01","Meat of cattle with the bone, fresh or chilled","2007","2007","t","5538","E","Estimated value",""
"QCL","Crops and livestock products","178","Congo","5510","Production","21111.01","Meat of cattle with the bone, fresh or chilled","2008","2008","t","6080","A","Official value",""
"QCL","Crops and livestock products","178","Congo","5510","Production","21111.01","Meat of cattle with the bone, fresh or chilled","2009","2009","t","5638","A","Official value",""
"QCL","Crops and livestock products","178","Congo","5510","Production","21111.01","Meat of cattle with the bone, fresh or chilled","2010","2010","t","6150","E","Estimated value",""
"QCL","Crops and livestock products","178","Congo","5510","Production","21111.01","Meat of cattle with the bone, fresh or chilled","2011","2011","t","6396","E","Estimated value",""
"QCL","Crops and livestock products","178","Congo","5510","Production","21111.01","Meat of cattle with the bone, fresh or chilled","2012","2012","t","6552","E","Estimated value",""
"QCL","Crops and livestock products","178","Congo","5510","Production","21111.01","Meat of cattle with the bone, fresh or chilled","2013","2013","t","6153.84","I","Value imputed by a receiving agency",""
"QCL","Crops and livestock products","178","Congo","5510","Production","21111.01","Meat of cattle with the bone, fresh or chilled","2014","2014","t","5891.81","I","Value imputed by a receiving agency",""
"QCL","Crops and livestock products","178","Congo","5510","Production","21111.01","Meat of cattle with the bone, fresh or chilled","2015","2015","t","5799.84","I","Value imputed by a receiving agency",""
"QCL","Crops and livestock products","178","Congo","5510","Production","21111.01","Meat of cattle with the bone, fresh or chilled","2016","2016","t","5783.51","I","Value imputed by a receiving agency",""
"QCL","Crops and livestock products","178","Congo","5510","Production","21111.01","Meat of cattle with the bone, fresh or chilled","2017","2017","t","5828.24","I","Value imputed by a receiving agency",""
"QCL","Crops and livestock products","178","Congo","5510","Production","21111.01","Meat of cattle with the bone, fresh or chilled","2018","2018","t","5443.67","I","Value imputed by a receiving agency",""
"QCL","Crops and livestock products","178","Congo","5510","Production","21111.01","Meat of cattle with the bone, fresh or chilled","2019","2019","t","5584.39","I","Value imputed by a receiving agency",""
"QCL","Crops and livestock products","178","Congo","5510","Production","21111.01","Meat of cattle with the bone, fresh or chilled","2020","2020","t","5565.57","I","Value imputed by a receiving agency",""
"QCL","Crops and livestock products","178","Congo","5510","Production","21111.01","Meat of cattle with the bone, fresh or chilled","2021","2021","t","5550.86","I","Value imputed by a receiving agency",""
"QCL","Crops and livestock products","178","Congo","5510","Production","21111.01","Meat of cattle with the bone, fresh or chilled","2022","2022","t","5475.27","I","Value imputed by a receiving agency",""
"QCL","Crops and livestock products","178","Congo","5510","Production","21111.01","Meat of cattle with the bone, fresh or chilled","2023","2023","t","5428.5","I","Value imputed by a receiving agency",""
"QCL","Crops and livestock products","178","Congo","5510","Production","21111.01","Meat of cattle with the bone, fresh or chilled","2024","2024","t","5382.63","I","Value imputed by a receiving agency",""
"QCL","Crops and livestock products","184","Cook Islands","5510","Production","21111.01","Meat of cattle with the bone, fresh or chilled","2005","2005","t","3.7","I","Value imputed by a receiving agency",""
"QCL","Crops and livestock products","184","Cook Islands","5510","Production","21111.01","Meat of cattle with the bone, fresh or chilled","2006","2006","t","3.78","I","Value imputed by a receiving agency",""
"QCL","Crops and livestock products","184","Cook Islands","5510","Production","21111.01","Meat of cattle with the bone, fresh or chilled","2007","2007","t","3.86","I","Value imputed by a receiving agency",""
"QCL","Crops and livestock products","184","Cook Islands","5510","Production","21111.01","Meat of cattle with the bone, fresh or chilled","2008","2008","t","3.95","I","Value imputed by a receiving agency",""
"QCL","Crops and livestock products","184","Cook Islands","5510","Production","21111.01","Meat of cattle with the bone, fresh or chilled","2009","2009","t","4.04","I","Value imputed by a receiving agency",""
"QCL","Crops and livestock products","184","Cook Islands","5510","Production","21111.01","Meat of cattle with the bone, fresh or chilled","2010","2010","t","4.14","I","Value imputed by a receiving agency",""
"QCL","Crops and livestock products","184","Cook Islands","5510","Production","21111.01","Meat of cattle with the bone, fresh or chilled","2011","2011","t","4.69","I","Value imputed by a receiving agency",""
"QCL","Crops and livestock products","184","Cook Islands","5510","Production","21111.01","Meat of cattle with the bone, fresh or chilled","2012","2012","t","4.28","I","Value imputed by a receiving agency",""
"QCL","Crops and livestock products","184","Cook Islands","5510","Production","21111.01","Meat of cattle with the bone, fresh or chilled","2013","2013","t","4.32","I","Value imputed by a receiving agency",""
"QCL","Crops and livestock products","184","Cook Islands","5510","Production","21111.01","Meat of cattle with the bone, fresh or chilled","2014","2014","t","4.36","I","Value imputed by a receiving agency",""
"QCL","Crops and livestock products","184","Cook Islands","5510","Production","21111.01","Meat of cattle with the bone, fresh or chilled","2015","2015","t","4.4","I","Value imputed by a receiving agency",""
"QCL","Crops and livestock products","184","Cook Islands","5510","Production","21111.01","Meat of cattle with the bone, fresh or chilled","2016","2016","t","4.44","I","Value imputed by a receiving agency",""
"QCL","Crops and livestock products","184","Cook Islands","5510","Production","21111.01","Meat of cattle with the bone, fresh or chilled","2017","2017","t","4.48","I","Value imputed by a receiving agency",""
"QCL","Crops and livestock products","184","Cook Islands","5510","Production","21111.01","Meat of cattle with the bone, fresh or chilled","2018","2018","t","4.52","I","Value imputed by a receiving agency",""
"QCL","Crops and livestock products","184","Cook Islands","5510","Production","21111.01","Meat of cattle with the bone, fresh or chilled","2019","2019","t","4.87","E","Estimated value",""
"QCL","Crops and livestock products","184","Cook Islands","5510","Production","21111.01","Meat of cattle with the bone, fresh or chilled","2020","2020","t","4.98","E","Estimated value",""
"QCL","Crops and livestock products","184","Cook Islands","5510","Production","21111.01","Meat of cattle with the bone, fresh or chilled","2021","2021","t","5.45","E","Estimated value",""
"QCL","Crops and livestock products","184","Cook Islands","5510","Production","21111.01","Meat of cattle with the bone, fresh or chilled","2022","2022","t","6.9","I","Value imputed by a receiving agency",""
"QCL","Crops and livestock products","184","Cook Islands","5510","Production","21111.01","Meat of cattle with the bone, fresh or chilled","2023","2023","t","7.06","I","Value imputed by a receiving agency",""
"QCL","Crops and livestock products","184","Cook Islands","5510","Production","21111.01","Meat of cattle with the bone, fresh or chilled","2024","2024","t","7.21","I","Value imputed by a receiving agency",""
"QCL","Crops and livestock products","188","Costa Rica","5510","Production","21111.01","Meat of cattle with the bone, fresh or chilled","2005","2005","t","80741","A","Official value",""
"QCL","Crops and livestock products","188","Costa Rica","5510","Production","21111.01","Meat of cattle with the bone, fresh or chilled","2006","2006","t","75341","A","Official value",""
"QCL","Crops and livestock products","188","Costa Rica","5510","Production","21111.01","Meat of cattle with the bone, fresh or chilled","2007","2007","t","80847","A","Official value",""
"QCL","Crops and livestock products","188","Costa Rica","5510","Production","21111.01","Meat of cattle with the bone, fresh or chilled","2008","2008","t","87524","A","Official value",""
"QCL","Crops and livestock products","188","Costa Rica","5510","Production","21111.01","Meat of cattle with the bone, fresh or chilled","2009","2009","t","94592","A","Official value",""
"QCL","Crops and livestock products","188","Costa Rica","5510","Production","21111.01","Meat of cattle with the bone, fresh or chilled","2010","2010","t","97486","A","Official value",""
"QCL","Crops and livestock products","188","Costa Rica","5510","Production","21111.01","Meat of cattle with the bone, fresh or chilled","2011","2011","t","95999","A","Official value",""
"QCL","Crops and livestock products","188","Costa Rica","5510","Production","21111.01","Meat of cattle with the bone, fresh or chilled","2012","2012","t","87520","A","Official value",""
"QCL","Crops and livestock products","188","Costa Rica","5510","Production","21111.01","Meat of cattle with the bone, fresh or chilled","2013","2013","t","85033","A","Official value",""
"QCL","Crops and livestock products","188","Costa Rica","5510","Production","21111.01","Meat of cattle with the bone, fresh or chilled","2014","2014","t","88196","A","Official value",""
"QCL","Crops and livestock products","188","Costa Rica","5510","Production","21111.01","Meat of cattle with the bone, fresh or chilled","2015","2015","t","82008","A","Official value",""
"QCL","Crops and livestock products","188","Costa Rica","5510","Production","21111.01","Meat of cattle with the bone, fresh or chilled","2016","2016","t","72975","A","Official value",""
"QCL","Crops and livestock products","188","Costa Rica","5510","Production","21111.01","Meat of cattle with the bone, fresh or chilled","2017","2017","t","77994","A","Official value",""
"QCL","Crops and livestock products","188","Costa Rica","5510","Production","21111.01","Meat of cattle with the bone, fresh or chilled","2018","2018","t","81195","A","Official value",""
"QCL","Crops and livestock products","188","Costa Rica","5510","Production","21111.01","Meat of cattle with the bone, fresh or chilled","2019","2019","t","88595","A","Official value",""
"QCL","Crops and livestock products","188","Costa Rica","5510","Production","21111.01","Meat of cattle with the bone, fresh or chilled","2020","2020","t","89769","A","Official value",""
"QCL","Crops and livestock products","188","Costa Rica","5510","Production","21111.01","Meat of cattle with the bone, fresh or chilled","2021","2021","t","93450.15","A","Official value",""
"QCL","Crops and livestock products","188","Costa Rica","5510","Production","21111.01","Meat of cattle with the bone, fresh or chilled","2022","2022","t","89391.57","A","Official value",""
"QCL","Crops and livestock products","188","Costa Rica","5510","Production","21111.01","Meat of cattle with the bone, fresh or chilled","2023","2023","t","86510.36","A","Official value",""
"QCL","Crops and livestock products","188","Costa Rica","5510","Production","21111.01","Meat of cattle with the bone, fresh or chilled","2024","2024","t","94191.44","A","Official value",""
"QCL","Crops and livestock products","384","Côte d'Ivoire","5510","Production","21111.01","Meat of cattle with the bone, fresh or chilled","2005","2005","t","19200","E","Estimated value",""
"QCL","Crops and livestock products","384","Côte d'Ivoire","5510","Production","21111.01","Meat of cattle with the bone, fresh or chilled","2006","2006","t","20200","E","Estimated value",""
"QCL","Crops and livestock products","384","Côte d'Ivoire","5510","Production","21111.01","Meat of cattle with the bone, fresh or chilled","2007","2007","t","18800","E","Estimated value",""
"QCL","Crops and livestock products","384","Côte d'Ivoire","5510","Production","21111.01","Meat of cattle with the bone, fresh or chilled","2008","2008","t","19900","E","Estimated value",""
"QCL","Crops and livestock products","384","Côte d'Ivoire","5510","Production","21111.01","Meat of cattle with the bone, fresh or chilled","2009","2009","t","21800","E","Estimated value",""
"QCL","Crops and livestock products","384","Côte d'Ivoire","5510","Production","21111.01","Meat of cattle with the bone, fresh or chilled","2010","2010","t","22300","E","Estimated value",""
"QCL","Crops and livestock products","384","Côte d'Ivoire","5510","Production","21111.01","Meat of cattle with the bone, fresh or chilled","2011","2011","t","20400","E","Estimated value",""
"QCL","Crops and livestock products","384","Côte d'Ivoire","5510","Production","21111.01","Meat of cattle with the bone, fresh or chilled","2012","2012","t","20200","E","Estimated value",""
"QCL","Crops and livestock products","384","Côte d'Ivoire","5510","Production","21111.01","Meat of cattle with the bone, fresh or chilled","2013","2013","t","20700","E","Estimated value",""
"QCL","Crops and livestock products","384","Côte d'Ivoire","5510","Production","21111.01","Meat of cattle with the bone, fresh or chilled","2014","2014","t","21162.97","I","Value imputed by a receiving agency",""
"QCL","Crops and livestock products","384","Côte d'Ivoire","5510","Production","21111.01","Meat of cattle with the bone, fresh or chilled","2015","2015","t","21711.35","I","Value imputed by a receiving agency",""
"QCL","Crops and livestock products","384","Côte d'Ivoire","5510","Production","21111.01","Meat of cattle with the bone, fresh or chilled","2016","2016","t","22372.81","I","Value imputed by a receiving agency",""
"QCL","Crops and livestock products","384","Côte d'Ivoire","5510","Production","21111.01","Meat of cattle with the bone, fresh or chilled","2017","2017","t","22733.76","I","Value imputed by a receiving agency",""
"QCL","Crops and livestock products","384","Côte d'Ivoire","5510","Production","21111.01","Meat of cattle with the bone, fresh or chilled","2018","2018","t","21605","A","Official value",""
"QCL","Crops and livestock products","384","Côte d'Ivoire","5510","Production","21111.01","Meat of cattle with the bone, fresh or chilled","2019","2019","t","21966","A","Official value",""
"QCL","Crops and livestock products","384","Côte d'Ivoire","5510","Production","21111.01","Meat of cattle with the bone, fresh or chilled","2020","2020","t","22325.75","A","Official value",""
"QCL","Crops and livestock products","384","Côte d'Ivoire","5510","Production","21111.01","Meat of cattle with the bone, fresh or chilled","2021","2021","t","22691.86","A","Official value",""
"QCL","Crops and livestock products","384","Côte d'Ivoire","5510","Production","21111.01","Meat of cattle with the bone, fresh or chilled","2022","2022","t","35825","A","Official value",""
"QCL","Crops and livestock products","384","Côte d'Ivoire","5510","Production","21111.01","Meat of cattle with the bone, fresh or chilled","2023","2023","t","36412","A","Official value",""
"QCL","Crops and livestock products","384","Côte d'Ivoire","5510","Production","21111.01","Meat of cattle with the bone, fresh or chilled","2024","2024","t","37009","A","Official value",""
"QCL","Crops and livestock products","191","Croatia","5510","Production","21111.01","Meat of cattle with the bone, fresh or chilled","2005","2005","t","32800","A","Official value",""
"QCL","Crops and livestock products","191","Croatia","5510","Production","21111.01","Meat of cattle with the bone, fresh or chilled","2006","2006","t","36230","A","Official value",""
"QCL","Crops and livestock products","191","Croatia","5510","Production","21111.01","Meat of cattle with the bone, fresh or chilled","2007","2007","t","33400","A","Official value",""
"QCL","Crops and livestock products","191","Croatia","5510","Production","21111.01","Meat of cattle with the bone, fresh or chilled","2008","2008","t","35700","X","Value from external organization","Unofficial figure"
"QCL","Crops and livestock products","191","Croatia","5510","Production","21111.01","Meat of cattle with the bone, fresh or chilled","2009","2009","t","36800","X","Value from external organization","Unofficial figure"
"QCL","Crops and livestock products","191","Croatia","5510","Production","21111.01","Meat of cattle with the bone, fresh or chilled","2010","2010","t","37500","X","Value from external organization","Unofficial figure"
"QCL","Crops and livestock products","191","Croatia","5510","Production","21111.01","Meat of cattle with the bone, fresh or chilled","2011","2011","t","36200","X","Value from external organization","Unofficial figure"
"QCL","Crops and livestock products","191","Croatia","5510","Production","21111.01","Meat of cattle with the bone, fresh or chilled","2012","2012","t","47100","A","Official value",""
"QCL","Crops and livestock products","191","Croatia","5510","Production","21111.01","Meat of cattle with the bone, fresh or chilled","2013","2013","t","47400","A","Official value",""
"QCL","Crops and livestock products","191","Croatia","5510","Production","21111.01","Meat of cattle with the bone, fresh or chilled","2014","2014","t","44300","A","Official value",""
"QCL","Crops and livestock products","191","Croatia","5510","Production","21111.01","Meat of cattle with the bone, fresh or chilled","2015","2015","t","42000","A","Official value",""
"QCL","Crops and livestock products","191","Croatia","5510","Production","21111.01","Meat of cattle with the bone, fresh or chilled","2016","2016","t","44709","A","Official value",""
"QCL","Crops and livestock products","191","Croatia","5510","Production","21111.01","Meat of cattle with the bone, fresh or chilled","2017","2017","t","42562","A","Official value",""
"QCL","Crops and livestock products","191","Croatia","5510","Production","21111.01","Meat of cattle with the bone, fresh or chilled","2018","2018","t","43780","A","Official value",""
"QCL","Crops and livestock products","191","Croatia","5510","Production","21111.01","Meat of cattle with the bone, fresh or chilled","2019","2019","t","45430","A","Official value",""
"QCL","Crops and livestock products","191","Croatia","5510","Production","21111.01","Meat of cattle with the bone, fresh or chilled","2020","2020","t","43370","A","Official value",""
"QCL","Crops and livestock products","191","Croatia","5510","Production","21111.01","Meat of cattle with the bone, fresh or chilled","2021","2021","t","43180","A","Official value",""
"QCL","Crops and livestock products","191","Croatia","5510","Production","21111.01","Meat of cattle with the bone, fresh or chilled","2022","2022","t","41230","A","Official value",""
"QCL","Crops and livestock products","191","Croatia","5510","Production","21111.01","Meat of cattle with the bone, fresh or chilled","2023","2023","t","41180","A","Official value",""
"QCL","Crops and livestock products","191","Croatia","5510","Production","21111.01","Meat of cattle with the bone, fresh or chilled","2024","2024","t","42480","A","Official value",""
"QCL","Crops and livestock products","192","Cuba","5510","Production","21111.01","Meat of cattle with the bone, fresh or chilled","2005","2005","t","59900","A","Official value",""
"QCL","Crops and livestock products","192","Cuba","5510","Production","21111.01","Meat of cattle with the bone, fresh or chilled","2006","2006","t","55650","A","Official value",""
"QCL","Crops and livestock products","192","Cuba","5510","Production","21111.01","Meat of cattle with the bone, fresh or chilled","2007","2007","t","54050","A","Official value",""
"QCL","Crops and livestock products","192","Cuba","5510","Production","21111.01","Meat of cattle with the bone, fresh or chilled","2008","2008","t","61950","A","Official value",""
"QCL","Crops and livestock products","192","Cuba","5510","Production","21111.01","Meat of cattle with the bone, fresh or chilled","2009","2009","t","65000","A","Official value",""
"QCL","Crops and livestock products","192","Cuba","5510","Production","21111.01","Meat of cattle with the bone, fresh or chilled","2010","2010","t","63500","A","Official value",""
"QCL","Crops and livestock products","192","Cuba","5510","Production","21111.01","Meat of cattle with the bone, fresh or chilled","2011","2011","t","66500","A","Official value",""
"QCL","Crops and livestock products","192","Cuba","5510","Production","21111.01","Meat of cattle with the bone, fresh or chilled","2012","2012","t","67050","A","Official value",""
"QCL","Crops and livestock products","192","Cuba","5510","Production","21111.01","Meat of cattle with the bone, fresh or chilled","2013","2013","t","66900","A","Official value",""
"QCL","Crops and livestock products","192","Cuba","5510","Production","21111.01","Meat of cattle with the bone, fresh or chilled","2014","2014","t","71350","A","Official value",""
"QCL","Crops and livestock products","192","Cuba","5510","Production","21111.01","Meat of cattle with the bone, fresh or chilled","2015","2015","t","75600","A","Official value",""
"QCL","Crops and livestock products","192","Cuba","5510","Production","21111.01","Meat of cattle with the bone, fresh or chilled","2016","2016","t","83800","A","Official value",""
"QCL","Crops and livestock products","192","Cuba","5510","Production","21111.01","Meat of cattle with the bone, fresh or chilled","2017","2017","t","83550","A","Official value",""
"QCL","Crops and livestock products","192","Cuba","5510","Production","21111.01","Meat of cattle with the bone, fresh or chilled","2018","2018","t","89050","X","Value from external organization","Unofficial figure"
"QCL","Crops and livestock products","192","Cuba","5510","Production","21111.01","Meat of cattle with the bone, fresh or chilled","2019","2019","t","70150","X","Value from external organization","Unofficial figure"
"QCL","Crops and livestock products","192","Cuba","5510","Production","21111.01","Meat of cattle with the bone, fresh or chilled","2020","2020","t","62200","X","Value from external organization","Unofficial figure"
"QCL","Crops and livestock products","192","Cuba","5510","Production","21111.01","Meat of cattle with the bone, fresh or chilled","2021","2021","t","81600","X","Value from external organization","Unofficial figure"
"QCL","Crops and livestock products","192","Cuba","5510","Production","21111.01","Meat of cattle with the bone, fresh or chilled","2022","2022","t","86150","X","Value from external organization","Unofficial figure"
"QCL","Crops and livestock products","192","Cuba","5510","Production","21111.01","Meat of cattle with the bone, fresh or chilled","2023","2023","t","70000","X","Value from external organization","Unofficial figure"
"QCL","Crops and livestock products","192","Cuba","5510","Production","21111.01","Meat of cattle with the bone, fresh or chilled","2024","2024","t","60208.81","I","Value imputed by a receiving agency",""
"QCL","Crops and livestock products","196","Cyprus","5510","Production","21111.01","Meat of cattle with the bone, fresh or chilled","2005","2005","t","4182","A","Official value",""
"QCL","Crops and livestock products","196","Cyprus","5510","Production","21111.01","Meat of cattle with the bone, fresh or chilled","2006","2006","t","4003","A","Official value",""
"QCL","Crops and livestock products","196","Cyprus","5510","Production","21111.01","Meat of cattle with the bone, fresh or chilled","2007","2007","t","3920","A","Official value",""
"QCL","Crops and livestock products","196","Cyprus","5510","Production","21111.01","Meat of cattle with the bone, fresh or chilled","2008","2008","t","4248","A","Official value",""
"QCL","Crops and livestock products","196","Cyprus","5510","Production","21111.01","Meat of cattle with the bone, fresh or chilled","2009","2009","t","4505","A","Official value",""
"QCL","Crops and livestock products","196","Cyprus","5510","Production","21111.01","Meat of cattle with the bone, fresh or chilled","2010","2010","t","4479","A","Official value",""
"QCL","Crops and livestock products","196","Cyprus","5510","Production","21111.01","Meat of cattle with the bone, fresh or chilled","2011","2011","t","4827","A","Official value",""
"QCL","Crops and livestock products","196","Cyprus","5510","Production","21111.01","Meat of cattle with the bone, fresh or chilled","2012","2012","t","5313","A","Official value",""
"QCL","Crops and livestock products","196","Cyprus","5510","Production","21111.01","Meat of cattle with the bone, fresh or chilled","2013","2013","t","4562","A","Official value",""
"QCL","Crops and livestock products","196","Cyprus","5510","Production","21111.01","Meat of cattle with the bone, fresh or chilled","2014","2014","t","4573","A","Official value",""
"QCL","Crops and livestock products","196","Cyprus","5510","Production","21111.01","Meat of cattle with the bone, fresh or chilled","2015","2015","t","4953","A","Official value",""
"QCL","Crops and livestock products","196","Cyprus","5510","Production","21111.01","Meat of cattle with the bone, fresh or chilled","2016","2016","t","4953.7","A","Official value",""
"QCL","Crops and livestock products","196","Cyprus","5510","Production","21111.01","Meat of cattle with the bone, fresh or chilled","2017","2017","t","5101.1","A","Official value",""
"QCL","Crops and livestock products","196","Cyprus","5510","Production","21111.01","Meat of cattle with the bone, fresh or chilled","2018","2018","t","5280","A","Official value",""
"QCL","Crops and livestock products","196","Cyprus","5510","Production","21111.01","Meat of cattle with the bone, fresh or chilled","2019","2019","t","5610","A","Official value",""
"QCL","Crops and livestock products","196","Cyprus","5510","Production","21111.01","Meat of cattle with the bone, fresh or chilled","2020","2020","t","4640","A","Official value",""
"QCL","Crops and livestock products","196","Cyprus","5510","Production","21111.01","Meat of cattle with the bone, fresh or chilled","2021","2021","t","5900","A","Official value",""
"QCL","Crops and livestock products","196","Cyprus","5510","Production","21111.01","Meat of cattle with the bone, fresh or chilled","2022","2022","t","5490","A","Official value",""
"QCL","Crops and livestock products","196","Cyprus","5510","Production","21111.01","Meat of cattle with the bone, fresh or chilled","2023","2023","t","5060","A","Official value",""
"QCL","Crops and livestock products","196","Cyprus","5510","Production","21111.01","Meat of cattle with the bone, fresh or chilled","2024","2024","t","5640","A","Official value",""
"QCL","Crops and livestock products","203","Czechia","5510","Production","21111.01","Meat of cattle with the bone, fresh or chilled","2005","2005","t","81031","A","Official value",""
"QCL","Crops and livestock products","203","Czechia","5510","Production","21111.01","Meat of cattle with the bone, fresh or chilled","2006","2006","t","79187","A","Official value",""
"QCL","Crops and livestock products","203","Czechia","5510","Production","21111.01","Meat of cattle with the bone, fresh or chilled","2007","2007","t","79328","A","Official value",""
"QCL","Crops and livestock products","203","Czechia","5510","Production","21111.01","Meat of cattle with the bone, fresh or chilled","2008","2008","t","80020","A","Official value",""
"QCL","Crops and livestock products","203","Czechia","5510","Production","21111.01","Meat of cattle with the bone, fresh or chilled","2009","2009","t","77026","A","Official value",""
"QCL","Crops and livestock products","203","Czechia","5510","Production","21111.01","Meat of cattle with the bone, fresh or chilled","2010","2010","t","74259","A","Official value",""
"QCL","Crops and livestock products","203","Czechia","5510","Production","21111.01","Meat of cattle with the bone, fresh or chilled","2011","2011","t","72125","A","Official value",""
"QCL","Crops and livestock products","203","Czechia","5510","Production","21111.01","Meat of cattle with the bone, fresh or chilled","2012","2012","t","66060","A","Official value",""
"QCL","Crops and livestock products","203","Czechia","5510","Production","21111.01","Meat of cattle with the bone, fresh or chilled","2013","2013","t","65322","A","Official value",""
"QCL","Crops and livestock products","203","Czechia","5510","Production","21111.01","Meat of cattle with the bone, fresh or chilled","2014","2014","t","66151","A","Official value",""
"QCL","Crops and livestock products","203","Czechia","5510","Production","21111.01","Meat of cattle with the bone, fresh or chilled","2015","2015","t","69014","A","Official value",""
"QCL","Crops and livestock products","203","Czechia","5510","Production","21111.01","Meat of cattle with the bone, fresh or chilled","2016","2016","t","72794","A","Official value",""
"QCL","Crops and livestock products","203","Czechia","5510","Production","21111.01","Meat of cattle with the bone, fresh or chilled","2017","2017","t","67714","A","Official value",""
"QCL","Crops and livestock products","203","Czechia","5510","Production","21111.01","Meat of cattle with the bone, fresh or chilled","2018","2018","t","72940","A","Official value",""
"QCL","Crops and livestock products","203","Czechia","5510","Production","21111.01","Meat of cattle with the bone, fresh or chilled","2019","2019","t","74450","A","Official value",""
"QCL","Crops and livestock products","203","Czechia","5510","Production","21111.01","Meat of cattle with the bone, fresh or chilled","2020","2020","t","74300","A","Official value",""
"QCL","Crops and livestock products","203","Czechia","5510","Production","21111.01","Meat of cattle with the bone, fresh or chilled","2021","2021","t","74520","A","Official value",""
"QCL","Crops and livestock products","203","Czechia","5510","Production","21111.01","Meat of cattle with the bone, fresh or chilled","2022","2022","t","70690","A","Official value",""
"QCL","Crops and livestock products","203","Czechia","5510","Production","21111.01","Meat of cattle with the bone, fresh or chilled","2023","2023","t","72410","A","Official value",""
"QCL","Crops and livestock products","203","Czechia","5510","Production","21111.01","Meat of cattle with the bone, fresh or chilled","2024","2024","t","71040","A","Official value",""
"QCL","Crops and livestock products","408","Democratic People's Republic of Korea","5510","Production","21111.01","Meat of cattle with the bone, fresh or chilled","2005","2005","t","21450","E","Estimated value",""
"QCL","Crops and livestock products","408","Democratic People's Republic of Korea","5510","Production","21111.01","Meat of cattle with the bone, fresh or chilled","2006","2006","t","21600","E","Estimated value",""
"QCL","Crops and livestock products","408","Democratic People's Republic of Korea","5510","Production","21111.01","Meat of cattle with the bone, fresh or chilled","2007","2007","t","21750","E","Estimated value",""
"QCL","Crops and livestock products","408","Democratic People's Republic of Korea","5510","Production","21111.01","Meat of cattle with the bone, fresh or chilled","2008","2008","t","21750","E","Estimated value",""
"QCL","Crops and livestock products","408","Democratic People's Republic of Korea","5510","Production","21111.01","Meat of cattle with the bone, fresh or chilled","2009","2009","t","21750","E","Estimated value",""
"QCL","Crops and livestock products","408","Democratic People's Republic of Korea","5510","Production","21111.01","Meat of cattle with the bone, fresh or chilled","2010","2010","t","21795","E","Estimated value",""
"QCL","Crops and livestock products","408","Democratic People's Republic of Korea","5510","Production","21111.01","Meat of cattle with the bone, fresh or chilled","2011","2011","t","21795","E","Estimated value",""
"QCL","Crops and livestock products","408","Democratic People's Republic of Korea","5510","Production","21111.01","Meat of cattle with the bone, fresh or chilled","2012","2012","t","21975","E","Estimated value",""
"QCL","Crops and livestock products","408","Democratic People's Republic of Korea","5510","Production","21111.01","Meat of cattle with the bone, fresh or chilled","2013","2013","t","21975","E","Estimated value",""
"QCL","Crops and livestock products","408","Democratic People's Republic of Korea","5510","Production","21111.01","Meat of cattle with the bone, fresh or chilled","2014","2014","t","21468.31","I","Value imputed by a receiving agency",""
"QCL","Crops and livestock products","408","Democratic People's Republic of Korea","5510","Production","21111.01","Meat of cattle with the bone, fresh or chilled","2015","2015","t","21102.36","I","Value imputed by a receiving agency",""
"QCL","Crops and livestock products","408","Democratic People's Republic of Korea","5510","Production","21111.01","Meat of cattle with the bone, fresh or chilled","2016","2016","t","20817.09","I","Value imputed by a receiving agency",""
"QCL","Crops and livestock products","408","Democratic People's Republic of Korea","5510","Production","21111.01","Meat of cattle with the bone, fresh or chilled","2017","2017","t","20790.76","I","Value imputed by a receiving agency",""
"QCL","Crops and livestock products","408","Democratic People's Republic of Korea","5510","Production","21111.01","Meat of cattle with the bone, fresh or chilled","2018","2018","t","20854.91","I","Value imputed by a receiving agency",""
"QCL","Crops and livestock products","408","Democratic People's Republic of Korea","5510","Production","21111.01","Meat of cattle with the bone, fresh or chilled","2019","2019","t","20868.29","I","Value imputed by a receiving agency",""
"QCL","Crops and livestock products","408","Democratic People's Republic of Korea","5510","Production","21111.01","Meat of cattle with the bone, fresh or chilled","2020","2020","t","20809.27","I","Value imputed by a receiving agency",""
"QCL","Crops and livestock products","408","Democratic People's Republic of Korea","5510","Production","21111.01","Meat of cattle with the bone, fresh or chilled","2021","2021","t","20693.14","I","Value imputed by a receiving agency",""
"QCL","Crops and livestock products","408","Democratic People's Republic of Korea","5510","Production","21111.01","Meat of cattle with the bone, fresh or chilled","2022","2022","t","20335.64","I","Value imputed by a receiving agency",""
"QCL","Crops and livestock products","408","Democratic People's Republic of Korea","5510","Production","21111.01","Meat of cattle with the bone, fresh or chilled","2023","2023","t","20402.62","I","Value imputed by a receiving agency",""
"QCL","Crops and livestock products","408","Democratic People's Republic of Korea","5510","Production","21111.01","Meat of cattle with the bone, fresh or chilled","2024","2024","t","20348.85","I","Value imputed by a receiving agency",""
"QCL","Crops and livestock products","180","Democratic Republic of the Congo","5510","Production","21111.01","Meat of cattle with the bone, fresh or chilled","2005","2005","t","12400","A","Official value",""
"QCL","Crops and livestock products","180","Democratic Republic of the Congo","5510","Production","21111.01","Meat of cattle with the bone, fresh or chilled","2006","2006","t","12380","A","Official value",""
"QCL","Crops and livestock products","180","Democratic Republic of the Congo","5510","Production","21111.01","Meat of cattle with the bone, fresh or chilled","2007","2007","t","12360","A","Official value",""
"QCL","Crops and livestock products","180","Democratic Republic of the Congo","5510","Production","21111.01","Meat of cattle with the bone, fresh or chilled","2008","2008","t","12340","A","Official value",""
"QCL","Crops and livestock products","180","Democratic Republic of the Congo","5510","Production","21111.01","Meat of cattle with the bone, fresh or chilled","2009","2009","t","12320","A","Official value",""
"QCL","Crops and livestock products","180","Democratic Republic of the Congo","5510","Production","21111.01","Meat of cattle with the bone, fresh or chilled","2010","2010","t","12200","A","Official value",""
"QCL","Crops and livestock products","180","Democratic Republic of the Congo","5510","Production","21111.01","Meat of cattle with the bone, fresh or chilled","2011","2011","t","12260","A","Official value",""
"QCL","Crops and livestock products","180","Democratic Republic of the Congo","5510","Production","21111.01","Meat of cattle with the bone, fresh or chilled","2012","2012","t","14188.24","E","Estimated value",""
"QCL","Crops and livestock products","180","Democratic Republic of the Congo","5510","Production","21111.01","Meat of cattle with the bone, fresh or chilled","2013","2013","t","15064.35","E","Estimated value",""
"QCL","Crops and livestock products","180","Democratic Republic of the Congo","5510","Production","21111.01","Meat of cattle with the bone, fresh or chilled","2014","2014","t","15078.73","I","Value imputed by a receiving agency",""
"QCL","Crops and livestock products","180","Democratic Republic of the Congo","5510","Production","21111.01","Meat of cattle with the bone, fresh or chilled","2015","2015","t","16515.87","I","Value imputed by a receiving agency",""
"QCL","Crops and livestock products","180","Democratic Republic of the Congo","5510","Production","21111.01","Meat of cattle with the bone, fresh or chilled","2016","2016","t","17450.29","I","Value imputed by a receiving agency",""
"QCL","Crops and livestock products","180","Democratic Republic of the Congo","5510","Production","21111.01","Meat of cattle with the bone, fresh or chilled","2017","2017","t","17063.72","I","Value imputed by a receiving agency",""
"QCL","Crops and livestock products","180","Democratic Republic of the Congo","5510","Production","21111.01","Meat of cattle with the bone, fresh or chilled","2018","2018","t","17126.64","I","Value imputed by a receiving agency",""
"QCL","Crops and livestock products","180","Democratic Republic of the Congo","5510","Production","21111.01","Meat of cattle with the bone, fresh or chilled","2019","2019","t","17172","A","Official value",""
"QCL","Crops and livestock products","180","Democratic Republic of the Congo","5510","Production","21111.01","Meat of cattle with the bone, fresh or chilled","2020","2020","t","19042","A","Official value",""
"QCL","Crops and livestock products","180","Democratic Republic of the Congo","5510","Production","21111.01","Meat of cattle with the bone, fresh or chilled","2021","2021","t","21116","A","Official value",""
"QCL","Crops and livestock products","180","Democratic Republic of the Congo","5510","Production","21111.01","Meat of cattle with the bone, fresh or chilled","2022","2022","t","23359.49","I","Value imputed by a receiving agency",""
"QCL","Crops and livestock products","180","Democratic Republic of the Congo","5510","Production","21111.01","Meat of cattle with the bone, fresh or chilled","2023","2023","t","25510.54","I","Value imputed by a receiving agency",""
"QCL","Crops and livestock products","180","Democratic Republic of the Congo","5510","Production","21111.01","Meat of cattle with the bone, fresh or chilled","2024","2024","t","27812.36","I","Value imputed by a receiving agency",""
"QCL","Crops and livestock products","208","Denmark","5510","Production","21111.01","Meat of cattle with the bone, fresh or chilled","2005","2005","t","135921","A","Official value",""
"QCL","Crops and livestock products","208","Denmark","5510","Production","21111.01","Meat of cattle with the bone, fresh or chilled","2006","2006","t","128650","A","Official value",""
"QCL","Crops and livestock products","208","Denmark","5510","Production","21111.01","Meat of cattle with the bone, fresh or chilled","2007","2007","t","129986","A","Official value",""
"QCL","Crops and livestock products","208","Denmark","5510","Production","21111.01","Meat of cattle with the bone, fresh or chilled","2008","2008","t","128800","A","Official value",""
"QCL","Crops and livestock products","208","Denmark","5510","Production","21111.01","Meat of cattle with the bone, fresh or chilled","2009","2009","t","127900","A","Official value",""
"QCL","Crops and livestock products","208","Denmark","5510","Production","21111.01","Meat of cattle with the bone, fresh or chilled","2010","2010","t","132500","A","Official value",""
"QCL","Crops and livestock products","208","Denmark","5510","Production","21111.01","Meat of cattle with the bone, fresh or chilled","2011","2011","t","134200","A","Official value",""
"QCL","Crops and livestock products","208","Denmark","5510","Production","21111.01","Meat of cattle with the bone, fresh or chilled","2012","2012","t","126700","A","Official value",""
"QCL","Crops and livestock products","208","Denmark","5510","Production","21111.01","Meat of cattle with the bone, fresh or chilled","2013","2013","t","128000","A","Official value",""
"QCL","Crops and livestock products","208","Denmark","5510","Production","21111.01","Meat of cattle with the bone, fresh or chilled","2014","2014","t","125759","A","Official value",""
"QCL","Crops and livestock products","208","Denmark","5510","Production","21111.01","Meat of cattle with the bone, fresh or chilled","2015","2015","t","120491","A","Official value",""
"QCL","Crops and livestock products","208","Denmark","5510","Production","21111.01","Meat of cattle with the bone, fresh or chilled","2016","2016","t","129340","A","Official value",""
"QCL","Crops and livestock products","208","Denmark","5510","Production","21111.01","Meat of cattle with the bone, fresh or chilled","2017","2017","t","124148","A","Official value",""
"QCL","Crops and livestock products","208","Denmark","5510","Production","21111.01","Meat of cattle with the bone, fresh or chilled","2018","2018","t","130200","A","Official value",""
"QCL","Crops and livestock products","208","Denmark","5510","Production","21111.01","Meat of cattle with the bone, fresh or chilled","2019","2019","t","125600","A","Official value",""
"QCL","Crops and livestock products","208","Denmark","5510","Production","21111.01","Meat of cattle with the bone, fresh or chilled","2020","2020","t","122110","A","Official value",""
"QCL","Crops and livestock products","208","Denmark","5510","Production","21111.01","Meat of cattle with the bone, fresh or chilled","2021","2021","t","123110","A","Official value",""
"QCL","Crops and livestock products","208","Denmark","5510","Production","21111.01","Meat of cattle with the bone, fresh or chilled","2022","2022","t","119910","A","Official value",""
"QCL","Crops and livestock products","208","Denmark","5510","Production","21111.01","Meat of cattle with the bone, fresh or chilled","2023","2023","t","118640","A","Official value",""
"QCL","Crops and livestock products","208","Denmark","5510","Production","21111.01","Meat of cattle with the bone, fresh or chilled","2024","2024","t","116400","A","Official value",""
"QCL","Crops and livestock products","262","Djibouti","5510","Production","21111.01","Meat of cattle with the bone, fresh or chilled","2005","2005","t","5170","E","Estimated value",""
"QCL","Crops and livestock products","262","Djibouti","5510","Production","21111.01","Meat of cattle with the bone, fresh or chilled","2006","2006","t","2200","E","Estimated value",""
"QCL","Crops and livestock products","262","Djibouti","5510","Production","21111.01","Meat of cattle with the bone, fresh or chilled","2007","2007","t","6000","E","Estimated value",""
"QCL","Crops and livestock products","262","Djibouti","5510","Production","21111.01","Meat of cattle with the bone, fresh or chilled","2008","2008","t","6050","E","Estimated value",""
"QCL","Crops and livestock products","262","Djibouti","5510","Production","21111.01","Meat of cattle with the bone, fresh or chilled","2009","2009","t","6050","E","Estimated value",""
"QCL","Crops and livestock products","262","Djibouti","5510","Production","21111.01","Meat of cattle with the bone, fresh or chilled","2010","2010","t","6050","E","Estimated value",""
"QCL","Crops and livestock products","262","Djibouti","5510","Production","21111.01","Meat of cattle with the bone, fresh or chilled","2011","2011","t","6050","E","Estimated value",""
"QCL","Crops and livestock products","262","Djibouti","5510","Production","21111.01","Meat of cattle with the bone, fresh or chilled","2012","2012","t","5914.02","I","Value imputed by a receiving agency",""
"QCL","Crops and livestock products","262","Djibouti","5510","Production","21111.01","Meat of cattle with the bone, fresh or chilled","2013","2013","t","5917.88","I","Value imputed by a receiving agency",""
"QCL","Crops and livestock products","262","Djibouti","5510","Production","21111.01","Meat of cattle with the bone, fresh or chilled","2014","2014","t","5776.91","I","Value imputed by a receiving agency",""
"QCL","Crops and livestock products","262","Djibouti","5510","Production","21111.01","Meat of cattle with the bone, fresh or chilled","2015","2015","t","5973.94","I","Value imputed by a receiving agency",""
"QCL","Crops and livestock products","262","Djibouti","5510","Production","21111.01","Meat of cattle with the bone, fresh or chilled","2016","2016","t","5915.78","I","Value imputed by a receiving agency",""
"QCL","Crops and livestock products","262","Djibouti","5510","Production","21111.01","Meat of cattle with the bone, fresh or chilled","2017","2017","t","6012.2","I","Value imputed by a receiving agency",""
"QCL","Crops and livestock products","262","Djibouti","5510","Production","21111.01","Meat of cattle with the bone, fresh or chilled","2018","2018","t","6117.01","I","Value imputed by a receiving agency",""
"QCL","Crops and livestock products","262","Djibouti","5510","Production","21111.01","Meat of cattle with the bone, fresh or chilled","2019","2019","t","6200.6","I","Value imputed by a receiving agency",""
"QCL","Crops and livestock products","262","Djibouti","5510","Production","21111.01","Meat of cattle with the bone, fresh or chilled","2020","2020","t","6169.13","I","Value imputed by a receiving agency",""
"QCL","Crops and livestock products","262","Djibouti","5510","Production","21111.01","Meat of cattle with the bone, fresh or chilled","2021","2021","t","6252.03","I","Value imputed by a receiving agency",""
"QCL","Crops and livestock products","262","Djibouti","5510","Production","21111.01","Meat of cattle with the bone, fresh or chilled","2022","2022","t","6333.56","I","Value imputed by a receiving agency",""
"QCL","Crops and livestock products","262","Djibouti","5510","Production","21111.01","Meat of cattle with the bone, fresh or chilled","2023","2023","t","6402.6","I","Value imputed by a receiving agency",""
"QCL","Crops and livestock products","262","Djibouti","5510","Production","21111.01","Meat of cattle with the bone, fresh or chilled","2024","2024","t","6471.79","I","Value imputed by a receiving agency",""
"QCL","Crops and livestock products","212","Dominica","5510","Production","21111.01","Meat of cattle with the bone, fresh or chilled","2005","2005","t","540","E","Estimated value",""
"QCL","Crops and livestock products","212","Dominica","5510","Production","21111.01","Meat of cattle with the bone, fresh or chilled","2006","2006","t","540","E","Estimated value",""
"QCL","Crops and livestock products","212","Dominica","5510","Production","21111.01","Meat of cattle with the bone, fresh or chilled","2007","2007","t","540","E","Estimated value",""
"QCL","Crops and livestock products","212","Dominica","5510","Production","21111.01","Meat of cattle with the bone, fresh or chilled","2008","2008","t","540","E","Estimated value",""
"QCL","Crops and livestock products","212","Dominica","5510","Production","21111.01","Meat of cattle with the bone, fresh or chilled","2009","2009","t","540","E","Estimated value",""
"QCL","Crops and livestock products","212","Dominica","5510","Production","21111.01","Meat of cattle with the bone, fresh or chilled","2010","2010","t","540","E","Estimated value",""
"QCL","Crops and livestock products","212","Dominica","5510","Production","21111.01","Meat of cattle with the bone, fresh or chilled","2011","2011","t","558","E","Estimated value",""
"QCL","Crops and livestock products","212","Dominica","5510","Production","21111.01","Meat of cattle with the bone, fresh or chilled","2012","2012","t","576","E","Estimated value",""
"QCL","Crops and livestock products","212","Dominica","5510","Production","21111.01","Meat of cattle with the bone, fresh or chilled","2013","2013","t","567.28","I","Value imputed by a receiving agency",""
"QCL","Crops and livestock products","212","Dominica","5510","Production","21111.01","Meat of cattle with the bone, fresh or chilled","2014","2014","t","559.37","I","Value imputed by a receiving agency",""
"QCL","Crops and livestock products","212","Dominica","5510","Production","21111.01","Meat of cattle with the bone, fresh or chilled","2015","2015","t","551.27","I","Value imputed by a receiving agency",""
"QCL","Crops and livestock products","212","Dominica","5510","Production","21111.01","Meat of cattle with the bone, fresh or chilled","2016","2016","t","548.22","I","Value imputed by a receiving agency",""
"QCL","Crops and livestock products","212","Dominica","5510","Production","21111.01","Meat of cattle with the bone, fresh or chilled","2017","2017","t","548.52","I","Value imputed by a receiving agency",""
"QCL","Crops and livestock products","212","Dominica","5510","Production","21111.01","Meat of cattle with the bone, fresh or chilled","2018","2018","t","548.68","I","Value imputed by a receiving agency",""
"QCL","Crops and livestock products","212","Dominica","5510","Production","21111.01","Meat of cattle with the bone, fresh or chilled","2019","2019","t","548.14","I","Value imputed by a receiving agency",""
"QCL","Crops and livestock products","212","Dominica","5510","Production","21111.01","Meat of cattle with the bone, fresh or chilled","2020","2020","t","545.1","I","Value imputed by a receiving agency",""
"QCL","Crops and livestock products","212","Dominica","5510","Production","21111.01","Meat of cattle with the bone, fresh or chilled","2021","2021","t","544.7","I","Value imputed by a receiving agency",""
"QCL","Crops and livestock products","212","Dominica","5510","Production","21111.01","Meat of cattle with the bone, fresh or chilled","2022","2022","t","544.42","I","Value imputed by a receiving agency",""
"QCL","Crops and livestock products","212","Dominica","5510","Production","21111.01","Meat of cattle with the bone, fresh or chilled","2023","2023","t","544.19","I","Value imputed by a receiving agency",""
"QCL","Crops and livestock products","212","Dominica","5510","Production","21111.01","Meat of cattle with the bone, fresh or chilled","2024","2024","t","543.97","I","Value imputed by a receiving agency",""
"QCL","Crops and livestock products","214","Dominican Republic","5510","Production","21111.01","Meat of cattle with the bone, fresh or chilled","2005","2005","t","71985.85","A","Official value",""
"QCL","Crops and livestock products","214","Dominican Republic","5510","Production","21111.01","Meat of cattle with the bone, fresh or chilled","2006","2006","t","84232.97","A","Official value",""
"QCL","Crops and livestock products","214","Dominican Republic","5510","Production","21111.01","Meat of cattle with the bone, fresh or chilled","2007","2007","t","101097","A","Official value",""
"QCL","Crops and livestock products","214","Dominican Republic","5510","Production","21111.01","Meat of cattle with the bone, fresh or chilled","2008","2008","t","99278","A","Official value",""
"QCL","Crops and livestock products","214","Dominican Republic","5510","Production","21111.01","Meat of cattle with the bone, fresh or chilled","2009","2009","t","101759","A","Official value",""
"QCL","Crops and livestock products","214","Dominican Republic","5510","Production","21111.01","Meat of cattle with the bone, fresh or chilled","2010","2010","t","112954","A","Official value",""
"QCL","Crops and livestock products","214","Dominican Republic","5510","Production","21111.01","Meat of cattle with the bone, fresh or chilled","2011","2011","t","102035","A","Official value",""
"QCL","Crops and livestock products","214","Dominican Republic","5510","Production","21111.01","Meat of cattle with the bone, fresh or chilled","2012","2012","t","95861","A","Official value",""
"QCL","Crops and livestock products","214","Dominican Republic","5510","Production","21111.01","Meat of cattle with the bone, fresh or chilled","2013","2013","t","100654.21","A","Official value",""
"QCL","Crops and livestock products","214","Dominican Republic","5510","Production","21111.01","Meat of cattle with the bone, fresh or chilled","2014","2014","t","78653.79","A","Official value",""
"QCL","Crops and livestock products","214","Dominican Republic","5510","Production","21111.01","Meat of cattle with the bone, fresh or chilled","2015","2015","t","95289.77","A","Official value",""
"QCL","Crops and livestock products","214","Dominican Republic","5510","Production","21111.01","Meat of cattle with the bone, fresh or chilled","2016","2016","t","92634.5","A","Official value",""
"QCL","Crops and livestock products","214","Dominican Republic","5510","Production","21111.01","Meat of cattle with the bone, fresh or chilled","2017","2017","t","58034.41","A","Official value",""
"QCL","Crops and livestock products","214","Dominican Republic","5510","Production","21111.01","Meat of cattle with the bone, fresh or chilled","2018","2018","t","63391.29","A","Official value",""
"QCL","Crops and livestock products","214","Dominican Republic","5510","Production","21111.01","Meat of cattle with the bone, fresh or chilled","2019","2019","t","64299.57","A","Official value",""
"QCL","Crops and livestock products","214","Dominican Republic","5510","Production","21111.01","Meat of cattle with the bone, fresh or chilled","2020","2020","t","66450.22","A","Official value",""
"QCL","Crops and livestock products","214","Dominican Republic","5510","Production","21111.01","Meat of cattle with the bone, fresh or chilled","2021","2021","t","62317","A","Official value",""
"QCL","Crops and livestock products","214","Dominican Republic","5510","Production","21111.01","Meat of cattle with the bone, fresh or chilled","2022","2022","t","61252.53","A","Official value",""
"QCL","Crops and livestock products","214","Dominican Republic","5510","Production","21111.01","Meat of cattle with the bone, fresh or chilled","2023","2023","t","63161.2","A","Official value",""
"QCL","Crops and livestock products","214","Dominican Republic","5510","Production","21111.01","Meat of cattle with the bone, fresh or chilled","2024","2024","t","67693.11","A","Official value",""
"QCL","Crops and livestock products","218","Ecuador","5510","Production","21111.01","Meat of cattle with the bone, fresh or chilled","2005","2005","t","172273","A","Official value",""
"QCL","Crops and livestock products","218","Ecuador","5510","Production","21111.01","Meat of cattle with the bone, fresh or chilled","2006","2006","t","189781","A","Official value",""
"QCL","Crops and livestock products","218","Ecuador","5510","Production","21111.01","Meat of cattle with the bone, fresh or chilled","2007","2007","t","167427","A","Official value",""
"QCL","Crops and livestock products","218","Ecuador","5510","Production","21111.01","Meat of cattle with the bone, fresh or chilled","2008","2008","t","167791","A","Official value",""
"QCL","Crops and livestock products","218","Ecuador","5510","Production","21111.01","Meat of cattle with the bone, fresh or chilled","2009","2009","t","187365","A","Official value",""
"QCL","Crops and livestock products","218","Ecuador","5510","Production","21111.01","Meat of cattle with the bone, fresh or chilled","2010","2010","t","189016","A","Official value",""
"QCL","Crops and livestock products","218","Ecuador","5510","Production","21111.01","Meat of cattle with the bone, fresh or chilled","2011","2011","t","201369","A","Official value",""
"QCL","Crops and livestock products","218","Ecuador","5510","Production","21111.01","Meat of cattle with the bone, fresh or chilled","2012","2012","t","192329","A","Official value",""
"QCL","Crops and livestock products","218","Ecuador","5510","Production","21111.01","Meat of cattle with the bone, fresh or chilled","2013","2013","t","206723","A","Official value",""
"QCL","Crops and livestock products","218","Ecuador","5510","Production","21111.01","Meat of cattle with the bone, fresh or chilled","2014","2014","t","168654","A","Official value",""
"QCL","Crops and livestock products","218","Ecuador","5510","Production","21111.01","Meat of cattle with the bone, fresh or chilled","2015","2015","t","158560","A","Official value",""
"QCL","Crops and livestock products","218","Ecuador","5510","Production","21111.01","Meat of cattle with the bone, fresh or chilled","2016","2016","t","235572","A","Official value",""
"QCL","Crops and livestock products","218","Ecuador","5510","Production","21111.01","Meat of cattle with the bone, fresh or chilled","2017","2017","t","309328","A","Official value",""
"QCL","Crops and livestock products","218","Ecuador","5510","Production","21111.01","Meat of cattle with the bone, fresh or chilled","2018","2018","t","289765","A","Official value",""
"QCL","Crops and livestock products","218","Ecuador","5510","Production","21111.01","Meat of cattle with the bone, fresh or chilled","2019","2019","t","275578","A","Official value",""
"QCL","Crops and livestock products","218","Ecuador","5510","Production","21111.01","Meat of cattle with the bone, fresh or chilled","2020","2020","t","237040","A","Official value",""
"QCL","Crops and livestock products","218","Ecuador","5510","Production","21111.01","Meat of cattle with the bone, fresh or chilled","2021","2021","t","190881","A","Official value",""
"QCL","Crops and livestock products","218","Ecuador","5510","Production","21111.01","Meat of cattle with the bone, fresh or chilled","2022","2022","t","242435","A","Official value",""
"QCL","Crops and livestock products","218","Ecuador","5510","Production","21111.01","Meat of cattle with the bone, fresh or chilled","2023","2023","t","252317","A","Official value",""
"QCL","Crops and livestock products","218","Ecuador","5510","Production","21111.01","Meat of cattle with the bone, fresh or chilled","2024","2024","t","242011","A","Official value",""
"QCL","Crops and livestock products","818","Egypt","5510","Production","21111.01","Meat of cattle with the bone, fresh or chilled","2005","2005","t","353000","A","Official value",""
"QCL","Crops and livestock products","818","Egypt","5510","Production","21111.01","Meat of cattle with the bone, fresh or chilled","2006","2006","t","367000","A","Official value",""
"QCL","Crops and livestock products","818","Egypt","5510","Production","21111.01","Meat of cattle with the bone, fresh or chilled","2007","2007","t","393200","A","Official value",""
"QCL","Crops and livestock products","818","Egypt","5510","Production","21111.01","Meat of cattle with the bone, fresh or chilled","2008","2008","t","429902","A","Official value",""
"QCL","Crops and livestock products","818","Egypt","5510","Production","21111.01","Meat of cattle with the bone, fresh or chilled","2009","2009","t","446667","A","Official value",""
"QCL","Crops and livestock products","818","Egypt","5510","Production","21111.01","Meat of cattle with the bone, fresh or chilled","2010","2010","t","457300","A","Official value",""
"QCL","Crops and livestock products","818","Egypt","5510","Production","21111.01","Meat of cattle with the bone, fresh or chilled","2011","2011","t","454484","A","Official value",""
"QCL","Crops and livestock products","818","Egypt","5510","Production","21111.01","Meat of cattle with the bone, fresh or chilled","2012","2012","t","464579","A","Official value",""
"QCL","Crops and livestock products","818","Egypt","5510","Production","21111.01","Meat of cattle with the bone, fresh or chilled","2013","2013","t","434763","A","Official value",""
"QCL","Crops and livestock products","818","Egypt","5510","Production","21111.01","Meat of cattle with the bone, fresh or chilled","2014","2014","t","421000","A","Official value",""
"QCL","Crops and livestock products","818","Egypt","5510","Production","21111.01","Meat of cattle with the bone, fresh or chilled","2015","2015","t","430265","A","Official value",""
"QCL","Crops and livestock products","818","Egypt","5510","Production","21111.01","Meat of cattle with the bone, fresh or chilled","2016","2016","t","451285","A","Official value",""
"QCL","Crops and livestock products","818","Egypt","5510","Production","21111.01","Meat of cattle with the bone, fresh or chilled","2017","2017","t","388859","A","Official value",""
"QCL","Crops and livestock products","818","Egypt","5510","Production","21111.01","Meat of cattle with the bone, fresh or chilled","2018","2018","t","408693","A","Official value",""
"QCL","Crops and livestock products","818","Egypt","5510","Production","21111.01","Meat of cattle with the bone, fresh or chilled","2019","2019","t","425000","A","Official value",""
"QCL","Crops and livestock products","818","Egypt","5510","Production","21111.01","Meat of cattle with the bone, fresh or chilled","2020","2020","t","402000","A","Official value",""
"QCL","Crops and livestock products","818","Egypt","5510","Production","21111.01","Meat of cattle with the bone, fresh or chilled","2021","2021","t","419000","A","Official value",""
"QCL","Crops and livestock products","818","Egypt","5510","Production","21111.01","Meat of cattle with the bone, fresh or chilled","2022","2022","t","465000","A","Official value",""
"QCL","Crops and livestock products","818","Egypt","5510","Production","21111.01","Meat of cattle with the bone, fresh or chilled","2023","2023","t","341000","A","Official value",""
"QCL","Crops and livestock products","818","Egypt","5510","Production","21111.01","Meat of cattle with the bone, fresh or chilled","2024","2024","t","321030.99","I","Value imputed by a receiving agency",""
"QCL","Crops and livestock products","222","El Salvador","5510","Production","21111.01","Meat of cattle with the bone, fresh or chilled","2005","2005","t","26978","A","Official value",""
"QCL","Crops and livestock products","222","El Salvador","5510","Production","21111.01","Meat of cattle with the bone, fresh or chilled","2006","2006","t","30562","A","Official value",""
"QCL","Crops and livestock products","222","El Salvador","5510","Production","21111.01","Meat of cattle with the bone, fresh or chilled","2007","2007","t","31258","A","Official value",""
"QCL","Crops and livestock products","222","El Salvador","5510","Production","21111.01","Meat of cattle with the bone, fresh or chilled","2008","2008","t","32137","A","Official value",""
"QCL","Crops and livestock products","222","El Salvador","5510","Production","21111.01","Meat of cattle with the bone, fresh or chilled","2009","2009","t","31097","A","Official value",""
"QCL","Crops and livestock products","222","El Salvador","5510","Production","21111.01","Meat of cattle with the bone, fresh or chilled","2010","2010","t","32992","A","Official value",""
"QCL","Crops and livestock products","222","El Salvador","5510","Production","21111.01","Meat of cattle with the bone, fresh or chilled","2011","2011","t","23377","A","Official value",""
"QCL","Crops and livestock products","222","El Salvador","5510","Production","21111.01","Meat of cattle with the bone, fresh or chilled","2012","2012","t","26023","A","Official value",""
"QCL","Crops and livestock products","222","El Salvador","5510","Production","21111.01","Meat of cattle with the bone, fresh or chilled","2013","2013","t","18412","A","Official value",""
"QCL","Crops and livestock products","222","El Salvador","5510","Production","21111.01","Meat of cattle with the bone, fresh or chilled","2014","2014","t","18630","A","Official value",""
"QCL","Crops and livestock products","222","El Salvador","5510","Production","21111.01","Meat of cattle with the bone, fresh or chilled","2015","2015","t","18578","A","Official value",""
"QCL","Crops and livestock products","222","El Salvador","5510","Production","21111.01","Meat of cattle with the bone, fresh or chilled","2016","2016","t","18697","A","Official value",""
"QCL","Crops and livestock products","222","El Salvador","5510","Production","21111.01","Meat of cattle with the bone, fresh or chilled","2017","2017","t","18315","A","Official value",""
"QCL","Crops and livestock products","222","El Salvador","5510","Production","21111.01","Meat of cattle with the bone, fresh or chilled","2018","2018","t","18334","A","Official value",""
"QCL","Crops and livestock products","222","El Salvador","5510","Production","21111.01","Meat of cattle with the bone, fresh or chilled","2019","2019","t","18506.72","A","Official value",""
"QCL","Crops and livestock products","222","El Salvador","5510","Production","21111.01","Meat of cattle with the bone, fresh or chilled","2020","2020","t","18717.21","A","Official value",""
"QCL","Crops and livestock products","222","El Salvador","5510","Production","21111.01","Meat of cattle with the bone, fresh or chilled","2021","2021","t","19630.76","A","Official value",""
"QCL","Crops and livestock products","222","El Salvador","5510","Production","21111.01","Meat of cattle with the bone, fresh or chilled","2022","2022","t","18800","A","Official value",""
"QCL","Crops and livestock products","222","El Salvador","5510","Production","21111.01","Meat of cattle with the bone, fresh or chilled","2023","2023","t","17645.18","I","Value imputed by a receiving agency",""
"QCL","Crops and livestock products","222","El Salvador","5510","Production","21111.01","Meat of cattle with the bone, fresh or chilled","2024","2024","t","16414.65","I","Value imputed by a receiving agency",""
"QCL","Crops and livestock products","226","Equatorial Guinea","5510","Production","21111.01","Meat of cattle with the bone, fresh or chilled","2005","2005","t","46.2","E","Estimated value",""
"QCL","Crops and livestock products","226","Equatorial Guinea","5510","Production","21111.01","Meat of cattle with the bone, fresh or chilled","2006","2006","t","46.75","E","Estimated value",""
"QCL","Crops and livestock products","226","Equatorial Guinea","5510","Production","21111.01","Meat of cattle with the bone, fresh or chilled","2007","2007","t","46.75","E","Estimated value",""
"QCL","Crops and livestock products","226","Equatorial Guinea","5510","Production","21111.01","Meat of cattle with the bone, fresh or chilled","2008","2008","t","46.75","E","Estimated value",""
"QCL","Crops and livestock products","226","Equatorial Guinea","5510","Production","21111.01","Meat of cattle with the bone, fresh or chilled","2009","2009","t","46.75","E","Estimated value",""
"QCL","Crops and livestock products","226","Equatorial Guinea","5510","Production","21111.01","Meat of cattle with the bone, fresh or chilled","2010","2010","t","48.95","E","Estimated value",""
"QCL","Crops and livestock products","226","Equatorial Guinea","5510","Production","21111.01","Meat of cattle with the bone, fresh or chilled","2011","2011","t","48.95","E","Estimated value",""
"QCL","Crops and livestock products","226","Equatorial Guinea","5510","Production","21111.01","Meat of cattle with the bone, fresh or chilled","2012","2012","t","48.29","I","Value imputed by a receiving agency",""
"QCL","Crops and livestock products","226","Equatorial Guinea","5510","Production","21111.01","Meat of cattle with the bone, fresh or chilled","2013","2013","t","49.5","E","Estimated value",""
"QCL","Crops and livestock products","226","Equatorial Guinea","5510","Production","21111.01","Meat of cattle with the bone, fresh or chilled","2014","2014","t","47.68","I","Value imputed by a receiving agency",""
"QCL","Crops and livestock products","226","Equatorial Guinea","5510","Production","21111.01","Meat of cattle with the bone, fresh or chilled","2015","2015","t","46.86","I","Value imputed by a receiving agency",""
"QCL","Crops and livestock products","226","Equatorial Guinea","5510","Production","21111.01","Meat of cattle with the bone, fresh or chilled","2016","2016","t","46.67","I","Value imputed by a receiving agency",""
"QCL","Crops and livestock products","226","Equatorial Guinea","5510","Production","21111.01","Meat of cattle with the bone, fresh or chilled","2017","2017","t","47.68","I","Value imputed by a receiving agency",""
"QCL","Crops and livestock products","226","Equatorial Guinea","5510","Production","21111.01","Meat of cattle with the bone, fresh or chilled","2018","2018","t","48.02","I","Value imputed by a receiving agency",""
"QCL","Crops and livestock products","226","Equatorial Guinea","5510","Production","21111.01","Meat of cattle with the bone, fresh or chilled","2019","2019","t","48.16","I","Value imputed by a receiving agency",""
"QCL","Crops and livestock products","226","Equatorial Guinea","5510","Production","21111.01","Meat of cattle with the bone, fresh or chilled","2020","2020","t","47.99","I","Value imputed by a receiving agency",""
"QCL","Crops and livestock products","226","Equatorial Guinea","5510","Production","21111.01","Meat of cattle with the bone, fresh or chilled","2021","2021","t","48.09","I","Value imputed by a receiving agency",""
"QCL","Crops and livestock products","226","Equatorial Guinea","5510","Production","21111.01","Meat of cattle with the bone, fresh or chilled","2022","2022","t","48.15","I","Value imputed by a receiving agency",""
"QCL","Crops and livestock products","226","Equatorial Guinea","5510","Production","21111.01","Meat of cattle with the bone, fresh or chilled","2023","2023","t","48.25","I","Value imputed by a receiving agency",""
"QCL","Crops and livestock products","226","Equatorial Guinea","5510","Production","21111.01","Meat of cattle with the bone, fresh or chilled","2024","2024","t","48.36","I","Value imputed by a receiving agency",""
"QCL","Crops and livestock products","232","Eritrea","5510","Production","21111.01","Meat of cattle with the bone, fresh or chilled","2005","2005","t","16677","E","Estimated value",""
"QCL","Crops and livestock products","232","Eritrea","5510","Production","21111.01","Meat of cattle with the bone, fresh or chilled","2006","2006","t","19443.73","I","Value imputed by a receiving agency",""
"QCL","Crops and livestock products","232","Eritrea","5510","Production","21111.01","Meat of cattle with the bone, fresh or chilled","2007","2007","t","22800","A","Official value",""
"QCL","Crops and livestock products","232","Eritrea","5510","Production","21111.01","Meat of cattle with the bone, fresh or chilled","2008","2008","t","17180","A","Official value",""
"QCL","Crops and livestock products","232","Eritrea","5510","Production","21111.01","Meat of cattle with the bone, fresh or chilled","2009","2009","t","23021","A","Official value",""
"QCL","Crops and livestock products","232","Eritrea","5510","Production","21111.01","Meat of cattle with the bone, fresh or chilled","2010","2010","t","23300","E","Estimated value",""
"QCL","Crops and livestock products","232","Eritrea","5510","Production","21111.01","Meat of cattle with the bone, fresh or chilled","2011","2011","t","23800","E","Estimated value",""
"QCL","Crops and livestock products","232","Eritrea","5510","Production","21111.01","Meat of cattle with the bone, fresh or chilled","2012","2012","t","24000","E","Estimated value",""
"QCL","Crops and livestock products","232","Eritrea","5510","Production","21111.01","Meat of cattle with the bone, fresh or chilled","2013","2013","t","22584.59","I","Value imputed by a receiving agency",""
"QCL","Crops and livestock products","232","Eritrea","5510","Production","21111.01","Meat of cattle with the bone, fresh or chilled","2014","2014","t","21788.11","I","Value imputed by a receiving agency",""
"QCL","Crops and livestock products","232","Eritrea","5510","Production","21111.01","Meat of cattle with the bone, fresh or chilled","2015","2015","t","21810.94","I","Value imputed by a receiving agency",""
"QCL","Crops and livestock products","232","Eritrea","5510","Production","21111.01","Meat of cattle with the bone, fresh or chilled","2016","2016","t","22168.07","I","Value imputed by a receiving agency",""
"QCL","Crops and livestock products","232","Eritrea","5510","Production","21111.01","Meat of cattle with the bone, fresh or chilled","2017","2017","t","22862.76","I","Value imputed by a receiving agency",""
"QCL","Crops and livestock products","232","Eritrea","5510","Production","21111.01","Meat of cattle with the bone, fresh or chilled","2018","2018","t","23348.48","I","Value imputed by a receiving agency",""
"QCL","Crops and livestock products","232","Eritrea","5510","Production","21111.01","Meat of cattle with the bone, fresh or chilled","2019","2019","t","23410.59","I","Value imputed by a receiving agency",""
"QCL","Crops and livestock products","232","Eritrea","5510","Production","21111.01","Meat of cattle with the bone, fresh or chilled","2020","2020","t","23650.54","I","Value imputed by a receiving agency",""
"QCL","Crops and livestock products","232","Eritrea","5510","Production","21111.01","Meat of cattle with the bone, fresh or chilled","2021","2021","t","24584.02","I","Value imputed by a receiving agency",""
"QCL","Crops and livestock products","232","Eritrea","5510","Production","21111.01","Meat of cattle with the bone, fresh or chilled","2022","2022","t","24883.1","I","Value imputed by a receiving agency",""
"QCL","Crops and livestock products","232","Eritrea","5510","Production","21111.01","Meat of cattle with the bone, fresh or chilled","2023","2023","t","25233.55","I","Value imputed by a receiving agency",""
"QCL","Crops and livestock products","232","Eritrea","5510","Production","21111.01","Meat of cattle with the bone, fresh or chilled","2024","2024","t","25584.96","I","Value imputed by a receiving agency",""
"QCL","Crops and livestock products","233","Estonia","5510","Production","21111.01","Meat of cattle with the bone, fresh or chilled","2005","2005","t","13431","A","Official value",""
"QCL","Crops and livestock products","233","Estonia","5510","Production","21111.01","Meat of cattle with the bone, fresh or chilled","2006","2006","t","14829","A","Official value",""
"QCL","Crops and livestock products","233","Estonia","5510","Production","21111.01","Meat of cattle with the bone, fresh or chilled","2007","2007","t","15422","A","Official value",""
"QCL","Crops and livestock products","233","Estonia","5510","Production","21111.01","Meat of cattle with the bone, fresh or chilled","2008","2008","t","14277","A","Official value",""
"QCL","Crops and livestock products","233","Estonia","5510","Production","21111.01","Meat of cattle with the bone, fresh or chilled","2009","2009","t","14172","A","Official value",""
"QCL","Crops and livestock products","233","Estonia","5510","Production","21111.01","Meat of cattle with the bone, fresh or chilled","2010","2010","t","12926","A","Official value",""
"QCL","Crops and livestock products","233","Estonia","5510","Production","21111.01","Meat of cattle with the bone, fresh or chilled","2011","2011","t","12187","A","Official value",""
"QCL","Crops and livestock products","233","Estonia","5510","Production","21111.01","Meat of cattle with the bone, fresh or chilled","2012","2012","t","12275","A","Official value",""
"QCL","Crops and livestock products","233","Estonia","5510","Production","21111.01","Meat of cattle with the bone, fresh or chilled","2013","2013","t","11481","A","Official value",""
"QCL","Crops and livestock products","233","Estonia","5510","Production","21111.01","Meat of cattle with the bone, fresh or chilled","2014","2014","t","9800","A","Official value",""
"QCL","Crops and livestock products","233","Estonia","5510","Production","21111.01","Meat of cattle with the bone, fresh or chilled","2015","2015","t","12600","A","Official value",""
"QCL","Crops and livestock products","233","Estonia","5510","Production","21111.01","Meat of cattle with the bone, fresh or chilled","2016","2016","t","14800","A","Official value",""
"QCL","Crops and livestock products","233","Estonia","5510","Production","21111.01","Meat of cattle with the bone, fresh or chilled","2017","2017","t","11900","A","Official value",""
"QCL","Crops and livestock products","233","Estonia","5510","Production","21111.01","Meat of cattle with the bone, fresh or chilled","2018","2018","t","9760","A","Official value",""
"QCL","Crops and livestock products","233","Estonia","5510","Production","21111.01","Meat of cattle with the bone, fresh or chilled","2019","2019","t","9250","A","Official value",""
"QCL","Crops and livestock products","233","Estonia","5510","Production","21111.01","Meat of cattle with the bone, fresh or chilled","2020","2020","t","9580","A","Official value",""
"QCL","Crops and livestock products","233","Estonia","5510","Production","21111.01","Meat of cattle with the bone, fresh or chilled","2021","2021","t","9950","A","Official value",""
"QCL","Crops and livestock products","233","Estonia","5510","Production","21111.01","Meat of cattle with the bone, fresh or chilled","2022","2022","t","8770","A","Official value",""
"QCL","Crops and livestock products","233","Estonia","5510","Production","21111.01","Meat of cattle with the bone, fresh or chilled","2023","2023","t","7950","A","Official value",""
"QCL","Crops and livestock products","233","Estonia","5510","Production","21111.01","Meat of cattle with the bone, fresh or chilled","2024","2024","t","7720","A","Official value",""
"QCL","Crops and livestock products","748","Eswatini","5510","Production","21111.01","Meat of cattle with the bone, fresh or chilled","2005","2005","t","14300","E","Estimated value",""
"QCL","Crops and livestock products","748","Eswatini","5510","Production","21111.01","Meat of cattle with the bone, fresh or chilled","2006","2006","t","15000","E","Estimated value",""
"QCL","Crops and livestock products","748","Eswatini","5510","Production","21111.01","Meat of cattle with the bone, fresh or chilled","2007","2007","t","15000","E","Estimated value",""
"QCL","Crops and livestock products","748","Eswatini","5510","Production","21111.01","Meat of cattle with the bone, fresh or chilled","2008","2008","t","15200","E","Estimated value",""
"QCL","Crops and livestock products","748","Eswatini","5510","Production","21111.01","Meat of cattle with the bone, fresh or chilled","2009","2009","t","15400","E","Estimated value",""
"QCL","Crops and livestock products","748","Eswatini","5510","Production","21111.01","Meat of cattle with the bone, fresh or chilled","2010","2010","t","15850","E","Estimated value",""
"QCL","Crops and livestock products","748","Eswatini","5510","Production","21111.01","Meat of cattle with the bone, fresh or chilled","2011","2011","t","16450","E","Estimated value",""
"QCL","Crops and livestock products","748","Eswatini","5510","Production","21111.01","Meat of cattle with the bone, fresh or chilled","2012","2012","t","17000","E","Estimated value",""
"QCL","Crops and livestock products","748","Eswatini","5510","Production","21111.01","Meat of cattle with the bone, fresh or chilled","2013","2013","t","16310.25","I","Value imputed by a receiving agency",""
"QCL","Crops and livestock products","748","Eswatini","5510","Production","21111.01","Meat of cattle with the bone, fresh or chilled","2014","2014","t","16153.31","I","Value imputed by a receiving agency",""
"QCL","Crops and livestock products","748","Eswatini","5510","Production","21111.01","Meat of cattle with the bone, fresh or chilled","2015","2015","t","15484.24","I","Value imputed by a receiving agency",""
"QCL","Crops and livestock products","748","Eswatini","5510","Production","21111.01","Meat of cattle with the bone, fresh or chilled","2016","2016","t","13979.74","I","Value imputed by a receiving agency",""
"QCL","Crops and livestock products","748","Eswatini","5510","Production","21111.01","Meat of cattle with the bone, fresh or chilled","2017","2017","t","13511.51","I","Value imputed by a receiving agency",""
"QCL","Crops and livestock products","748","Eswatini","5510","Production","21111.01","Meat of cattle with the bone, fresh or chilled","2018","2018","t","13324.32","I","Value imputed by a receiving agency",""
"QCL","Crops and livestock products","748","Eswatini","5510","Production","21111.01","Meat of cattle with the bone, fresh or chilled","2019","2019","t","14097.62","I","Value imputed by a receiving agency",""
"QCL","Crops and livestock products","748","Eswatini","5510","Production","21111.01","Meat of cattle with the bone, fresh or chilled","2020","2020","t","14665.25","I","Value imputed by a receiving agency",""
"QCL","Crops and livestock products","748","Eswatini","5510","Production","21111.01","Meat of cattle with the bone, fresh or chilled","2021","2021","t","14924.94","I","Value imputed by a receiving agency",""
"QCL","Crops and livestock products","748","Eswatini","5510","Production","21111.01","Meat of cattle with the bone, fresh or chilled","2022","2022","t","15202.44","I","Value imputed by a receiving agency",""
"QCL","Crops and livestock products","748","Eswatini","5510","Production","21111.01","Meat of cattle with the bone, fresh or chilled","2023","2023","t","16767.93","I","Value imputed by a receiving agency",""
"QCL","Crops and livestock products","748","Eswatini","5510","Production","21111.01","Meat of cattle with the bone, fresh or chilled","2024","2024","t","17957.1","I","Value imputed by a receiving agency",""
"QCL","Crops and livestock products","231","Ethiopia","5510","Production","21111.01","Meat of cattle with the bone, fresh or chilled","2005","2005","t","350260","E","Estimated value",""
"QCL","Crops and livestock products","231","Ethiopia","5510","Production","21111.01","Meat of cattle with the bone, fresh or chilled","2006","2006","t","374000","E","Estimated value",""
"QCL","Crops and livestock products","231","Ethiopia","5510","Production","21111.01","Meat of cattle with the bone, fresh or chilled","2007","2007","t","363000","E","Estimated value",""
"QCL","Crops and livestock products","231","Ethiopia","5510","Production","21111.01","Meat of cattle with the bone, fresh or chilled","2008","2008","t","380000","E","Estimated value",""
"QCL","Crops and livestock products","231","Ethiopia","5510","Production","21111.01","Meat of cattle with the bone, fresh or chilled","2009","2009","t","355000","E","Estimated value",""
"QCL","Crops and livestock products","231","Ethiopia","5510","Production","21111.01","Meat of cattle with the bone, fresh or chilled","2010","2010","t","419999.98","E","Estimated value",""
"QCL","Crops and livestock products","231","Ethiopia","5510","Production","21111.01","Meat of cattle with the bone, fresh or chilled","2011","2011","t","410000.01","E","Estimated value",""
"QCL","Crops and livestock products","231","Ethiopia","5510","Production","21111.01","Meat of cattle with the bone, fresh or chilled","2012","2012","t","338150","E","Estimated value",""
"QCL","Crops and livestock products","231","Ethiopia","5510","Production","21111.01","Meat of cattle with the bone, fresh or chilled","2013","2013","t","340750.01","E","Estimated value",""
"QCL","Crops and livestock products","231","Ethiopia","5510","Production","21111.01","Meat of cattle with the bone, fresh or chilled","2014","2014","t","378944.26","I","Value imputed by a receiving agency",""
"QCL","Crops and livestock products","231","Ethiopia","5510","Production","21111.01","Meat of cattle with the bone, fresh or chilled","2015","2015","t","387804.82","I","Value imputed by a receiving agency",""
"QCL","Crops and livestock products","231","Ethiopia","5510","Production","21111.01","Meat of cattle with the bone, fresh or chilled","2016","2016","t","387928.28","I","Value imputed by a receiving agency",""
"QCL","Crops and livestock products","231","Ethiopia","5510","Production","21111.01","Meat of cattle with the bone, fresh or chilled","2017","2017","t","396041.61","I","Value imputed by a receiving agency",""
"QCL","Crops and livestock products","231","Ethiopia","5510","Production","21111.01","Meat of cattle with the bone, fresh or chilled","2018","2018","t","399998.05","I","Value imputed by a receiving agency",""
"QCL","Crops and livestock products","231","Ethiopia","5510","Production","21111.01","Meat of cattle with the bone, fresh or chilled","2019","2019","t","419292.66","I","Value imputed by a receiving agency",""
"QCL","Crops and livestock products","231","Ethiopia","5510","Production","21111.01","Meat of cattle with the bone, fresh or chilled","2020","2020","t","442176.54","I","Value imputed by a receiving agency",""
"QCL","Crops and livestock products","231","Ethiopia","5510","Production","21111.01","Meat of cattle with the bone, fresh or chilled","2021","2021","t","422778.48","I","Value imputed by a receiving agency",""
"QCL","Crops and livestock products","231","Ethiopia","5510","Production","21111.01","Meat of cattle with the bone, fresh or chilled","2022","2022","t","405990.25","I","Value imputed by a receiving agency",""
"QCL","Crops and livestock products","231","Ethiopia","5510","Production","21111.01","Meat of cattle with the bone, fresh or chilled","2023","2023","t","418983.41","I","Value imputed by a receiving agency",""
"QCL","Crops and livestock products","231","Ethiopia","5510","Production","21111.01","Meat of cattle with the bone, fresh or chilled","2024","2024","t","428612.34","I","Value imputed by a receiving agency",""
"QCL","Crops and livestock products","234","Faroe Islands","5510","Production","21111.01","Meat of cattle with the bone, fresh or chilled","2005","2005","t","83.26","I","Value imputed by a receiving agency",""
"QCL","Crops and livestock products","234","Faroe Islands","5510","Production","21111.01","Meat of cattle with the bone, fresh or chilled","2006","2006","t","81","E","Estimated value",""
"QCL","Crops and livestock products","234","Faroe Islands","5510","Production","21111.01","Meat of cattle with the bone, fresh or chilled","2007","2007","t","78","E","Estimated value",""
"QCL","Crops and livestock products","234","Faroe Islands","5510","Production","21111.01","Meat of cattle with the bone, fresh or chilled","2008","2008","t","78","E","Estimated value",""
"QCL","Crops and livestock products","234","Faroe Islands","5510","Production","21111.01","Meat of cattle with the bone, fresh or chilled","2009","2009","t","78","E","Estimated value",""
"QCL","Crops and livestock products","234","Faroe Islands","5510","Production","21111.01","Meat of cattle with the bone, fresh or chilled","2010","2010","t","78","E","Estimated value",""
"QCL","Crops and livestock products","234","Faroe Islands","5510","Production","21111.01","Meat of cattle with the bone, fresh or chilled","2011","2011","t","96","E","Estimated value",""
"QCL","Crops and livestock products","234","Faroe Islands","5510","Production","21111.01","Meat of cattle with the bone, fresh or chilled","2012","2012","t","96","E","Estimated value",""
"QCL","Crops and livestock products","234","Faroe Islands","5510","Production","21111.01","Meat of cattle with the bone, fresh or chilled","2013","2013","t","96","E","Estimated value",""
"QCL","Crops and livestock products","234","Faroe Islands","5510","Production","21111.01","Meat of cattle with the bone, fresh or chilled","2014","2014","t","45","A","Official value",""
"QCL","Crops and livestock products","234","Faroe Islands","5510","Production","21111.01","Meat of cattle with the bone, fresh or chilled","2015","2015","t","57","A","Official value",""
"QCL","Crops and livestock products","234","Faroe Islands","5510","Production","21111.01","Meat of cattle with the bone, fresh or chilled","2016","2016","t","45","A","Official value",""
"QCL","Crops and livestock products","234","Faroe Islands","5510","Production","21111.01","Meat of cattle with the bone, fresh or chilled","2017","2017","t","52","A","Official value",""
"QCL","Crops and livestock products","234","Faroe Islands","5510","Production","21111.01","Meat of cattle with the bone, fresh or chilled","2018","2018","t","65","A","Official value",""
"QCL","Crops and livestock products","234","Faroe Islands","5510","Production","21111.01","Meat of cattle with the bone, fresh or chilled","2019","2019","t","50","A","Official value",""
"QCL","Crops and livestock products","234","Faroe Islands","5510","Production","21111.01","Meat of cattle with the bone, fresh or chilled","2020","2020","t","69","A","Official value",""
"QCL","Crops and livestock products","234","Faroe Islands","5510","Production","21111.01","Meat of cattle with the bone, fresh or chilled","2021","2021","t","64","A","Official value",""
"QCL","Crops and livestock products","234","Faroe Islands","5510","Production","21111.01","Meat of cattle with the bone, fresh or chilled","2022","2022","t","103","A","Official value",""
"QCL","Crops and livestock products","234","Faroe Islands","5510","Production","21111.01","Meat of cattle with the bone, fresh or chilled","2023","2023","t","84","A","Official value",""
"QCL","Crops and livestock products","234","Faroe Islands","5510","Production","21111.01","Meat of cattle with the bone, fresh or chilled","2024","2024","t","77","A","Official value",""
"QCL","Crops and livestock products","242","Fiji","5510","Production","21111.01","Meat of cattle with the bone, fresh or chilled","2005","2005","t","2252","A","Official value",""
"QCL","Crops and livestock products","242","Fiji","5510","Production","21111.01","Meat of cattle with the bone, fresh or chilled","2006","2006","t","2255","A","Official value",""
"QCL","Crops and livestock products","242","Fiji","5510","Production","21111.01","Meat of cattle with the bone, fresh or chilled","2007","2007","t","1958","A","Official value",""
"QCL","Crops and livestock products","242","Fiji","5510","Production","21111.01","Meat of cattle with the bone, fresh or chilled","2008","2008","t","1866","A","Official value",""
"QCL","Crops and livestock products","242","Fiji","5510","Production","21111.01","Meat of cattle with the bone, fresh or chilled","2009","2009","t","1719","A","Official value",""
"QCL","Crops and livestock products","242","Fiji","5510","Production","21111.01","Meat of cattle with the bone, fresh or chilled","2010","2010","t","2022.9","A","Official value",""
"QCL","Crops and livestock products","242","Fiji","5510","Production","21111.01","Meat of cattle with the bone, fresh or chilled","2011","2011","t","2197","A","Official value",""
"QCL","Crops and livestock products","242","Fiji","5510","Production","21111.01","Meat of cattle with the bone, fresh or chilled","2012","2012","t","1613","A","Official value",""
"QCL","Crops and livestock products","242","Fiji","5510","Production","21111.01","Meat of cattle with the bone, fresh or chilled","2013","2013","t","2272","A","Official value",""
"QCL","Crops and livestock products","242","Fiji","5510","Production","21111.01","Meat of cattle with the bone, fresh or chilled","2014","2014","t","2800","A","Official value",""
"QCL","Crops and livestock products","242","Fiji","5510","Production","21111.01","Meat of cattle with the bone, fresh or chilled","2015","2015","t","3591","A","Official value",""
"QCL","Crops and livestock products","242","Fiji","5510","Production","21111.01","Meat of cattle with the bone, fresh or chilled","2016","2016","t","2032","A","Official value",""
"QCL","Crops and livestock products","242","Fiji","5510","Production","21111.01","Meat of cattle with the bone, fresh or chilled","2017","2017","t","4207","A","Official value",""
"QCL","Crops and livestock products","242","Fiji","5510","Production","21111.01","Meat of cattle with the bone, fresh or chilled","2018","2018","t","3587","A","Official value",""
"QCL","Crops and livestock products","242","Fiji","5510","Production","21111.01","Meat of cattle with the bone, fresh or chilled","2019","2019","t","2794","A","Official value",""
"QCL","Crops and livestock products","242","Fiji","5510","Production","21111.01","Meat of cattle with the bone, fresh or chilled","2020","2020","t","2507","A","Official value",""
"QCL","Crops and livestock products","242","Fiji","5510","Production","21111.01","Meat of cattle with the bone, fresh or chilled","2021","2021","t","3989","A","Official value",""
"QCL","Crops and livestock products","242","Fiji","5510","Production","21111.01","Meat of cattle with the bone, fresh or chilled","2022","2022","t","3706","A","Official value",""
"QCL","Crops and livestock products","242","Fiji","5510","Production","21111.01","Meat of cattle with the bone, fresh or chilled","2023","2023","t","4575","A","Official value",""
"QCL","Crops and livestock products","242","Fiji","5510","Production","21111.01","Meat of cattle with the bone, fresh or chilled","2024","2024","t","4159.7","A","Official value",""
"QCL","Crops and livestock products","246","Finland","5510","Production","21111.01","Meat of cattle with the bone, fresh or chilled","2005","2005","t","86710","A","Official value",""
"QCL","Crops and livestock products","246","Finland","5510","Production","21111.01","Meat of cattle with the bone, fresh or chilled","2006","2006","t","87150","A","Official value",""
"QCL","Crops and livestock products","246","Finland","5510","Production","21111.01","Meat of cattle with the bone, fresh or chilled","2007","2007","t","88570","A","Official value",""
"QCL","Crops and livestock products","246","Finland","5510","Production","21111.01","Meat of cattle with the bone, fresh or chilled","2008","2008","t","81900","A","Official value",""
"QCL","Crops and livestock products","246","Finland","5510","Production","21111.01","Meat of cattle with the bone, fresh or chilled","2009","2009","t","82050","A","Official value",""
"QCL","Crops and livestock products","246","Finland","5510","Production","21111.01","Meat of cattle with the bone, fresh or chilled","2010","2010","t","83040","A","Official value",""
"QCL","Crops and livestock products","246","Finland","5510","Production","21111.01","Meat of cattle with the bone, fresh or chilled","2011","2011","t","83500","A","Official value",""
"QCL","Crops and livestock products","246","Finland","5510","Production","21111.01","Meat of cattle with the bone, fresh or chilled","2012","2012","t","81180","A","Official value",""
"QCL","Crops and livestock products","246","Finland","5510","Production","21111.01","Meat of cattle with the bone, fresh or chilled","2013","2013","t","81190","A","Official value",""
"QCL","Crops and livestock products","246","Finland","5510","Production","21111.01","Meat of cattle with the bone, fresh or chilled","2014","2014","t","83069","A","Official value",""
"QCL","Crops and livestock products","246","Finland","5510","Production","21111.01","Meat of cattle with the bone, fresh or chilled","2015","2015","t","86490","A","Official value",""
"QCL","Crops and livestock products","246","Finland","5510","Production","21111.01","Meat of cattle with the bone, fresh or chilled","2016","2016","t","86720","A","Official value",""
"QCL","Crops and livestock products","246","Finland","5510","Production","21111.01","Meat of cattle with the bone, fresh or chilled","2017","2017","t","86080","A","Official value",""
"QCL","Crops and livestock products","246","Finland","5510","Production","21111.01","Meat of cattle with the bone, fresh or chilled","2018","2018","t","87060","A","Official value",""
"QCL","Crops and livestock products","246","Finland","5510","Production","21111.01","Meat of cattle with the bone, fresh or chilled","2019","2019","t","87760","A","Official value",""
"QCL","Crops and livestock products","246","Finland","5510","Production","21111.01","Meat of cattle with the bone, fresh or chilled","2020","2020","t","87110","A","Official value",""
"QCL","Crops and livestock products","246","Finland","5510","Production","21111.01","Meat of cattle with the bone, fresh or chilled","2021","2021","t","86250","A","Official value",""
"QCL","Crops and livestock products","246","Finland","5510","Production","21111.01","Meat of cattle with the bone, fresh or chilled","2022","2022","t","84580","A","Official value",""
"QCL","Crops and livestock products","246","Finland","5510","Production","21111.01","Meat of cattle with the bone, fresh or chilled","2023","2023","t","85390","A","Official value",""
"QCL","Crops and livestock products","246","Finland","5510","Production","21111.01","Meat of cattle with the bone, fresh or chilled","2024","2024","t","86510","A","Official value",""
"QCL","Crops and livestock products","250","France","5510","Production","21111.01","Meat of cattle with the bone, fresh or chilled","2005","2005","t","1546741","A","Official value",""
"QCL","Crops and livestock products","250","France","5510","Production","21111.01","Meat of cattle with the bone, fresh or chilled","2006","2006","t","1486675","A","Official value",""
"QCL","Crops and livestock products","250","France","5510","Production","21111.01","Meat of cattle with the bone, fresh or chilled","2007","2007","t","1502561.1","A","Official value",""
"QCL","Crops and livestock products","250","France","5510","Production","21111.01","Meat of cattle with the bone, fresh or chilled","2008","2008","t","1502901.1","A","Official value",""
"QCL","Crops and livestock products","250","France","5510","Production","21111.01","Meat of cattle with the bone, fresh or chilled","2009","2009","t","1515808","A","Official value",""
"QCL","Crops and livestock products","250","France","5510","Production","21111.01","Meat of cattle with the bone, fresh or chilled","2010","2010","t","1530257.8","A","Official value",""
"QCL","Crops and livestock products","250","France","5510","Production","21111.01","Meat of cattle with the bone, fresh or chilled","2011","2011","t","1566805.6","A","Official value",""
"QCL","Crops and livestock products","250","France","5510","Production","21111.01","Meat of cattle with the bone, fresh or chilled","2012","2012","t","1493864.7","A","Official value",""
"QCL","Crops and livestock products","250","France","5510","Production","21111.01","Meat of cattle with the bone, fresh or chilled","2013","2013","t","1400331","A","Official value",""
"QCL","Crops and livestock products","250","France","5510","Production","21111.01","Meat of cattle with the bone, fresh or chilled","2014","2014","t","1410854","A","Official value",""
"QCL","Crops and livestock products","250","France","5510","Production","21111.01","Meat of cattle with the bone, fresh or chilled","2015","2015","t","1447906","A","Official value",""
"QCL","Crops and livestock products","250","France","5510","Production","21111.01","Meat of cattle with the bone, fresh or chilled","2016","2016","t","1466098.9","A","Official value",""
"QCL","Crops and livestock products","250","France","5510","Production","21111.01","Meat of cattle with the bone, fresh or chilled","2017","2017","t","1432779.9","A","Official value",""
"QCL","Crops and livestock products","250","France","5510","Production","21111.01","Meat of cattle with the bone, fresh or chilled","2018","2018","t","1460000","A","Official value",""
"QCL","Crops and livestock products","250","France","5510","Production","21111.01","Meat of cattle with the bone, fresh or chilled","2019","2019","t","1428460","A","Official value",""
"QCL","Crops and livestock products","250","France","5510","Production","21111.01","Meat of cattle with the bone, fresh or chilled","2020","2020","t","1434590","A","Official value",""
"QCL","Crops and livestock products","250","France","5510","Production","21111.01","Meat of cattle with the bone, fresh or chilled","2021","2021","t","1424320","A","Official value",""
"QCL","Crops and livestock products","250","France","5510","Production","21111.01","Meat of cattle with the bone, fresh or chilled","2022","2022","t","1361310","A","Official value",""
"QCL","Crops and livestock products","250","France","5510","Production","21111.01","Meat of cattle with the bone, fresh or chilled","2023","2023","t","1301420","A","Official value",""
"QCL","Crops and livestock products","250","France","5510","Production","21111.01","Meat of cattle with the bone, fresh or chilled","2024","2024","t","1298540","A","Official value",""
"QCL","Crops and livestock products","254","French Guiana","5510","Production","21111.01","Meat of cattle with the bone, fresh or chilled","2005","2005","t","272","A","Official value",""
"QCL","Crops and livestock products","254","French Guiana","5510","Production","21111.01","Meat of cattle with the bone, fresh or chilled","2006","2006","t","295","A","Official value",""
"QCL","Crops and livestock products","258","French Polynesia","5510","Production","21111.01","Meat of cattle with the bone, fresh or chilled","2005","2005","t","129","A","Official value",""
"QCL","Crops and livestock products","258","French Polynesia","5510","Production","21111.01","Meat of cattle with the bone, fresh or chilled","2006","2006","t","130","X","Value from external organization","Unofficial figure"
"QCL","Crops and livestock products","258","French Polynesia","5510","Production","21111.01","Meat of cattle with the bone, fresh or chilled","2007","2007","t","149","A","Official value",""
"QCL","Crops and livestock products","258","French Polynesia","5510","Production","21111.01","Meat of cattle with the bone, fresh or chilled","2008","2008","t","118","A","Official value",""
"QCL","Crops and livestock products","258","French Polynesia","5510","Production","21111.01","Meat of cattle with the bone, fresh or chilled","2009","2009","t","162","A","Official value",""
"QCL","Crops and livestock products","258","French Polynesia","5510","Production","21111.01","Meat of cattle with the bone, fresh or chilled","2010","2010","t","116","A","Official value",""
"QCL","Crops and livestock products","258","French Polynesia","5510","Production","21111.01","Meat of cattle with the bone, fresh or chilled","2011","2011","t","132","A","Official value",""
"QCL","Crops and livestock products","258","French Polynesia","5510","Production","21111.01","Meat of cattle with the bone, fresh or chilled","2012","2012","t","164","A","Official value",""
"QCL","Crops and livestock products","258","French Polynesia","5510","Production","21111.01","Meat of cattle with the bone, fresh or chilled","2013","2013","t","144","A","Official value",""
"QCL","Crops and livestock products","258","French Polynesia","5510","Production","21111.01","Meat of cattle with the bone, fresh or chilled","2014","2014","t","147","A","Official value",""
"QCL","Crops and livestock products","258","French Polynesia","5510","Production","21111.01","Meat of cattle with the bone, fresh or chilled","2015","2015","t","145","A","Official value",""
"QCL","Crops and livestock products","258","French Polynesia","5510","Production","21111.01","Meat of cattle with the bone, fresh or chilled","2016","2016","t","149","A","Official value",""
"QCL","Crops and livestock products","258","French Polynesia","5510","Production","21111.01","Meat of cattle with the bone, fresh or chilled","2017","2017","t","156","A","Official value",""
"QCL","Crops and livestock products","258","French Polynesia","5510","Production","21111.01","Meat of cattle with the bone, fresh or chilled","2018","2018","t","187","A","Official value",""
"QCL","Crops and livestock products","258","French Polynesia","5510","Production","21111.01","Meat of cattle with the bone, fresh or chilled","2019","2019","t","181","A","Official value",""
"QCL","Crops and livestock products","258","French Polynesia","5510","Production","21111.01","Meat of cattle with the bone, fresh or chilled","2020","2020","t","188","A","Official value",""
"QCL","Crops and livestock products","258","French Polynesia","5510","Production","21111.01","Meat of cattle with the bone, fresh or chilled","2021","2021","t","205.36","A","Official value",""
"QCL","Crops and livestock products","258","French Polynesia","5510","Production","21111.01","Meat of cattle with the bone, fresh or chilled","2022","2022","t","204.79","A","Official value",""
"QCL","Crops and livestock products","258","French Polynesia","5510","Production","21111.01","Meat of cattle with the bone, fresh or chilled","2023","2023","t","172.42","A","Official value",""
"QCL","Crops and livestock products","258","French Polynesia","5510","Production","21111.01","Meat of cattle with the bone, fresh or chilled","2024","2024","t","163.47","I","Value imputed by a receiving agency",""
"QCL","Crops and livestock products","266","Gabon","5510","Production","21111.01","Meat of cattle with the bone, fresh or chilled","2005","2005","t","1570.8","E","Estimated value",""
"QCL","Crops and livestock products","266","Gabon","5510","Production","21111.01","Meat of cattle with the bone, fresh or chilled","2006","2006","t","1108.8","E","Estimated value",""
"QCL","Crops and livestock products","266","Gabon","5510","Production","21111.01","Meat of cattle with the bone, fresh or chilled","2007","2007","t","1029.6","E","Estimated value",""
"QCL","Crops and livestock products","266","Gabon","5510","Production","21111.01","Meat of cattle with the bone, fresh or chilled","2008","2008","t","1122","E","Estimated value",""
"QCL","Crops and livestock products","266","Gabon","5510","Production","21111.01","Meat of cattle with the bone, fresh or chilled","2009","2009","t","1122","E","Estimated value",""
"QCL","Crops and livestock products","266","Gabon","5510","Production","21111.01","Meat of cattle with the bone, fresh or chilled","2010","2010","t","1135.2","E","Estimated value",""
"QCL","Crops and livestock products","266","Gabon","5510","Production","21111.01","Meat of cattle with the bone, fresh or chilled","2011","2011","t","1148.4","E","Estimated value",""
"QCL","Crops and livestock products","266","Gabon","5510","Production","21111.01","Meat of cattle with the bone, fresh or chilled","2012","2012","t","1155","E","Estimated value",""
"QCL","Crops and livestock products","266","Gabon","5510","Production","21111.01","Meat of cattle with the bone, fresh or chilled","2013","2013","t","1161.6","E","Estimated value",""
"QCL","Crops and livestock products","266","Gabon","5510","Production","21111.01","Meat of cattle with the bone, fresh or chilled","2014","2014","t","1182.79","I","Value imputed by a receiving agency",""
"QCL","Crops and livestock products","266","Gabon","5510","Production","21111.01","Meat of cattle with the bone, fresh or chilled","2015","2015","t","1161.99","I","Value imputed by a receiving agency",""
"QCL","Crops and livestock products","266","Gabon","5510","Production","21111.01","Meat of cattle with the bone, fresh or chilled","2016","2016","t","1047.26","I","Value imputed by a receiving agency",""
"QCL","Crops and livestock products","266","Gabon","5510","Production","21111.01","Meat of cattle with the bone, fresh or chilled","2017","2017","t","921.1","I","Value imputed by a receiving agency",""
"QCL","Crops and livestock products","266","Gabon","5510","Production","21111.01","Meat of cattle with the bone, fresh or chilled","2018","2018","t","1020.87","E","Estimated value",""
"QCL","Crops and livestock products","266","Gabon","5510","Production","21111.01","Meat of cattle with the bone, fresh or chilled","2019","2019","t","918.11","I","Value imputed by a receiving agency",""
"QCL","Crops and livestock products","266","Gabon","5510","Production","21111.01","Meat of cattle with the bone, fresh or chilled","2020","2020","t","792.6","I","Value imputed by a receiving agency",""
"QCL","Crops and livestock products","266","Gabon","5510","Production","21111.01","Meat of cattle with the bone, fresh or chilled","2021","2021","t","812.39","I","Value imputed by a receiving agency",""
"QCL","Crops and livestock products","266","Gabon","5510","Production","21111.01","Meat of cattle with the bone, fresh or chilled","2022","2022","t","787.55","I","Value imputed by a receiving agency",""
"QCL","Crops and livestock products","266","Gabon","5510","Production","21111.01","Meat of cattle with the bone, fresh or chilled","2023","2023","t","770.95","I","Value imputed by a receiving agency",""
"QCL","Crops and livestock products","266","Gabon","5510","Production","21111.01","Meat of cattle with the bone, fresh or chilled","2024","2024","t","754.6","I","Value imputed by a receiving agency",""
"QCL","Crops and livestock products","270","Gambia","5510","Production","21111.01","Meat of cattle with the bone, fresh or chilled","2005","2005","t","3936","E","Estimated value",""
"QCL","Crops and livestock products","270","Gambia","5510","Production","21111.01","Meat of cattle with the bone, fresh or chilled","2006","2006","t","3964.8","E","Estimated value",""
"QCL","Crops and livestock products","270","Gambia","5510","Production","21111.01","Meat of cattle with the bone, fresh or chilled","2007","2007","t","3984","E","Estimated value",""
"QCL","Crops and livestock products","270","Gambia","5510","Production","21111.01","Meat of cattle with the bone, fresh or chilled","2008","2008","t","4032","E","Estimated value",""
"QCL","Crops and livestock products","270","Gambia","5510","Production","21111.01","Meat of cattle with the bone, fresh or chilled","2009","2009","t","4146","E","Estimated value",""
"QCL","Crops and livestock products","270","Gambia","5510","Production","21111.01","Meat of cattle with the bone, fresh or chilled","2010","2010","t","4080","E","Estimated value",""
"QCL","Crops and livestock products","270","Gambia","5510","Production","21111.01","Meat of cattle with the bone, fresh or chilled","2011","2011","t","3840","E","Estimated value",""
"QCL","Crops and livestock products","270","Gambia","5510","Production","21111.01","Meat of cattle with the bone, fresh or chilled","2012","2012","t","3840","E","Estimated value",""
"QCL","Crops and livestock products","270","Gambia","5510","Production","21111.01","Meat of cattle with the bone, fresh or chilled","2013","2013","t","3720","E","Estimated value",""
"QCL","Crops and livestock products","270","Gambia","5510","Production","21111.01","Meat of cattle with the bone, fresh or chilled","2014","2014","t","4052.07","I","Value imputed by a receiving agency",""
"QCL","Crops and livestock products","270","Gambia","5510","Production","21111.01","Meat of cattle with the bone, fresh or chilled","2015","2015","t","4439.25","I","Value imputed by a receiving agency",""
"QCL","Crops and livestock products","270","Gambia","5510","Production","21111.01","Meat of cattle with the bone, fresh or chilled","2016","2016","t","4219.78","I","Value imputed by a receiving agency",""
"QCL","Crops and livestock products","270","Gambia","5510","Production","21111.01","Meat of cattle with the bone, fresh or chilled","2017","2017","t","3585.27","I","Value imputed by a receiving agency",""
"QCL","Crops and livestock products","270","Gambia","5510","Production","21111.01","Meat of cattle with the bone, fresh or chilled","2018","2018","t","3001.69","I","Value imputed by a receiving agency",""
"QCL","Crops and livestock products","270","Gambia","5510","Production","21111.01","Meat of cattle with the bone, fresh or chilled","2019","2019","t","2704.72","I","Value imputed by a receiving agency",""
"QCL","Crops and livestock products","270","Gambia","5510","Production","21111.01","Meat of cattle with the bone, fresh or chilled","2020","2020","t","2407.17","I","Value imputed by a receiving agency",""
"QCL","Crops and livestock products","270","Gambia","5510","Production","21111.01","Meat of cattle with the bone, fresh or chilled","2021","2021","t","2402.88","I","Value imputed by a receiving agency",""
"QCL","Crops and livestock products","270","Gambia","5510","Production","21111.01","Meat of cattle with the bone, fresh or chilled","2022","2022","t","2360.35","I","Value imputed by a receiving agency",""
"QCL","Crops and livestock products","270","Gambia","5510","Production","21111.01","Meat of cattle with the bone, fresh or chilled","2023","2023","t","2536.98","I","Value imputed by a receiving agency",""
"QCL","Crops and livestock products","270","Gambia","5510","Production","21111.01","Meat of cattle with the bone, fresh or chilled","2024","2024","t","2576.57","I","Value imputed by a receiving agency",""
"QCL","Crops and livestock products","268","Georgia","5510","Production","21111.01","Meat of cattle with the bone, fresh or chilled","2005","2005","t","46404","A","Official value",""
"QCL","Crops and livestock products","268","Georgia","5510","Production","21111.01","Meat of cattle with the bone, fresh or chilled","2006","2006","t","33000","A","Official value",""
"QCL","Crops and livestock products","268","Georgia","5510","Production","21111.01","Meat of cattle with the bone, fresh or chilled","2007","2007","t","31300","A","Official value",""
"QCL","Crops and livestock products","268","Georgia","5510","Production","21111.01","Meat of cattle with the bone, fresh or chilled","2008","2008","t","25100","A","Official value",""
"QCL","Crops and livestock products","268","Georgia","5510","Production","21111.01","Meat of cattle with the bone, fresh or chilled","2009","2009","t","29200","A","Official value",""
"QCL","Crops and livestock products","268","Georgia","5510","Production","21111.01","Meat of cattle with the bone, fresh or chilled","2010","2010","t","26700","A","Official value",""
"QCL","Crops and livestock products","268","Georgia","5510","Production","21111.01","Meat of cattle with the bone, fresh or chilled","2011","2011","t","21300","A","Official value",""
"QCL","Crops and livestock products","268","Georgia","5510","Production","21111.01","Meat of cattle with the bone, fresh or chilled","2012","2012","t","16200","A","Official value",""
"QCL","Crops and livestock products","268","Georgia","5510","Production","21111.01","Meat of cattle with the bone, fresh or chilled","2013","2013","t","20200","A","Official value",""
"QCL","Crops and livestock products","268","Georgia","5510","Production","21111.01","Meat of cattle with the bone, fresh or chilled","2014","2014","t","22800","A","Official value",""
"QCL","Crops and livestock products","268","Georgia","5510","Production","21111.01","Meat of cattle with the bone, fresh or chilled","2015","2015","t","24400","A","Official value",""
"QCL","Crops and livestock products","268","Georgia","5510","Production","21111.01","Meat of cattle with the bone, fresh or chilled","2016","2016","t","21500","A","Official value",""
"QCL","Crops and livestock products","268","Georgia","5510","Production","21111.01","Meat of cattle with the bone, fresh or chilled","2017","2017","t","21400","A","Official value",""
"QCL","Crops and livestock products","268","Georgia","5510","Production","21111.01","Meat of cattle with the bone, fresh or chilled","2018","2018","t","22900","A","Official value",""
"QCL","Crops and livestock products","268","Georgia","5510","Production","21111.01","Meat of cattle with the bone, fresh or chilled","2019","2019","t","22100","A","Official value",""
"QCL","Crops and livestock products","268","Georgia","5510","Production","21111.01","Meat of cattle with the bone, fresh or chilled","2020","2020","t","20100","A","Official value",""
"QCL","Crops and livestock products","268","Georgia","5510","Production","21111.01","Meat of cattle with the bone, fresh or chilled","2021","2021","t","20500","A","Official value",""
"QCL","Crops and livestock products","268","Georgia","5510","Production","21111.01","Meat of cattle with the bone, fresh or chilled","2022","2022","t","23800","A","Official value",""
"QCL","Crops and livestock products","268","Georgia","5510","Production","21111.01","Meat of cattle with the bone, fresh or chilled","2023","2023","t","22700","A","Official value",""
"QCL","Crops and livestock products","268","Georgia","5510","Production","21111.01","Meat of cattle with the bone, fresh or chilled","2024","2024","t","26700","A","Official value",""
"QCL","Crops and livestock products","276","Germany","5510","Production","21111.01","Meat of cattle with the bone, fresh or chilled","2005","2005","t","1166900","A","Official value",""
"QCL","Crops and livestock products","276","Germany","5510","Production","21111.01","Meat of cattle with the bone, fresh or chilled","2006","2006","t","1193180","A","Official value",""
"QCL","Crops and livestock products","276","Germany","5510","Production","21111.01","Meat of cattle with the bone, fresh or chilled","2007","2007","t","1185724","A","Official value",""
"QCL","Crops and livestock products","276","Germany","5510","Production","21111.01","Meat of cattle with the bone, fresh or chilled","2008","2008","t","1199431","A","Official value",""
"QCL","Crops and livestock products","276","Germany","5510","Production","21111.01","Meat of cattle with the bone, fresh or chilled","2009","2009","t","1189615","A","Official value",""
"QCL","Crops and livestock products","276","Germany","5510","Production","21111.01","Meat of cattle with the bone, fresh or chilled","2010","2010","t","1205002","A","Official value",""
"QCL","Crops and livestock products","276","Germany","5510","Production","21111.01","Meat of cattle with the bone, fresh or chilled","2011","2011","t","1170376","A","Official value",""
"QCL","Crops and livestock products","276","Germany","5510","Production","21111.01","Meat of cattle with the bone, fresh or chilled","2012","2012","t","1146255","A","Official value",""
"QCL","Crops and livestock products","276","Germany","5510","Production","21111.01","Meat of cattle with the bone, fresh or chilled","2013","2013","t","1116507","A","Official value",""
"QCL","Crops and livestock products","276","Germany","5510","Production","21111.01","Meat of cattle with the bone, fresh or chilled","2014","2014","t","1142603","A","Official value",""
"QCL","Crops and livestock products","276","Germany","5510","Production","21111.01","Meat of cattle with the bone, fresh or chilled","2015","2015","t","1132340","A","Official value",""
"QCL","Crops and livestock products","276","Germany","5510","Production","21111.01","Meat of cattle with the bone, fresh or chilled","2016","2016","t","1155483","A","Official value",""
"QCL","Crops and livestock products","276","Germany","5510","Production","21111.01","Meat of cattle with the bone, fresh or chilled","2017","2017","t","1137008","A","Official value",""
"QCL","Crops and livestock products","276","Germany","5510","Production","21111.01","Meat of cattle with the bone, fresh or chilled","2018","2018","t","1109000","A","Official value",""
"QCL","Crops and livestock products","276","Germany","5510","Production","21111.01","Meat of cattle with the bone, fresh or chilled","2019","2019","t","1107000","A","Official value",""
"QCL","Crops and livestock products","276","Germany","5510","Production","21111.01","Meat of cattle with the bone, fresh or chilled","2020","2020","t","1092030","A","Official value",""
"QCL","Crops and livestock products","276","Germany","5510","Production","21111.01","Meat of cattle with the bone, fresh or chilled","2021","2021","t","1080430","A","Official value",""
"QCL","Crops and livestock products","276","Germany","5510","Production","21111.01","Meat of cattle with the bone, fresh or chilled","2022","2022","t","994910","A","Official value",""
"QCL","Crops and livestock products","276","Germany","5510","Production","21111.01","Meat of cattle with the bone, fresh or chilled","2023","2023","t","1004600","A","Official value",""
"QCL","Crops and livestock products","276","Germany","5510","Production","21111.01","Meat of cattle with the bone, fresh or chilled","2024","2024","t","1015350","A","Official value",""
"QCL","Crops and livestock products","288","Ghana","5510","Production","21111.01","Meat of cattle with the bone, fresh or chilled","2005","2005","t","18879","A","Official value",""
"QCL","Crops and livestock products","288","Ghana","5510","Production","21111.01","Meat of cattle with the bone, fresh or chilled","2006","2006","t","19140","A","Official value",""
"QCL","Crops and livestock products","288","Ghana","5510","Production","21111.01","Meat of cattle with the bone, fresh or chilled","2007","2007","t","19346","A","Official value",""
"QCL","Crops and livestock products","288","Ghana","5510","Production","21111.01","Meat of cattle with the bone, fresh or chilled","2008","2008","t","19553","A","Official value",""
"QCL","Crops and livestock products","288","Ghana","5510","Production","21111.01","Meat of cattle with the bone, fresh or chilled","2009","2009","t","19773","A","Official value",""
"QCL","Crops and livestock products","288","Ghana","5510","Production","21111.01","Meat of cattle with the bone, fresh or chilled","2010","2010","t","19993","A","Official value",""
"QCL","Crops and livestock products","288","Ghana","5510","Production","21111.01","Meat of cattle with the bone, fresh or chilled","2011","2011","t","20592","A","Official value",""
"QCL","Crops and livestock products","288","Ghana","5510","Production","21111.01","Meat of cattle with the bone, fresh or chilled","2012","2012","t","21221","A","Official value",""
"QCL","Crops and livestock products","288","Ghana","5510","Production","21111.01","Meat of cattle with the bone, fresh or chilled","2013","2013","t","21863","A","Official value",""
"QCL","Crops and livestock products","288","Ghana","5510","Production","21111.01","Meat of cattle with the bone, fresh or chilled","2014","2014","t","22781","A","Official value",""
"QCL","Crops and livestock products","288","Ghana","5510","Production","21111.01","Meat of cattle with the bone, fresh or chilled","2015","2015","t","23841","A","Official value",""
"QCL","Crops and livestock products","288","Ghana","5510","Production","21111.01","Meat of cattle with the bone, fresh or chilled","2016","2016","t","24961","A","Official value",""
"QCL","Crops and livestock products","288","Ghana","5510","Production","21111.01","Meat of cattle with the bone, fresh or chilled","2017","2017","t","26134","A","Official value",""
"QCL","Crops and livestock products","288","Ghana","5510","Production","21111.01","Meat of cattle with the bone, fresh or chilled","2018","2018","t","26716","A","Official value",""
"QCL","Crops and livestock products","288","Ghana","5510","Production","21111.01","Meat of cattle with the bone, fresh or chilled","2019","2019","t","27936","A","Official value",""
"QCL","Crops and livestock products","288","Ghana","5510","Production","21111.01","Meat of cattle with the bone, fresh or chilled","2020","2020","t","28999","A","Official value",""
"QCL","Crops and livestock products","288","Ghana","5510","Production","21111.01","Meat of cattle with the bone, fresh or chilled","2021","2021","t","29893","A","Official value",""
"QCL","Crops and livestock products","288","Ghana","5510","Production","21111.01","Meat of cattle with the bone, fresh or chilled","2022","2022","t","30000","E","Estimated value",""
"QCL","Crops and livestock products","288","Ghana","5510","Production","21111.01","Meat of cattle with the bone, fresh or chilled","2023","2023","t","30617.77","I","Value imputed by a receiving agency",""
"QCL","Crops and livestock products","288","Ghana","5510","Production","21111.01","Meat of cattle with the bone, fresh or chilled","2024","2024","t","31832.95","I","Value imputed by a receiving agency",""
"QCL","Crops and livestock products","300","Greece","5510","Production","21111.01","Meat of cattle with the bone, fresh or chilled","2005","2005","t","72429","A","Official value",""
"QCL","Crops and livestock products","300","Greece","5510","Production","21111.01","Meat of cattle with the bone, fresh or chilled","2006","2006","t","72874","A","Official value",""
"QCL","Crops and livestock products","300","Greece","5510","Production","21111.01","Meat of cattle with the bone, fresh or chilled","2007","2007","t","75772.69","A","Official value",""
"QCL","Crops and livestock products","300","Greece","5510","Production","21111.01","Meat of cattle with the bone, fresh or chilled","2008","2008","t","72371.57","A","Official value",""
"QCL","Crops and livestock products","300","Greece","5510","Production","21111.01","Meat of cattle with the bone, fresh or chilled","2009","2009","t","73937","A","Official value",""
"QCL","Crops and livestock products","300","Greece","5510","Production","21111.01","Meat of cattle with the bone, fresh or chilled","2010","2010","t","71955.76","A","Official value",""
"QCL","Crops and livestock products","300","Greece","5510","Production","21111.01","Meat of cattle with the bone, fresh or chilled","2011","2011","t","69816.95","A","Official value",""
"QCL","Crops and livestock products","300","Greece","5510","Production","21111.01","Meat of cattle with the bone, fresh or chilled","2012","2012","t","69462.99","A","Official value",""
"QCL","Crops and livestock products","300","Greece","5510","Production","21111.01","Meat of cattle with the bone, fresh or chilled","2013","2013","t","68746.09","A","Official value",""
"QCL","Crops and livestock products","300","Greece","5510","Production","21111.01","Meat of cattle with the bone, fresh or chilled","2014","2014","t","49216.24","A","Official value",""
"QCL","Crops and livestock products","300","Greece","5510","Production","21111.01","Meat of cattle with the bone, fresh or chilled","2015","2015","t","39199","A","Official value",""
"QCL","Crops and livestock products","300","Greece","5510","Production","21111.01","Meat of cattle with the bone, fresh or chilled","2016","2016","t","39171.6","A","Official value",""
"QCL","Crops and livestock products","300","Greece","5510","Production","21111.01","Meat of cattle with the bone, fresh or chilled","2017","2017","t","41766","A","Official value",""
"QCL","Crops and livestock products","300","Greece","5510","Production","21111.01","Meat of cattle with the bone, fresh or chilled","2018","2018","t","39640","A","Official value",""
"QCL","Crops and livestock products","300","Greece","5510","Production","21111.01","Meat of cattle with the bone, fresh or chilled","2019","2019","t","33470","A","Official value",""
"QCL","Crops and livestock products","300","Greece","5510","Production","21111.01","Meat of cattle with the bone, fresh or chilled","2020","2020","t","34740","A","Official value",""
"QCL","Crops and livestock products","300","Greece","5510","Production","21111.01","Meat of cattle with the bone, fresh or chilled","2021","2021","t","33050","A","Official value",""
"QCL","Crops and livestock products","300","Greece","5510","Production","21111.01","Meat of cattle with the bone, fresh or chilled","2022","2022","t","35540","A","Official value",""
"QCL","Crops and livestock products","300","Greece","5510","Production","21111.01","Meat of cattle with the bone, fresh or chilled","2023","2023","t","35690","A","Official value",""
"QCL","Crops and livestock products","300","Greece","5510","Production","21111.01","Meat of cattle with the bone, fresh or chilled","2024","2024","t","32440","A","Official value",""
"QCL","Crops and livestock products","308","Grenada","5510","Production","21111.01","Meat of cattle with the bone, fresh or chilled","2005","2005","t","138.73","I","Value imputed by a receiving agency",""
"QCL","Crops and livestock products","308","Grenada","5510","Production","21111.01","Meat of cattle with the bone, fresh or chilled","2006","2006","t","147.08","I","Value imputed by a receiving agency",""
"QCL","Crops and livestock products","308","Grenada","5510","Production","21111.01","Meat of cattle with the bone, fresh or chilled","2007","2007","t","147.22","I","Value imputed by a receiving agency",""
"QCL","Crops and livestock products","308","Grenada","5510","Production","21111.01","Meat of cattle with the bone, fresh or chilled","2008","2008","t","150","E","Estimated value",""
"QCL","Crops and livestock products","308","Grenada","5510","Production","21111.01","Meat of cattle with the bone, fresh or chilled","2009","2009","t","180","E","Estimated value",""
"QCL","Crops and livestock products","308","Grenada","5510","Production","21111.01","Meat of cattle with the bone, fresh or chilled","2010","2010","t","229","A","Official value",""
"QCL","Crops and livestock products","308","Grenada","5510","Production","21111.01","Meat of cattle with the bone, fresh or chilled","2011","2011","t","202.7","A","Official value",""
"QCL","Crops and livestock products","308","Grenada","5510","Production","21111.01","Meat of cattle with the bone, fresh or chilled","2012","2012","t","187","A","Official value",""
"QCL","Crops and livestock products","308","Grenada","5510","Production","21111.01","Meat of cattle with the bone, fresh or chilled","2013","2013","t","204.2","A","Official value",""
"QCL","Crops and livestock products","308","Grenada","5510","Production","21111.01","Meat of cattle with the bone, fresh or chilled","2014","2014","t","214.5","A","Official value",""
"QCL","Crops and livestock products","308","Grenada","5510","Production","21111.01","Meat of cattle with the bone, fresh or chilled","2015","2015","t","225.6","A","Official value",""
"QCL","Crops and livestock products","308","Grenada","5510","Production","21111.01","Meat of cattle with the bone, fresh or chilled","2016","2016","t","225.7","A","Official value",""
"QCL","Crops and livestock products","308","Grenada","5510","Production","21111.01","Meat of cattle with the bone, fresh or chilled","2017","2017","t","213.4","A","Official value",""
"QCL","Crops and livestock products","308","Grenada","5510","Production","21111.01","Meat of cattle with the bone, fresh or chilled","2018","2018","t","223.8","A","Official value",""
"QCL","Crops and livestock products","308","Grenada","5510","Production","21111.01","Meat of cattle with the bone, fresh or chilled","2019","2019","t","238.1","A","Official value",""
"QCL","Crops and livestock products","308","Grenada","5510","Production","21111.01","Meat of cattle with the bone, fresh or chilled","2020","2020","t","194.8","A","Official value",""
"QCL","Crops and livestock products","308","Grenada","5510","Production","21111.01","Meat of cattle with the bone, fresh or chilled","2021","2021","t","200.8","A","Official value",""
"QCL","Crops and livestock products","308","Grenada","5510","Production","21111.01","Meat of cattle with the bone, fresh or chilled","2022","2022","t","167.2","A","Official value",""
"QCL","Crops and livestock products","308","Grenada","5510","Production","21111.01","Meat of cattle with the bone, fresh or chilled","2023","2023","t","132.2","A","Official value",""
"QCL","Crops and livestock products","308","Grenada","5510","Production","21111.01","Meat of cattle with the bone, fresh or chilled","2024","2024","t","190.83","I","Value imputed by a receiving agency",""
"QCL","Crops and livestock products","312","Guadeloupe","5510","Production","21111.01","Meat of cattle with the bone, fresh or chilled","2005","2005","t","2676","X","Value from external organization","Unofficial figure"
"QCL","Crops and livestock products","312","Guadeloupe","5510","Production","21111.01","Meat of cattle with the bone, fresh or chilled","2006","2006","t","2647","X","Value from external organization","Unofficial figure"
"QCL","Crops and livestock products","320","Guatemala","5510","Production","21111.01","Meat of cattle with the bone, fresh or chilled","2005","2005","t","63000","E","Estimated value",""
"QCL","Crops and livestock products","320","Guatemala","5510","Production","21111.01","Meat of cattle with the bone, fresh or chilled","2006","2006","t","65000","E","Estimated value",""
"QCL","Crops and livestock products","320","Guatemala","5510","Production","21111.01","Meat of cattle with the bone, fresh or chilled","2007","2007","t","68934","A","Official value",""
"QCL","Crops and livestock products","320","Guatemala","5510","Production","21111.01","Meat of cattle with the bone, fresh or chilled","2008","2008","t","74186","A","Official value",""
"QCL","Crops and livestock products","320","Guatemala","5510","Production","21111.01","Meat of cattle with the bone, fresh or chilled","2009","2009","t","93375.06","I","Value imputed by a receiving agency",""
"QCL","Crops and livestock products","320","Guatemala","5510","Production","21111.01","Meat of cattle with the bone, fresh or chilled","2010","2010","t","105595.68","I","Value imputed by a receiving agency",""
"QCL","Crops and livestock products","320","Guatemala","5510","Production","21111.01","Meat of cattle with the bone, fresh or chilled","2011","2011","t","118715.39","I","Value imputed by a receiving agency",""
"QCL","Crops and livestock products","320","Guatemala","5510","Production","21111.01","Meat of cattle with the bone, fresh or chilled","2012","2012","t","136056.44","I","Value imputed by a receiving agency",""
"QCL","Crops and livestock products","320","Guatemala","5510","Production","21111.01","Meat of cattle with the bone, fresh or chilled","2013","2013","t","144575.89","I","Value imputed by a receiving agency",""
"QCL","Crops and livestock products","320","Guatemala","5510","Production","21111.01","Meat of cattle with the bone, fresh or chilled","2014","2014","t","192360","A","Official value",""
"QCL","Crops and livestock products","320","Guatemala","5510","Production","21111.01","Meat of cattle with the bone, fresh or chilled","2015","2015","t","198280","A","Official value",""
"QCL","Crops and livestock products","320","Guatemala","5510","Production","21111.01","Meat of cattle with the bone, fresh or chilled","2016","2016","t","200980","A","Official value",""
"QCL","Crops and livestock products","320","Guatemala","5510","Production","21111.01","Meat of cattle with the bone, fresh or chilled","2017","2017","t","205340","A","Official value",""
"QCL","Crops and livestock products","320","Guatemala","5510","Production","21111.01","Meat of cattle with the bone, fresh or chilled","2018","2018","t","200980","A","Official value",""
"QCL","Crops and livestock products","320","Guatemala","5510","Production","21111.01","Meat of cattle with the bone, fresh or chilled","2019","2019","t","207309","A","Official value",""
"QCL","Crops and livestock products","320","Guatemala","5510","Production","21111.01","Meat of cattle with the bone, fresh or chilled","2020","2020","t","211393","A","Official value",""
"QCL","Crops and livestock products","320","Guatemala","5510","Production","21111.01","Meat of cattle with the bone, fresh or chilled","2021","2021","t","236650","A","Official value",""
"QCL","Crops and livestock products","320","Guatemala","5510","Production","21111.01","Meat of cattle with the bone, fresh or chilled","2022","2022","t","222098","A","Official value",""
"QCL","Crops and livestock products","320","Guatemala","5510","Production","21111.01","Meat of cattle with the bone, fresh or chilled","2023","2023","t","341591","A","Official value",""
"QCL","Crops and livestock products","320","Guatemala","5510","Production","21111.01","Meat of cattle with the bone, fresh or chilled","2024","2024","t","312601.68","I","Value imputed by a receiving agency",""
"QCL","Crops and livestock products","324","Guinea","5510","Production","21111.01","Meat of cattle with the bone, fresh or chilled","2005","2005","t","41022.46","I","Value imputed by a receiving agency",""
"QCL","Crops and livestock products","324","Guinea","5510","Production","21111.01","Meat of cattle with the bone, fresh or chilled","2006","2006","t","44434","A","Official value",""
"QCL","Crops and livestock products","324","Guinea","5510","Production","21111.01","Meat of cattle with the bone, fresh or chilled","2007","2007","t","46871","A","Official value",""
"QCL","Crops and livestock products","324","Guinea","5510","Production","21111.01","Meat of cattle with the bone, fresh or chilled","2008","2008","t","49442","A","Official value",""
"QCL","Crops and livestock products","324","Guinea","5510","Production","21111.01","Meat of cattle with the bone, fresh or chilled","2009","2009","t","52110","E","Estimated value",""
"QCL","Crops and livestock products","324","Guinea","5510","Production","21111.01","Meat of cattle with the bone, fresh or chilled","2010","2010","t","61600","A","Official value",""
"QCL","Crops and livestock products","324","Guinea","5510","Production","21111.01","Meat of cattle with the bone, fresh or chilled","2011","2011","t","64979","A","Official value",""
"QCL","Crops and livestock products","324","Guinea","5510","Production","21111.01","Meat of cattle with the bone, fresh or chilled","2012","2012","t","68543","A","Official value",""
"QCL","Crops and livestock products","324","Guinea","5510","Production","21111.01","Meat of cattle with the bone, fresh or chilled","2013","2013","t","72302","A","Official value",""
"QCL","Crops and livestock products","324","Guinea","5510","Production","21111.01","Meat of cattle with the bone, fresh or chilled","2014","2014","t","76268","A","Official value",""
"QCL","Crops and livestock products","324","Guinea","5510","Production","21111.01","Meat of cattle with the bone, fresh or chilled","2015","2015","t","80451","A","Official value",""
"QCL","Crops and livestock products","324","Guinea","5510","Production","21111.01","Meat of cattle with the bone, fresh or chilled","2016","2016","t","84864","A","Official value",""
"QCL","Crops and livestock products","324","Guinea","5510","Production","21111.01","Meat of cattle with the bone, fresh or chilled","2017","2017","t","89518","A","Official value",""
"QCL","Crops and livestock products","324","Guinea","5510","Production","21111.01","Meat of cattle with the bone, fresh or chilled","2018","2018","t","94428","A","Official value",""
"QCL","Crops and livestock products","324","Guinea","5510","Production","21111.01","Meat of cattle with the bone, fresh or chilled","2019","2019","t","99607","A","Official value",""
"QCL","Crops and livestock products","324","Guinea","5510","Production","21111.01","Meat of cattle with the bone, fresh or chilled","2020","2020","t","63874","A","Official value",""
"QCL","Crops and livestock products","324","Guinea","5510","Production","21111.01","Meat of cattle with the bone, fresh or chilled","2021","2021","t","67362","A","Official value",""
"QCL","Crops and livestock products","324","Guinea","5510","Production","21111.01","Meat of cattle with the bone, fresh or chilled","2022","2022","t","71068","A","Official value",""
"QCL","Crops and livestock products","324","Guinea","5510","Production","21111.01","Meat of cattle with the bone, fresh or chilled","2023","2023","t","86322.2","I","Value imputed by a receiving agency",""
"QCL","Crops and livestock products","324","Guinea","5510","Production","21111.01","Meat of cattle with the bone, fresh or chilled","2024","2024","t","74012.56","E","Estimated value",""
"QCL","Crops and livestock products","624","Guinea-Bissau","5510","Production","21111.01","Meat of cattle with the bone, fresh or chilled","2005","2005","t","5247","E","Estimated value",""
"QCL","Crops and livestock products","624","Guinea-Bissau","5510","Production","21111.01","Meat of cattle with the bone, fresh or chilled","2006","2006","t","5346","E","Estimated value",""
"QCL","Crops and livestock products","624","Guinea-Bissau","5510","Production","21111.01","Meat of cattle with the bone, fresh or chilled","2007","2007","t","5445","E","Estimated value",""
"QCL","Crops and livestock products","624","Guinea-Bissau","5510","Production","21111.01","Meat of cattle with the bone, fresh or chilled","2008","2008","t","6652","A","Official value",""
"QCL","Crops and livestock products","624","Guinea-Bissau","5510","Production","21111.01","Meat of cattle with the bone, fresh or chilled","2009","2009","t","6149","E","Estimated value",""
"QCL","Crops and livestock products","624","Guinea-Bissau","5510","Production","21111.01","Meat of cattle with the bone, fresh or chilled","2010","2010","t","6352.5","E","Estimated value",""
"QCL","Crops and livestock products","624","Guinea-Bissau","5510","Production","21111.01","Meat of cattle with the bone, fresh or chilled","2011","2011","t","6490","E","Estimated value",""
"QCL","Crops and livestock products","624","Guinea-Bissau","5510","Production","21111.01","Meat of cattle with the bone, fresh or chilled","2012","2012","t","6710","E","Estimated value",""
"QCL","Crops and livestock products","624","Guinea-Bissau","5510","Production","21111.01","Meat of cattle with the bone, fresh or chilled","2013","2013","t","6714.94","I","Value imputed by a receiving agency",""
"QCL","Crops and livestock products","624","Guinea-Bissau","5510","Production","21111.01","Meat of cattle with the bone, fresh or chilled","2014","2014","t","6584.17","I","Value imputed by a receiving agency",""
"QCL","Crops and livestock products","624","Guinea-Bissau","5510","Production","21111.01","Meat of cattle with the bone, fresh or chilled","2015","2015","t","6587.09","I","Value imputed by a receiving agency",""
"QCL","Crops and livestock products","624","Guinea-Bissau","5510","Production","21111.01","Meat of cattle with the bone, fresh or chilled","2016","2016","t","6733.39","I","Value imputed by a receiving agency",""
"QCL","Crops and livestock products","624","Guinea-Bissau","5510","Production","21111.01","Meat of cattle with the bone, fresh or chilled","2017","2017","t","6953.41","I","Value imputed by a receiving agency",""
"QCL","Crops and livestock products","624","Guinea-Bissau","5510","Production","21111.01","Meat of cattle with the bone, fresh or chilled","2018","2018","t","7096.79","I","Value imputed by a receiving agency",""
"QCL","Crops and livestock products","624","Guinea-Bissau","5510","Production","21111.01","Meat of cattle with the bone, fresh or chilled","2019","2019","t","7385.1","I","Value imputed by a receiving agency",""
"QCL","Crops and livestock products","624","Guinea-Bissau","5510","Production","21111.01","Meat of cattle with the bone, fresh or chilled","2020","2020","t","8076.07","I","Value imputed by a receiving agency",""
"QCL","Crops and livestock products","624","Guinea-Bissau","5510","Production","21111.01","Meat of cattle with the bone, fresh or chilled","2021","2021","t","7595.96","I","Value imputed by a receiving agency",""
"QCL","Crops and livestock products","624","Guinea-Bissau","5510","Production","21111.01","Meat of cattle with the bone, fresh or chilled","2022","2022","t","7713.67","I","Value imputed by a receiving agency",""
"QCL","Crops and livestock products","624","Guinea-Bissau","5510","Production","21111.01","Meat of cattle with the bone, fresh or chilled","2023","2023","t","7834.94","I","Value imputed by a receiving agency",""
"QCL","Crops and livestock products","624","Guinea-Bissau","5510","Production","21111.01","Meat of cattle with the bone, fresh or chilled","2024","2024","t","7956.75","I","Value imputed by a receiving agency",""
"QCL","Crops and livestock products","328","Guyana","5510","Production","21111.01","Meat of cattle with the bone, fresh or chilled","2005","2005","t","2028","E","Estimated value",""
"QCL","Crops and livestock products","328","Guyana","5510","Production","21111.01","Meat of cattle with the bone, fresh or chilled","2006","2006","t","2107","E","Estimated value",""
"QCL","Crops and livestock products","328","Guyana","5510","Production","21111.01","Meat of cattle with the bone, fresh or chilled","2007","2007","t","2160","E","Estimated value",""
"QCL","Crops and livestock products","328","Guyana","5510","Production","21111.01","Meat of cattle with the bone, fresh or chilled","2008","2008","t","2131","E","Estimated value",""
"QCL","Crops and livestock products","328","Guyana","5510","Production","21111.01","Meat of cattle with the bone, fresh or chilled","2009","2009","t","2110","A","Official value",""
"QCL","Crops and livestock products","328","Guyana","5510","Production","21111.01","Meat of cattle with the bone, fresh or chilled","2010","2010","t","2260","A","Official value",""
"QCL","Crops and livestock products","328","Guyana","5510","Production","21111.01","Meat of cattle with the bone, fresh or chilled","2011","2011","t","2153","A","Official value",""
"QCL","Crops and livestock products","328","Guyana","5510","Production","21111.01","Meat of cattle with the bone, fresh or chilled","2012","2012","t","1635.37","A","Official value",""
"QCL","Crops and livestock products","328","Guyana","5510","Production","21111.01","Meat of cattle with the bone, fresh or chilled","2013","2013","t","2262","A","Official value",""
"QCL","Crops and livestock products","328","Guyana","5510","Production","21111.01","Meat of cattle with the bone, fresh or chilled","2014","2014","t","2667","A","Official value",""
"QCL","Crops and livestock products","328","Guyana","5510","Production","21111.01","Meat of cattle with the bone, fresh or chilled","2015","2015","t","2282","A","Official value",""
"QCL","Crops and livestock products","328","Guyana","5510","Production","21111.01","Meat of cattle with the bone, fresh or chilled","2016","2016","t","2036","A","Official value",""
"QCL","Crops and livestock products","328","Guyana","5510","Production","21111.01","Meat of cattle with the bone, fresh or chilled","2017","2017","t","1978.79","A","Official value",""
"QCL","Crops and livestock products","328","Guyana","5510","Production","21111.01","Meat of cattle with the bone, fresh or chilled","2018","2018","t","2127.94","A","Official value",""
"QCL","Crops and livestock products","328","Guyana","5510","Production","21111.01","Meat of cattle with the bone, fresh or chilled","2019","2019","t","2827.57","A","Official value",""
"QCL","Crops and livestock products","328","Guyana","5510","Production","21111.01","Meat of cattle with the bone, fresh or chilled","2020","2020","t","2927","A","Official value",""
"QCL","Crops and livestock products","328","Guyana","5510","Production","21111.01","Meat of cattle with the bone, fresh or chilled","2021","2021","t","2827.67","I","Value imputed by a receiving agency",""
"QCL","Crops and livestock products","328","Guyana","5510","Production","21111.01","Meat of cattle with the bone, fresh or chilled","2022","2022","t","3057","A","Official value",""
"QCL","Crops and livestock products","328","Guyana","5510","Production","21111.01","Meat of cattle with the bone, fresh or chilled","2023","2023","t","2728","A","Official value",""
"QCL","Crops and livestock products","328","Guyana","5510","Production","21111.01","Meat of cattle with the bone, fresh or chilled","2024","2024","t","3256","A","Official value",""
"QCL","Crops and livestock products","332","Haiti","5510","Production","21111.01","Meat of cattle with the bone, fresh or chilled","2005","2005","t","43500","E","Estimated value",""
"QCL","Crops and livestock products","332","Haiti","5510","Production","21111.01","Meat of cattle with the bone, fresh or chilled","2006","2006","t","43500","E","Estimated value",""
"QCL","Crops and livestock products","332","Haiti","5510","Production","21111.01","Meat of cattle with the bone, fresh or chilled","2007","2007","t","43500","E","Estimated value",""
"QCL","Crops and livestock products","332","Haiti","5510","Production","21111.01","Meat of cattle with the bone, fresh or chilled","2008","2008","t","43500","E","Estimated value",""
"QCL","Crops and livestock products","332","Haiti","5510","Production","21111.01","Meat of cattle with the bone, fresh or chilled","2009","2009","t","43500","E","Estimated value",""
"QCL","Crops and livestock products","332","Haiti","5510","Production","21111.01","Meat of cattle with the bone, fresh or chilled","2010","2010","t","45000","E","Estimated value",""
"QCL","Crops and livestock products","332","Haiti","5510","Production","21111.01","Meat of cattle with the bone, fresh or chilled","2011","2011","t","45500","E","Estimated value",""
"QCL","Crops and livestock products","332","Haiti","5510","Production","21111.01","Meat of cattle with the bone, fresh or chilled","2012","2012","t","46500","E","Estimated value",""
"QCL","Crops and livestock products","332","Haiti","5510","Production","21111.01","Meat of cattle with the bone, fresh or chilled","2013","2013","t","46500","E","Estimated value",""
"QCL","Crops and livestock products","332","Haiti","5510","Production","21111.01","Meat of cattle with the bone, fresh or chilled","2014","2014","t","45906.48","I","Value imputed by a receiving agency",""
"QCL","Crops and livestock products","332","Haiti","5510","Production","21111.01","Meat of cattle with the bone, fresh or chilled","2015","2015","t","46588.06","I","Value imputed by a receiving agency",""
"QCL","Crops and livestock products","332","Haiti","5510","Production","21111.01","Meat of cattle with the bone, fresh or chilled","2016","2016","t","46456.74","I","Value imputed by a receiving agency",""
"QCL","Crops and livestock products","332","Haiti","5510","Production","21111.01","Meat of cattle with the bone, fresh or chilled","2017","2017","t","47554.91","I","Value imputed by a receiving agency",""
"QCL","Crops and livestock products","332","Haiti","5510","Production","21111.01","Meat of cattle with the bone, fresh or chilled","2018","2018","t","48279.92","I","Value imputed by a receiving agency",""
"QCL","Crops and livestock products","332","Haiti","5510","Production","21111.01","Meat of cattle with the bone, fresh or chilled","2019","2019","t","48966.99","I","Value imputed by a receiving agency",""
"QCL","Crops and livestock products","332","Haiti","5510","Production","21111.01","Meat of cattle with the bone, fresh or chilled","2020","2020","t","48980.38","I","Value imputed by a receiving agency",""
"QCL","Crops and livestock products","332","Haiti","5510","Production","21111.01","Meat of cattle with the bone, fresh or chilled","2021","2021","t","49234.81","I","Value imputed by a receiving agency",""
"QCL","Crops and livestock products","332","Haiti","5510","Production","21111.01","Meat of cattle with the bone, fresh or chilled","2022","2022","t","49173.34","I","Value imputed by a receiving agency",""
"QCL","Crops and livestock products","332","Haiti","5510","Production","21111.01","Meat of cattle with the bone, fresh or chilled","2023","2023","t","49557.97","I","Value imputed by a receiving agency",""
"QCL","Crops and livestock products","332","Haiti","5510","Production","21111.01","Meat of cattle with the bone, fresh or chilled","2024","2024","t","49944.42","I","Value imputed by a receiving agency",""
"QCL","Crops and livestock products","340","Honduras","5510","Production","21111.01","Meat of cattle with the bone, fresh or chilled","2005","2005","t","65744","A","Official value",""
"QCL","Crops and livestock products","340","Honduras","5510","Production","21111.01","Meat of cattle with the bone, fresh or chilled","2006","2006","t","67600","A","Official value",""
"QCL","Crops and livestock products","340","Honduras","5510","Production","21111.01","Meat of cattle with the bone, fresh or chilled","2007","2007","t","70907","A","Official value",""
"QCL","Crops and livestock products","340","Honduras","5510","Production","21111.01","Meat of cattle with the bone, fresh or chilled","2008","2008","t","74376","A","Official value",""
"QCL","Crops and livestock products","340","Honduras","5510","Production","21111.01","Meat of cattle with the bone, fresh or chilled","2009","2009","t","55840","A","Official value",""
"QCL","Crops and livestock products","340","Honduras","5510","Production","21111.01","Meat of cattle with the bone, fresh or chilled","2010","2010","t","58593","A","Official value",""
"QCL","Crops and livestock products","340","Honduras","5510","Production","21111.01","Meat of cattle with the bone, fresh or chilled","2011","2011","t","64987","A","Official value",""
"QCL","Crops and livestock products","340","Honduras","5510","Production","21111.01","Meat of cattle with the bone, fresh or chilled","2012","2012","t","62265","A","Official value",""
"QCL","Crops and livestock products","340","Honduras","5510","Production","21111.01","Meat of cattle with the bone, fresh or chilled","2013","2013","t","63000","E","Estimated value",""
"QCL","Crops and livestock products","340","Honduras","5510","Production","21111.01","Meat of cattle with the bone, fresh or chilled","2014","2014","t","63259","E","Estimated value",""
"QCL","Crops and livestock products","340","Honduras","5510","Production","21111.01","Meat of cattle with the bone, fresh or chilled","2015","2015","t","63668","E","Estimated value",""
"QCL","Crops and livestock products","340","Honduras","5510","Production","21111.01","Meat of cattle with the bone, fresh or chilled","2016","2016","t","64709","E","Estimated value",""
"QCL","Crops and livestock products","340","Honduras","5510","Production","21111.01","Meat of cattle with the bone, fresh or chilled","2017","2017","t","65342","E","Estimated value",""
"QCL","Crops and livestock products","340","Honduras","5510","Production","21111.01","Meat of cattle with the bone, fresh or chilled","2018","2018","t","66182.22","I","Value imputed by a receiving agency",""
"QCL","Crops and livestock products","340","Honduras","5510","Production","21111.01","Meat of cattle with the bone, fresh or chilled","2019","2019","t","65782.15","I","Value imputed by a receiving agency",""
"QCL","Crops and livestock products","340","Honduras","5510","Production","21111.01","Meat of cattle with the bone, fresh or chilled","2020","2020","t","65000","X","Value from external organization","Unofficial figure"
"QCL","Crops and livestock products","340","Honduras","5510","Production","21111.01","Meat of cattle with the bone, fresh or chilled","2021","2021","t","66000","X","Value from external organization","Unofficial figure"
"QCL","Crops and livestock products","340","Honduras","5510","Production","21111.01","Meat of cattle with the bone, fresh or chilled","2022","2022","t","66000","X","Value from external organization","Unofficial figure"
"QCL","Crops and livestock products","340","Honduras","5510","Production","21111.01","Meat of cattle with the bone, fresh or chilled","2023","2023","t","66000","X","Value from external organization","Unofficial figure"
"QCL","Crops and livestock products","340","Honduras","5510","Production","21111.01","Meat of cattle with the bone, fresh or chilled","2024","2024","t","65000","X","Value from external organization","Unofficial figure"
"QCL","Crops and livestock products","348","Hungary","5510","Production","21111.01","Meat of cattle with the bone, fresh or chilled","2005","2005","t","32241","A","Official value",""
"QCL","Crops and livestock products","348","Hungary","5510","Production","21111.01","Meat of cattle with the bone, fresh or chilled","2006","2006","t","33303","A","Official value",""
"QCL","Crops and livestock products","348","Hungary","5510","Production","21111.01","Meat of cattle with the bone, fresh or chilled","2007","2007","t","34258","A","Official value",""
"QCL","Crops and livestock products","348","Hungary","5510","Production","21111.01","Meat of cattle with the bone, fresh or chilled","2008","2008","t","32121","A","Official value",""
"QCL","Crops and livestock products","348","Hungary","5510","Production","21111.01","Meat of cattle with the bone, fresh or chilled","2009","2009","t","30149","A","Official value",""
"QCL","Crops and livestock products","348","Hungary","5510","Production","21111.01","Meat of cattle with the bone, fresh or chilled","2010","2010","t","27598","A","Official value",""
"QCL","Crops and livestock products","348","Hungary","5510","Production","21111.01","Meat of cattle with the bone, fresh or chilled","2011","2011","t","26432","A","Official value",""
"QCL","Crops and livestock products","348","Hungary","5510","Production","21111.01","Meat of cattle with the bone, fresh or chilled","2012","2012","t","25394","A","Official value",""
"QCL","Crops and livestock products","348","Hungary","5510","Production","21111.01","Meat of cattle with the bone, fresh or chilled","2013","2013","t","23457","A","Official value",""
"QCL","Crops and livestock products","348","Hungary","5510","Production","21111.01","Meat of cattle with the bone, fresh or chilled","2014","2014","t","24080","A","Official value",""
"QCL","Crops and livestock products","348","Hungary","5510","Production","21111.01","Meat of cattle with the bone, fresh or chilled","2015","2015","t","27315","A","Official value",""
"QCL","Crops and livestock products","348","Hungary","5510","Production","21111.01","Meat of cattle with the bone, fresh or chilled","2016","2016","t","28939","A","Official value",""
"QCL","Crops and livestock products","348","Hungary","5510","Production","21111.01","Meat of cattle with the bone, fresh or chilled","2017","2017","t","28162","A","Official value",""
"QCL","Crops and livestock products","348","Hungary","5510","Production","21111.01","Meat of cattle with the bone, fresh or chilled","2018","2018","t","30180","A","Official value",""
"QCL","Crops and livestock products","348","Hungary","5510","Production","21111.01","Meat of cattle with the bone, fresh or chilled","2019","2019","t","30820","A","Official value",""
"QCL","Crops and livestock products","348","Hungary","5510","Production","21111.01","Meat of cattle with the bone, fresh or chilled","2020","2020","t","29150","A","Official value",""
"QCL","Crops and livestock products","348","Hungary","5510","Production","21111.01","Meat of cattle with the bone, fresh or chilled","2021","2021","t","30080","A","Official value",""
"QCL","Crops and livestock products","348","Hungary","5510","Production","21111.01","Meat of cattle with the bone, fresh or chilled","2022","2022","t","26900","A","Official value",""
"QCL","Crops and livestock products","348","Hungary","5510","Production","21111.01","Meat of cattle with the bone, fresh or chilled","2023","2023","t","24180","A","Official value",""
"QCL","Crops and livestock products","348","Hungary","5510","Production","21111.01","Meat of cattle with the bone, fresh or chilled","2024","2024","t","23810","A","Official value",""
"QCL","Crops and livestock products","352","Iceland","5510","Production","21111.01","Meat of cattle with the bone, fresh or chilled","2005","2005","t","3540","A","Official value",""
"QCL","Crops and livestock products","352","Iceland","5510","Production","21111.01","Meat of cattle with the bone, fresh or chilled","2006","2006","t","3196","A","Official value",""
"QCL","Crops and livestock products","352","Iceland","5510","Production","21111.01","Meat of cattle with the bone, fresh or chilled","2007","2007","t","3557","A","Official value",""
"QCL","Crops and livestock products","352","Iceland","5510","Production","21111.01","Meat of cattle with the bone, fresh or chilled","2008","2008","t","3607","A","Official value",""
"QCL","Crops and livestock products","352","Iceland","5510","Production","21111.01","Meat of cattle with the bone, fresh or chilled","2009","2009","t","3761","A","Official value",""
"QCL","Crops and livestock products","352","Iceland","5510","Production","21111.01","Meat of cattle with the bone, fresh or chilled","2010","2010","t","3895","A","Official value",""
"QCL","Crops and livestock products","352","Iceland","5510","Production","21111.01","Meat of cattle with the bone, fresh or chilled","2011","2011","t","3858","A","Official value",""
"QCL","Crops and livestock products","352","Iceland","5510","Production","21111.01","Meat of cattle with the bone, fresh or chilled","2012","2012","t","4114","A","Official value",""
"QCL","Crops and livestock products","352","Iceland","5510","Production","21111.01","Meat of cattle with the bone, fresh or chilled","2013","2013","t","4082","A","Official value",""
"QCL","Crops and livestock products","352","Iceland","5510","Production","21111.01","Meat of cattle with the bone, fresh or chilled","2014","2014","t","3495","A","Official value",""
"QCL","Crops and livestock products","352","Iceland","5510","Production","21111.01","Meat of cattle with the bone, fresh or chilled","2015","2015","t","3605","A","Official value",""
"QCL","Crops and livestock products","352","Iceland","5510","Production","21111.01","Meat of cattle with the bone, fresh or chilled","2016","2016","t","4387","A","Official value",""
"QCL","Crops and livestock products","352","Iceland","5510","Production","21111.01","Meat of cattle with the bone, fresh or chilled","2017","2017","t","4614","A","Official value",""
"QCL","Crops and livestock products","352","Iceland","5510","Production","21111.01","Meat of cattle with the bone, fresh or chilled","2018","2018","t","4775","A","Official value",""
"QCL","Crops and livestock products","352","Iceland","5510","Production","21111.01","Meat of cattle with the bone, fresh or chilled","2019","2019","t","4826","A","Official value",""
"QCL","Crops and livestock products","352","Iceland","5510","Production","21111.01","Meat of cattle with the bone, fresh or chilled","2020","2020","t","4652","A","Official value",""
"QCL","Crops and livestock products","352","Iceland","5510","Production","21111.01","Meat of cattle with the bone, fresh or chilled","2021","2021","t","4965","A","Official value",""
"QCL","Crops and livestock products","352","Iceland","5510","Production","21111.01","Meat of cattle with the bone, fresh or chilled","2022","2022","t","4948","A","Official value",""
"QCL","Crops and livestock products","352","Iceland","5510","Production","21111.01","Meat of cattle with the bone, fresh or chilled","2023","2023","t","4885","A","Official value",""
"QCL","Crops and livestock products","352","Iceland","5510","Production","21111.01","Meat of cattle with the bone, fresh or chilled","2024","2024","t","4860","A","Official value",""
"QCL","Crops and livestock products","356","India","5510","Production","21111.01","Meat of cattle with the bone, fresh or chilled","2005","2005","t","","M","Missing value; data cannot exist",""
"QCL","Crops and livestock products","356","India","5510","Production","21111.01","Meat of cattle with the bone, fresh or chilled","2006","2006","t","","M","Missing value; data cannot exist",""
"QCL","Crops and livestock products","356","India","5510","Production","21111.01","Meat of cattle with the bone, fresh or chilled","2007","2007","t","","M","Missing value; data cannot exist",""
"QCL","Crops and livestock products","356","India","5510","Production","21111.01","Meat of cattle with the bone, fresh or chilled","2008","2008","t","","M","Missing value; data cannot exist",""
"QCL","Crops and livestock products","356","India","5510","Production","21111.01","Meat of cattle with the bone, fresh or chilled","2009","2009","t","","M","Missing value; data cannot exist",""
"QCL","Crops and livestock products","356","India","5510","Production","21111.01","Meat of cattle with the bone, fresh or chilled","2010","2010","t","","M","Missing value; data cannot exist",""
"QCL","Crops and livestock products","356","India","5510","Production","21111.01","Meat of cattle with the bone, fresh or chilled","2011","2011","t","","M","Missing value; data cannot exist",""
"QCL","Crops and livestock products","356","India","5510","Production","21111.01","Meat of cattle with the bone, fresh or chilled","2012","2012","t","","M","Missing value; data cannot exist",""
"QCL","Crops and livestock products","356","India","5510","Production","21111.01","Meat of cattle with the bone, fresh or chilled","2013","2013","t","","M","Missing value; data cannot exist",""
"QCL","Crops and livestock products","356","India","5510","Production","21111.01","Meat of cattle with the bone, fresh or chilled","2014","2014","t","","M","Missing value; data cannot exist",""
"QCL","Crops and livestock products","356","India","5510","Production","21111.01","Meat of cattle with the bone, fresh or chilled","2015","2015","t","","M","Missing value; data cannot exist",""
"QCL","Crops and livestock products","356","India","5510","Production","21111.01","Meat of cattle with the bone, fresh or chilled","2016","2016","t","","M","Missing value; data cannot exist",""
"QCL","Crops and livestock products","356","India","5510","Production","21111.01","Meat of cattle with the bone, fresh or chilled","2017","2017","t","","M","Missing value; data cannot exist",""
"QCL","Crops and livestock products","356","India","5510","Production","21111.01","Meat of cattle with the bone, fresh or chilled","2018","2018","t","","M","Missing value; data cannot exist",""
"QCL","Crops and livestock products","356","India","5510","Production","21111.01","Meat of cattle with the bone, fresh or chilled","2019","2019","t","","M","Missing value; data cannot exist",""
"QCL","Crops and livestock products","356","India","5510","Production","21111.01","Meat of cattle with the bone, fresh or chilled","2020","2020","t","","M","Missing value; data cannot exist",""
"QCL","Crops and livestock products","356","India","5510","Production","21111.01","Meat of cattle with the bone, fresh or chilled","2021","2021","t","","M","Missing value; data cannot exist",""
"QCL","Crops and livestock products","356","India","5510","Production","21111.01","Meat of cattle with the bone, fresh or chilled","2022","2022","t","","M","Missing value; data cannot exist",""
"QCL","Crops and livestock products","356","India","5510","Production","21111.01","Meat of cattle with the bone, fresh or chilled","2023","2023","t","","M","Missing value; data cannot exist",""
"QCL","Crops and livestock products","356","India","5510","Production","21111.01","Meat of cattle with the bone, fresh or chilled","2024","2024","t","","M","Missing value; data cannot exist",""
"QCL","Crops and livestock products","360","Indonesia","5510","Production","21111.01","Meat of cattle with the bone, fresh or chilled","2005","2005","t","358704","A","Official value",""
"QCL","Crops and livestock products","360","Indonesia","5510","Production","21111.01","Meat of cattle with the bone, fresh or chilled","2006","2006","t","395843","A","Official value",""
"QCL","Crops and livestock products","360","Indonesia","5510","Production","21111.01","Meat of cattle with the bone, fresh or chilled","2007","2007","t","339480","A","Official value",""
"QCL","Crops and livestock products","360","Indonesia","5510","Production","21111.01","Meat of cattle with the bone, fresh or chilled","2008","2008","t","392511","A","Official value",""
"QCL","Crops and livestock products","360","Indonesia","5510","Production","21111.01","Meat of cattle with the bone, fresh or chilled","2009","2009","t","409310","A","Official value",""
"QCL","Crops and livestock products","360","Indonesia","5510","Production","21111.01","Meat of cattle with the bone, fresh or chilled","2010","2010","t","436452","A","Official value",""
"QCL","Crops and livestock products","360","Indonesia","5510","Production","21111.01","Meat of cattle with the bone, fresh or chilled","2011","2011","t","485333","A","Official value",""
"QCL","Crops and livestock products","360","Indonesia","5510","Production","21111.01","Meat of cattle with the bone, fresh or chilled","2012","2012","t","508906","A","Official value",""
"QCL","Crops and livestock products","360","Indonesia","5510","Production","21111.01","Meat of cattle with the bone, fresh or chilled","2013","2013","t","504818","A","Official value",""
"QCL","Crops and livestock products","360","Indonesia","5510","Production","21111.01","Meat of cattle with the bone, fresh or chilled","2014","2014","t","497670","A","Official value",""
"QCL","Crops and livestock products","360","Indonesia","5510","Production","21111.01","Meat of cattle with the bone, fresh or chilled","2015","2015","t","506661","A","Official value",""
"QCL","Crops and livestock products","360","Indonesia","5510","Production","21111.01","Meat of cattle with the bone, fresh or chilled","2016","2016","t","518484","A","Official value",""
"QCL","Crops and livestock products","360","Indonesia","5510","Production","21111.01","Meat of cattle with the bone, fresh or chilled","2017","2017","t","486320","A","Official value",""
"QCL","Crops and livestock products","360","Indonesia","5510","Production","21111.01","Meat of cattle with the bone, fresh or chilled","2018","2018","t","497972","A","Official value",""
"QCL","Crops and livestock products","360","Indonesia","5510","Production","21111.01","Meat of cattle with the bone, fresh or chilled","2019","2019","t","504803","A","Official value",""
"QCL","Crops and livestock products","360","Indonesia","5510","Production","21111.01","Meat of cattle with the bone, fresh or chilled","2020","2020","t","453418","A","Official value",""
"QCL","Crops and livestock products","360","Indonesia","5510","Production","21111.01","Meat of cattle with the bone, fresh or chilled","2021","2021","t","487802","A","Official value",""
"QCL","Crops and livestock products","360","Indonesia","5510","Production","21111.01","Meat of cattle with the bone, fresh or chilled","2022","2022","t","498923","A","Official value",""
"QCL","Crops and livestock products","360","Indonesia","5510","Production","21111.01","Meat of cattle with the bone, fresh or chilled","2023","2023","t","575687.27","A","Official value",""
"QCL","Crops and livestock products","360","Indonesia","5510","Production","21111.01","Meat of cattle with the bone, fresh or chilled","2024","2024","t","597754.09","A","Official value",""
"QCL","Crops and livestock products","364","Iran (Islamic Republic of)","5510","Production","21111.01","Meat of cattle with the bone, fresh or chilled","2005","2005","t","348000","A","Official value",""
"QCL","Crops and livestock products","364","Iran (Islamic Republic of)","5510","Production","21111.01","Meat of cattle with the bone, fresh or chilled","2006","2006","t","370800","A","Official value",""
"QCL","Crops and livestock products","364","Iran (Islamic Republic of)","5510","Production","21111.01","Meat of cattle with the bone, fresh or chilled","2007","2007","t","388300","A","Official value",""
"QCL","Crops and livestock products","364","Iran (Islamic Republic of)","5510","Production","21111.01","Meat of cattle with the bone, fresh or chilled","2008","2008","t","321883","A","Official value",""
"QCL","Crops and livestock products","364","Iran (Islamic Republic of)","5510","Production","21111.01","Meat of cattle with the bone, fresh or chilled","2009","2009","t","324816","A","Official value",""
"QCL","Crops and livestock products","364","Iran (Islamic Republic of)","5510","Production","21111.01","Meat of cattle with the bone, fresh or chilled","2010","2010","t","343708","A","Official value",""
"QCL","Crops and livestock products","364","Iran (Islamic Republic of)","5510","Production","21111.01","Meat of cattle with the bone, fresh or chilled","2011","2011","t","348869","A","Official value",""
"QCL","Crops and livestock products","364","Iran (Islamic Republic of)","5510","Production","21111.01","Meat of cattle with the bone, fresh or chilled","2012","2012","t","351789","A","Official value",""
"QCL","Crops and livestock products","364","Iran (Islamic Republic of)","5510","Production","21111.01","Meat of cattle with the bone, fresh or chilled","2013","2013","t","389000","A","Official value",""
"QCL","Crops and livestock products","364","Iran (Islamic Republic of)","5510","Production","21111.01","Meat of cattle with the bone, fresh or chilled","2014","2014","t","406000","A","Official value",""
"QCL","Crops and livestock products","364","Iran (Islamic Republic of)","5510","Production","21111.01","Meat of cattle with the bone, fresh or chilled","2015","2015","t","341055.49","I","Value imputed by a receiving agency",""
"QCL","Crops and livestock products","364","Iran (Islamic Republic of)","5510","Production","21111.01","Meat of cattle with the bone, fresh or chilled","2016","2016","t","318994.35","I","Value imputed by a receiving agency",""
"QCL","Crops and livestock products","364","Iran (Islamic Republic of)","5510","Production","21111.01","Meat of cattle with the bone, fresh or chilled","2017","2017","t","248571","A","Official value",""
"QCL","Crops and livestock products","364","Iran (Islamic Republic of)","5510","Production","21111.01","Meat of cattle with the bone, fresh or chilled","2018","2018","t","217327.13","I","Value imputed by a receiving agency",""
"QCL","Crops and livestock products","364","Iran (Islamic Republic of)","5510","Production","21111.01","Meat of cattle with the bone, fresh or chilled","2019","2019","t","173064","A","Official value",""
"QCL","Crops and livestock products","364","Iran (Islamic Republic of)","5510","Production","21111.01","Meat of cattle with the bone, fresh or chilled","2020","2020","t","249821","A","Official value",""
"QCL","Crops and livestock products","364","Iran (Islamic Republic of)","5510","Production","21111.01","Meat of cattle with the bone, fresh or chilled","2021","2021","t","336332","A","Official value",""
"QCL","Crops and livestock products","364","Iran (Islamic Republic of)","5510","Production","21111.01","Meat of cattle with the bone, fresh or chilled","2022","2022","t","293378","A","Official value",""
"QCL","Crops and livestock products","364","Iran (Islamic Republic of)","5510","Production","21111.01","Meat of cattle with the bone, fresh or chilled","2023","2023","t","251463.18","I","Value imputed by a receiving agency",""
"QCL","Crops and livestock products","364","Iran (Islamic Republic of)","5510","Production","21111.01","Meat of cattle with the bone, fresh or chilled","2024","2024","t","235157.1","I","Value imputed by a receiving agency",""
"QCL","Crops and livestock products","368","Iraq","5510","Production","21111.01","Meat of cattle with the bone, fresh or chilled","2005","2005","t","47030","A","Official value",""
"QCL","Crops and livestock products","368","Iraq","5510","Production","21111.01","Meat of cattle with the bone, fresh or chilled","2006","2006","t","40510","A","Official value",""
"QCL","Crops and livestock products","368","Iraq","5510","Production","21111.01","Meat of cattle with the bone, fresh or chilled","2007","2007","t","31230","A","Official value",""
"QCL","Crops and livestock products","368","Iraq","5510","Production","21111.01","Meat of cattle with the bone, fresh or chilled","2008","2008","t","43000","A","Official value",""
"QCL","Crops and livestock products","368","Iraq","5510","Production","21111.01","Meat of cattle with the bone, fresh or chilled","2009","2009","t","47500","E","Estimated value",""
"QCL","Crops and livestock products","368","Iraq","5510","Production","21111.01","Meat of cattle with the bone, fresh or chilled","2010","2010","t","49960","X","Value from external organization","Unofficial figure"
"QCL","Crops and livestock products","368","Iraq","5510","Production","21111.01","Meat of cattle with the bone, fresh or chilled","2011","2011","t","50060","X","Value from external organization","Unofficial figure"
"QCL","Crops and livestock products","368","Iraq","5510","Production","21111.01","Meat of cattle with the bone, fresh or chilled","2012","2012","t","50300","X","Value from external organization","Unofficial figure"
"QCL","Crops and livestock products","368","Iraq","5510","Production","21111.01","Meat of cattle with the bone, fresh or chilled","2013","2013","t","51270","E","Estimated value",""
"QCL","Crops and livestock products","368","Iraq","5510","Production","21111.01","Meat of cattle with the bone, fresh or chilled","2014","2014","t","46479.5","I","Value imputed by a receiving agency",""
"QCL","Crops and livestock products","368","Iraq","5510","Production","21111.01","Meat of cattle with the bone, fresh or chilled","2015","2015","t","27189.9","I","Value imputed by a receiving agency",""
"QCL","Crops and livestock products","368","Iraq","5510","Production","21111.01","Meat of cattle with the bone, fresh or chilled","2016","2016","t","30643.02","E","Estimated value",""
"QCL","Crops and livestock products","368","Iraq","5510","Production","21111.01","Meat of cattle with the bone, fresh or chilled","2017","2017","t","32048.56","E","Estimated value",""
"QCL","Crops and livestock products","368","Iraq","5510","Production","21111.01","Meat of cattle with the bone, fresh or chilled","2018","2018","t","31188.15","E","Estimated value",""
"QCL","Crops and livestock products","368","Iraq","5510","Production","21111.01","Meat of cattle with the bone, fresh or chilled","2019","2019","t","32602.33","E","Estimated value",""
"QCL","Crops and livestock products","368","Iraq","5510","Production","21111.01","Meat of cattle with the bone, fresh or chilled","2020","2020","t","33282.84","E","Estimated value",""
"QCL","Crops and livestock products","368","Iraq","5510","Production","21111.01","Meat of cattle with the bone, fresh or chilled","2021","2021","t","33971.13","E","Estimated value",""
"QCL","Crops and livestock products","368","Iraq","5510","Production","21111.01","Meat of cattle with the bone, fresh or chilled","2022","2022","t","34673.65","E","Estimated value",""
"QCL","Crops and livestock products","368","Iraq","5510","Production","21111.01","Meat of cattle with the bone, fresh or chilled","2023","2023","t","35390.7","E","Estimated value",""
"QCL","Crops and livestock products","368","Iraq","5510","Production","21111.01","Meat of cattle with the bone, fresh or chilled","2024","2024","t","34678.49","E","Estimated value",""
"QCL","Crops and livestock products","372","Ireland","5510","Production","21111.01","Meat of cattle with the bone, fresh or chilled","2005","2005","t","546000","A","Official value",""
"QCL","Crops and livestock products","372","Ireland","5510","Production","21111.01","Meat of cattle with the bone, fresh or chilled","2006","2006","t","537300","A","Official value",""
"QCL","Crops and livestock products","372","Ireland","5510","Production","21111.01","Meat of cattle with the bone, fresh or chilled","2007","2007","t","580800","A","Official value",""
"QCL","Crops and livestock products","372","Ireland","5510","Production","21111.01","Meat of cattle with the bone, fresh or chilled","2008","2008","t","537300","A","Official value",""
"QCL","Crops and livestock products","372","Ireland","5510","Production","21111.01","Meat of cattle with the bone, fresh or chilled","2009","2009","t","514500","A","Official value",""
"QCL","Crops and livestock products","372","Ireland","5510","Production","21111.01","Meat of cattle with the bone, fresh or chilled","2010","2010","t","559100","A","Official value",""
"QCL","Crops and livestock products","372","Ireland","5510","Production","21111.01","Meat of cattle with the bone, fresh or chilled","2011","2011","t","547100","A","Official value",""
"QCL","Crops and livestock products","372","Ireland","5510","Production","21111.01","Meat of cattle with the bone, fresh or chilled","2012","2012","t","495400","A","Official value",""
"QCL","Crops and livestock products","372","Ireland","5510","Production","21111.01","Meat of cattle with the bone, fresh or chilled","2013","2013","t","517600","A","Official value",""
"QCL","Crops and livestock products","372","Ireland","5510","Production","21111.01","Meat of cattle with the bone, fresh or chilled","2014","2014","t","582100","A","Official value",""
"QCL","Crops and livestock products","372","Ireland","5510","Production","21111.01","Meat of cattle with the bone, fresh or chilled","2015","2015","t","564100","A","Official value",""
"QCL","Crops and livestock products","372","Ireland","5510","Production","21111.01","Meat of cattle with the bone, fresh or chilled","2016","2016","t","588400","A","Official value",""
"QCL","Crops and livestock products","372","Ireland","5510","Production","21111.01","Meat of cattle with the bone, fresh or chilled","2017","2017","t","617000","A","Official value",""
"QCL","Crops and livestock products","372","Ireland","5510","Production","21111.01","Meat of cattle with the bone, fresh or chilled","2018","2018","t","622540","A","Official value",""
"QCL","Crops and livestock products","372","Ireland","5510","Production","21111.01","Meat of cattle with the bone, fresh or chilled","2019","2019","t","619800","A","Official value",""
"QCL","Crops and livestock products","372","Ireland","5510","Production","21111.01","Meat of cattle with the bone, fresh or chilled","2020","2020","t","633380","A","Official value",""
"QCL","Crops and livestock products","372","Ireland","5510","Production","21111.01","Meat of cattle with the bone, fresh or chilled","2021","2021","t","594510","A","Official value",""
"QCL","Crops and livestock products","372","Ireland","5510","Production","21111.01","Meat of cattle with the bone, fresh or chilled","2022","2022","t","621420","A","Official value",""
"QCL","Crops and livestock products","372","Ireland","5510","Production","21111.01","Meat of cattle with the bone, fresh or chilled","2023","2023","t","599520","A","Official value",""
"QCL","Crops and livestock products","372","Ireland","5510","Production","21111.01","Meat of cattle with the bone, fresh or chilled","2024","2024","t","602600","A","Official value",""
"QCL","Crops and livestock products","376","Israel","5510","Production","21111.01","Meat of cattle with the bone, fresh or chilled","2005","2005","t","89923","A","Official value",""
"QCL","Crops and livestock products","376","Israel","5510","Production","21111.01","Meat of cattle with the bone, fresh or chilled","2006","2006","t","108291","A","Official value",""
"QCL","Crops and livestock products","376","Israel","5510","Production","21111.01","Meat of cattle with the bone, fresh or chilled","2007","2007","t","105220","A","Official value",""
"QCL","Crops and livestock products","376","Israel","5510","Production","21111.01","Meat of cattle with the bone, fresh or chilled","2008","2008","t","116554","A","Official value",""
"QCL","Crops and livestock products","376","Israel","5510","Production","21111.01","Meat of cattle with the bone, fresh or chilled","2009","2009","t","104018","A","Official value",""
"QCL","Crops and livestock products","376","Israel","5510","Production","21111.01","Meat of cattle with the bone, fresh or chilled","2010","2010","t","108128","A","Official value",""
"QCL","Crops and livestock products","376","Israel","5510","Production","21111.01","Meat of cattle with the bone, fresh or chilled","2011","2011","t","116799","A","Official value",""
"QCL","Crops and livestock products","376","Israel","5510","Production","21111.01","Meat of cattle with the bone, fresh or chilled","2012","2012","t","116919","A","Official value",""
"QCL","Crops and livestock products","376","Israel","5510","Production","21111.01","Meat of cattle with the bone, fresh or chilled","2013","2013","t","132239","A","Official value",""
"QCL","Crops and livestock products","376","Israel","5510","Production","21111.01","Meat of cattle with the bone, fresh or chilled","2014","2014","t","122116","A","Official value",""
"QCL","Crops and livestock products","376","Israel","5510","Production","21111.01","Meat of cattle with the bone, fresh or chilled","2015","2015","t","132212","A","Official value",""
"QCL","Crops and livestock products","376","Israel","5510","Production","21111.01","Meat of cattle with the bone, fresh or chilled","2016","2016","t","126488","A","Official value",""
"QCL","Crops and livestock products","376","Israel","5510","Production","21111.01","Meat of cattle with the bone, fresh or chilled","2017","2017","t","140655","A","Official value",""
"QCL","Crops and livestock products","376","Israel","5510","Production","21111.01","Meat of cattle with the bone, fresh or chilled","2018","2018","t","122368","A","Official value",""
"QCL","Crops and livestock products","376","Israel","5510","Production","21111.01","Meat of cattle with the bone, fresh or chilled","2019","2019","t","141138","A","Official value",""
"QCL","Crops and livestock products","376","Israel","5510","Production","21111.01","Meat of cattle with the bone, fresh or chilled","2020","2020","t","138699","A","Official value",""
"QCL","Crops and livestock products","376","Israel","5510","Production","21111.01","Meat of cattle with the bone, fresh or chilled","2021","2021","t","153085","A","Official value",""
"QCL","Crops and livestock products","376","Israel","5510","Production","21111.01","Meat of cattle with the bone, fresh or chilled","2022","2022","t","162217","A","Official value",""
"QCL","Crops and livestock products","376","Israel","5510","Production","21111.01","Meat of cattle with the bone, fresh or chilled","2023","2023","t","162270","A","Official value",""
"QCL","Crops and livestock products","376","Israel","5510","Production","21111.01","Meat of cattle with the bone, fresh or chilled","2024","2024","t","120244","A","Official value",""
"QCL","Crops and livestock products","380","Italy","5510","Production","21111.01","Meat of cattle with the bone, fresh or chilled","2005","2005","t","1101972","A","Official value",""
"QCL","Crops and livestock products","380","Italy","5510","Production","21111.01","Meat of cattle with the bone, fresh or chilled","2006","2006","t","1109214","A","Official value",""
"QCL","Crops and livestock products","380","Italy","5510","Production","21111.01","Meat of cattle with the bone, fresh or chilled","2007","2007","t","1118531","A","Official value",""
"QCL","Crops and livestock products","380","Italy","5510","Production","21111.01","Meat of cattle with the bone, fresh or chilled","2008","2008","t","1056912","A","Official value",""
"QCL","Crops and livestock products","380","Italy","5510","Production","21111.01","Meat of cattle with the bone, fresh or chilled","2009","2009","t","1049261","A","Official value",""
"QCL","Crops and livestock products","380","Italy","5510","Production","21111.01","Meat of cattle with the bone, fresh or chilled","2010","2010","t","1068900","A","Official value",""
"QCL","Crops and livestock products","380","Italy","5510","Production","21111.01","Meat of cattle with the bone, fresh or chilled","2011","2011","t","1000374.4","A","Official value",""
"QCL","Crops and livestock products","380","Italy","5510","Production","21111.01","Meat of cattle with the bone, fresh or chilled","2012","2012","t","957787","A","Official value",""
"QCL","Crops and livestock products","380","Italy","5510","Production","21111.01","Meat of cattle with the bone, fresh or chilled","2013","2013","t","842122","A","Official value",""
"QCL","Crops and livestock products","380","Italy","5510","Production","21111.01","Meat of cattle with the bone, fresh or chilled","2014","2014","t","694634.2","A","Official value",""
"QCL","Crops and livestock products","380","Italy","5510","Production","21111.01","Meat of cattle with the bone, fresh or chilled","2015","2015","t","771766.9","A","Official value",""
"QCL","Crops and livestock products","380","Italy","5510","Production","21111.01","Meat of cattle with the bone, fresh or chilled","2016","2016","t","791284.3","A","Official value",""
"QCL","Crops and livestock products","380","Italy","5510","Production","21111.01","Meat of cattle with the bone, fresh or chilled","2017","2017","t","739830","A","Official value",""
"QCL","Crops and livestock products","380","Italy","5510","Production","21111.01","Meat of cattle with the bone, fresh or chilled","2018","2018","t","809220","A","Official value",""
"QCL","Crops and livestock products","380","Italy","5510","Production","21111.01","Meat of cattle with the bone, fresh or chilled","2019","2019","t","779820","A","Official value",""
"QCL","Crops and livestock products","380","Italy","5510","Production","21111.01","Meat of cattle with the bone, fresh or chilled","2020","2020","t","732280","A","Official value",""
"QCL","Crops and livestock products","380","Italy","5510","Production","21111.01","Meat of cattle with the bone, fresh or chilled","2021","2021","t","747890","A","Official value",""
"QCL","Crops and livestock products","380","Italy","5510","Production","21111.01","Meat of cattle with the bone, fresh or chilled","2022","2022","t","747210","A","Official value",""
"QCL","Crops and livestock products","380","Italy","5510","Production","21111.01","Meat of cattle with the bone, fresh or chilled","2023","2023","t","619850","A","Official value",""
"QCL","Crops and livestock products","380","Italy","5510","Production","21111.01","Meat of cattle with the bone, fresh or chilled","2024","2024","t","659120","A","Official value",""
"QCL","Crops and livestock products","388","Jamaica","5510","Production","21111.01","Meat of cattle with the bone, fresh or chilled","2005","2005","t","10390","A","Official value",""
"QCL","Crops and livestock products","388","Jamaica","5510","Production","21111.01","Meat of cattle with the bone, fresh or chilled","2006","2006","t","6034","A","Official value",""
"QCL","Crops and livestock products","388","Jamaica","5510","Production","21111.01","Meat of cattle with the bone, fresh or chilled","2007","2007","t","5539","A","Official value",""
"QCL","Crops and livestock products","388","Jamaica","5510","Production","21111.01","Meat of cattle with the bone, fresh or chilled","2008","2008","t","5994","A","Official value",""
"QCL","Crops and livestock products","388","Jamaica","5510","Production","21111.01","Meat of cattle with the bone, fresh or chilled","2009","2009","t","5426","A","Official value",""
"QCL","Crops and livestock products","388","Jamaica","5510","Production","21111.01","Meat of cattle with the bone, fresh or chilled","2010","2010","t","5264","A","Official value",""
"QCL","Crops and livestock products","388","Jamaica","5510","Production","21111.01","Meat of cattle with the bone, fresh or chilled","2011","2011","t","4684","A","Official value",""
"QCL","Crops and livestock products","388","Jamaica","5510","Production","21111.01","Meat of cattle with the bone, fresh or chilled","2012","2012","t","4833","A","Official value",""
"QCL","Crops and livestock products","388","Jamaica","5510","Production","21111.01","Meat of cattle with the bone, fresh or chilled","2013","2013","t","5600","E","Estimated value",""
"QCL","Crops and livestock products","388","Jamaica","5510","Production","21111.01","Meat of cattle with the bone, fresh or chilled","2014","2014","t","5163","A","Official value",""
"QCL","Crops and livestock products","388","Jamaica","5510","Production","21111.01","Meat of cattle with the bone, fresh or chilled","2015","2015","t","6300","A","Official value",""
"QCL","Crops and livestock products","388","Jamaica","5510","Production","21111.01","Meat of cattle with the bone, fresh or chilled","2016","2016","t","6426","A","Official value",""
"QCL","Crops and livestock products","388","Jamaica","5510","Production","21111.01","Meat of cattle with the bone, fresh or chilled","2017","2017","t","5579","A","Official value",""
"QCL","Crops and livestock products","388","Jamaica","5510","Production","21111.01","Meat of cattle with the bone, fresh or chilled","2018","2018","t","5677","A","Official value",""
"QCL","Crops and livestock products","388","Jamaica","5510","Production","21111.01","Meat of cattle with the bone, fresh or chilled","2019","2019","t","5932","A","Official value",""
"QCL","Crops and livestock products","388","Jamaica","5510","Production","21111.01","Meat of cattle with the bone, fresh or chilled","2020","2020","t","5937","A","Official value",""
"QCL","Crops and livestock products","388","Jamaica","5510","Production","21111.01","Meat of cattle with the bone, fresh or chilled","2021","2021","t","6545","A","Official value",""
"QCL","Crops and livestock products","388","Jamaica","5510","Production","21111.01","Meat of cattle with the bone, fresh or chilled","2022","2022","t","7697","A","Official value",""
"QCL","Crops and livestock products","388","Jamaica","5510","Production","21111.01","Meat of cattle with the bone, fresh or chilled","2023","2023","t","7805","A","Official value",""
"QCL","Crops and livestock products","388","Jamaica","5510","Production","21111.01","Meat of cattle with the bone, fresh or chilled","2024","2024","t","7407","A","Official value",""
"QCL","Crops and livestock products","392","Japan","5510","Production","21111.01","Meat of cattle with the bone, fresh or chilled","2005","2005","t","499470","A","Official value",""
"QCL","Crops and livestock products","392","Japan","5510","Production","21111.01","Meat of cattle with the bone, fresh or chilled","2006","2006","t","496992","A","Official value",""
"QCL","Crops and livestock products","392","Japan","5510","Production","21111.01","Meat of cattle with the bone, fresh or chilled","2007","2007","t","503902","A","Official value",""
"QCL","Crops and livestock products","392","Japan","5510","Production","21111.01","Meat of cattle with the bone, fresh or chilled","2008","2008","t","519879","A","Official value",""
"QCL","Crops and livestock products","392","Japan","5510","Production","21111.01","Meat of cattle with the bone, fresh or chilled","2009","2009","t","517020","A","Official value",""
"QCL","Crops and livestock products","392","Japan","5510","Production","21111.01","Meat of cattle with the bone, fresh or chilled","2010","2010","t","514959","A","Official value",""
"QCL","Crops and livestock products","392","Japan","5510","Production","21111.01","Meat of cattle with the bone, fresh or chilled","2011","2011","t","500370","A","Official value",""
"QCL","Crops and livestock products","392","Japan","5510","Production","21111.01","Meat of cattle with the bone, fresh or chilled","2012","2012","t","518650","A","Official value",""
"QCL","Crops and livestock products","392","Japan","5510","Production","21111.01","Meat of cattle with the bone, fresh or chilled","2013","2013","t","507985","A","Official value",""
"QCL","Crops and livestock products","392","Japan","5510","Production","21111.01","Meat of cattle with the bone, fresh or chilled","2014","2014","t","502135","A","Official value",""
"QCL","Crops and livestock products","392","Japan","5510","Production","21111.01","Meat of cattle with the bone, fresh or chilled","2015","2015","t","481019","A","Official value",""
"QCL","Crops and livestock products","392","Japan","5510","Production","21111.01","Meat of cattle with the bone, fresh or chilled","2016","2016","t","464351","A","Official value",""
"QCL","Crops and livestock products","392","Japan","5510","Production","21111.01","Meat of cattle with the bone, fresh or chilled","2017","2017","t","469096","A","Official value",""
"QCL","Crops and livestock products","392","Japan","5510","Production","21111.01","Meat of cattle with the bone, fresh or chilled","2018","2018","t","475336","A","Official value",""
"QCL","Crops and livestock products","392","Japan","5510","Production","21111.01","Meat of cattle with the bone, fresh or chilled","2019","2019","t","470918","A","Official value",""
"QCL","Crops and livestock products","392","Japan","5510","Production","21111.01","Meat of cattle with the bone, fresh or chilled","2020","2020","t","477457.1","A","Official value",""
"QCL","Crops and livestock products","392","Japan","5510","Production","21111.01","Meat of cattle with the bone, fresh or chilled","2021","2021","t","477634.6","A","Official value",""
"QCL","Crops and livestock products","392","Japan","5510","Production","21111.01","Meat of cattle with the bone, fresh or chilled","2022","2022","t","491265.5","A","Official value",""
"QCL","Crops and livestock products","392","Japan","5510","Production","21111.01","Meat of cattle with the bone, fresh or chilled","2023","2023","t","501585","A","Official value",""
"QCL","Crops and livestock products","392","Japan","5510","Production","21111.01","Meat of cattle with the bone, fresh or chilled","2024","2024","t","461905.15","I","Value imputed by a receiving agency",""
"QCL","Crops and livestock products","400","Jordan","5510","Production","21111.01","Meat of cattle with the bone, fresh or chilled","2005","2005","t","7530","A","Official value",""
"QCL","Crops and livestock products","400","Jordan","5510","Production","21111.01","Meat of cattle with the bone, fresh or chilled","2006","2006","t","14820","A","Official value",""
"QCL","Crops and livestock products","400","Jordan","5510","Production","21111.01","Meat of cattle with the bone, fresh or chilled","2007","2007","t","13780","A","Official value",""
"QCL","Crops and livestock products","400","Jordan","5510","Production","21111.01","Meat of cattle with the bone, fresh or chilled","2008","2008","t","19130","A","Official value",""
"QCL","Crops and livestock products","400","Jordan","5510","Production","21111.01","Meat of cattle with the bone, fresh or chilled","2009","2009","t","13325","A","Official value",""
"QCL","Crops and livestock products","400","Jordan","5510","Production","21111.01","Meat of cattle with the bone, fresh or chilled","2010","2010","t","12299","A","Official value",""
"QCL","Crops and livestock products","400","Jordan","5510","Production","21111.01","Meat of cattle with the bone, fresh or chilled","2011","2011","t","17761","A","Official value",""
"QCL","Crops and livestock products","400","Jordan","5510","Production","21111.01","Meat of cattle with the bone, fresh or chilled","2012","2012","t","19584","A","Official value",""
"QCL","Crops and livestock products","400","Jordan","5510","Production","21111.01","Meat of cattle with the bone, fresh or chilled","2013","2013","t","23547","A","Official value",""
"QCL","Crops and livestock products","400","Jordan","5510","Production","21111.01","Meat of cattle with the bone, fresh or chilled","2014","2014","t","19497","A","Official value",""
"QCL","Crops and livestock products","400","Jordan","5510","Production","21111.01","Meat of cattle with the bone, fresh or chilled","2015","2015","t","27452","A","Official value",""
"QCL","Crops and livestock products","400","Jordan","5510","Production","21111.01","Meat of cattle with the bone, fresh or chilled","2016","2016","t","29552","A","Official value",""
"QCL","Crops and livestock products","400","Jordan","5510","Production","21111.01","Meat of cattle with the bone, fresh or chilled","2017","2017","t","29000","E","Estimated value",""
"QCL","Crops and livestock products","400","Jordan","5510","Production","21111.01","Meat of cattle with the bone, fresh or chilled","2018","2018","t","30770","A","Official value",""
"QCL","Crops and livestock products","400","Jordan","5510","Production","21111.01","Meat of cattle with the bone, fresh or chilled","2019","2019","t","41981","A","Official value",""
"QCL","Crops and livestock products","400","Jordan","5510","Production","21111.01","Meat of cattle with the bone, fresh or chilled","2020","2020","t","45801","A","Official value",""
"QCL","Crops and livestock products","400","Jordan","5510","Production","21111.01","Meat of cattle with the bone, fresh or chilled","2021","2021","t","41130","A","Official value",""
"QCL","Crops and livestock products","400","Jordan","5510","Production","21111.01","Meat of cattle with the bone, fresh or chilled","2022","2022","t","50194.2","A","Official value",""
"QCL","Crops and livestock products","400","Jordan","5510","Production","21111.01","Meat of cattle with the bone, fresh or chilled","2023","2023","t","44222.86","A","Official value",""
"QCL","Crops and livestock products","400","Jordan","5510","Production","21111.01","Meat of cattle with the bone, fresh or chilled","2024","2024","t","49530.47","I","Value imputed by a receiving agency",""
"QCL","Crops and livestock products","398","Kazakhstan","5510","Production","21111.01","Meat of cattle with the bone, fresh or chilled","2005","2005","t","348300","A","Official value",""
"QCL","Crops and livestock products","398","Kazakhstan","5510","Production","21111.01","Meat of cattle with the bone, fresh or chilled","2006","2006","t","366500","A","Official value",""
"QCL","Crops and livestock products","398","Kazakhstan","5510","Production","21111.01","Meat of cattle with the bone, fresh or chilled","2007","2007","t","385900","A","Official value",""
"QCL","Crops and livestock products","398","Kazakhstan","5510","Production","21111.01","Meat of cattle with the bone, fresh or chilled","2008","2008","t","400100","A","Official value",""
"QCL","Crops and livestock products","398","Kazakhstan","5510","Production","21111.01","Meat of cattle with the bone, fresh or chilled","2009","2009","t","396096","A","Official value",""
"QCL","Crops and livestock products","398","Kazakhstan","5510","Production","21111.01","Meat of cattle with the bone, fresh or chilled","2010","2010","t","280000","E","Estimated value",""
"QCL","Crops and livestock products","398","Kazakhstan","5510","Production","21111.01","Meat of cattle with the bone, fresh or chilled","2011","2011","t","270000","E","Estimated value",""
"QCL","Crops and livestock products","398","Kazakhstan","5510","Production","21111.01","Meat of cattle with the bone, fresh or chilled","2012","2012","t","260000","E","Estimated value",""
"QCL","Crops and livestock products","398","Kazakhstan","5510","Production","21111.01","Meat of cattle with the bone, fresh or chilled","2013","2013","t","270000","E","Estimated value",""
"QCL","Crops and livestock products","398","Kazakhstan","5510","Production","21111.01","Meat of cattle with the bone, fresh or chilled","2014","2014","t","280000","E","Estimated value",""
"QCL","Crops and livestock products","398","Kazakhstan","5510","Production","21111.01","Meat of cattle with the bone, fresh or chilled","2015","2015","t","290000","E","Estimated value",""
"QCL","Crops and livestock products","398","Kazakhstan","5510","Production","21111.01","Meat of cattle with the bone, fresh or chilled","2016","2016","t","300000","E","Estimated value",""
"QCL","Crops and livestock products","398","Kazakhstan","5510","Production","21111.01","Meat of cattle with the bone, fresh or chilled","2017","2017","t","320000","E","Estimated value",""
"QCL","Crops and livestock products","398","Kazakhstan","5510","Production","21111.01","Meat of cattle with the bone, fresh or chilled","2018","2018","t","330000","E","Estimated value",""
"QCL","Crops and livestock products","398","Kazakhstan","5510","Production","21111.01","Meat of cattle with the bone, fresh or chilled","2019","2019","t","367750.71","A","Official value",""
"QCL","Crops and livestock products","398","Kazakhstan","5510","Production","21111.01","Meat of cattle with the bone, fresh or chilled","2020","2020","t","382862.95","A","Official value",""
"QCL","Crops and livestock products","398","Kazakhstan","5510","Production","21111.01","Meat of cattle with the bone, fresh or chilled","2021","2021","t","396339.6","A","Official value",""
"QCL","Crops and livestock products","398","Kazakhstan","5510","Production","21111.01","Meat of cattle with the bone, fresh or chilled","2022","2022","t","383835.79","A","Official value",""
"QCL","Crops and livestock products","398","Kazakhstan","5510","Production","21111.01","Meat of cattle with the bone, fresh or chilled","2023","2023","t","399339.31","A","Official value",""
"QCL","Crops and livestock products","398","Kazakhstan","5510","Production","21111.01","Meat of cattle with the bone, fresh or chilled","2024","2024","t","429335.6","A","Official value",""
"QCL","Crops and livestock products","404","Kenya","5510","Production","21111.01","Meat of cattle with the bone, fresh or chilled","2005","2005","t","396200","A","Official value",""
"QCL","Crops and livestock products","404","Kenya","5510","Production","21111.01","Meat of cattle with the bone, fresh or chilled","2006","2006","t","430000","A","Official value",""
"QCL","Crops and livestock products","404","Kenya","5510","Production","21111.01","Meat of cattle with the bone, fresh or chilled","2007","2007","t","445000","A","Official value",""
"QCL","Crops and livestock products","404","Kenya","5510","Production","21111.01","Meat of cattle with the bone, fresh or chilled","2008","2008","t","458000","A","Official value",""
"QCL","Crops and livestock products","404","Kenya","5510","Production","21111.01","Meat of cattle with the bone, fresh or chilled","2009","2009","t","483000","A","Official value",""
"QCL","Crops and livestock products","404","Kenya","5510","Production","21111.01","Meat of cattle with the bone, fresh or chilled","2010","2010","t","462000","A","Official value",""
"QCL","Crops and livestock products","404","Kenya","5510","Production","21111.01","Meat of cattle with the bone, fresh or chilled","2011","2011","t","458000","A","Official value",""
"QCL","Crops and livestock products","404","Kenya","5510","Production","21111.01","Meat of cattle with the bone, fresh or chilled","2012","2012","t","410600","A","Official value",""
"QCL","Crops and livestock products","404","Kenya","5510","Production","21111.01","Meat of cattle with the bone, fresh or chilled","2013","2013","t","424999.99","E","Estimated value",""
"QCL","Crops and livestock products","404","Kenya","5510","Production","21111.01","Meat of cattle with the bone, fresh or chilled","2014","2014","t","442571","A","Official value",""
"QCL","Crops and livestock products","404","Kenya","5510","Production","21111.01","Meat of cattle with the bone, fresh or chilled","2015","2015","t","487175.8","A","Official value",""
"QCL","Crops and livestock products","404","Kenya","5510","Production","21111.01","Meat of cattle with the bone, fresh or chilled","2016","2016","t","200293","A","Official value",""
"QCL","Crops and livestock products","404","Kenya","5510","Production","21111.01","Meat of cattle with the bone, fresh or chilled","2017","2017","t","172061","A","Official value",""
"QCL","Crops and livestock products","404","Kenya","5510","Production","21111.01","Meat of cattle with the bone, fresh or chilled","2018","2018","t","200771.2","A","Official value",""
"QCL","Crops and livestock products","404","Kenya","5510","Production","21111.01","Meat of cattle with the bone, fresh or chilled","2019","2019","t","329187.44","A","Official value",""
"QCL","Crops and livestock products","404","Kenya","5510","Production","21111.01","Meat of cattle with the bone, fresh or chilled","2020","2020","t","244216.7","A","Official value",""
"QCL","Crops and livestock products","404","Kenya","5510","Production","21111.01","Meat of cattle with the bone, fresh or chilled","2021","2021","t","250607","A","Official value",""
"QCL","Crops and livestock products","404","Kenya","5510","Production","21111.01","Meat of cattle with the bone, fresh or chilled","2022","2022","t","222881","A","Official value",""
"QCL","Crops and livestock products","404","Kenya","5510","Production","21111.01","Meat of cattle with the bone, fresh or chilled","2023","2023","t","237907","A","Official value",""
"QCL","Crops and livestock products","404","Kenya","5510","Production","21111.01","Meat of cattle with the bone, fresh or chilled","2024","2024","t","260083","A","Official value",""
"QCL","Crops and livestock products","414","Kuwait","5510","Production","21111.01","Meat of cattle with the bone, fresh or chilled","2005","2005","t","728","A","Official value",""
"QCL","Crops and livestock products","414","Kuwait","5510","Production","21111.01","Meat of cattle with the bone, fresh or chilled","2006","2006","t","1259","A","Official value",""
"QCL","Crops and livestock products","414","Kuwait","5510","Production","21111.01","Meat of cattle with the bone, fresh or chilled","2007","2007","t","796","A","Official value",""
"QCL","Crops and livestock products","414","Kuwait","5510","Production","21111.01","Meat of cattle with the bone, fresh or chilled","2008","2008","t","1488","A","Official value",""
"QCL","Crops and livestock products","414","Kuwait","5510","Production","21111.01","Meat of cattle with the bone, fresh or chilled","2009","2009","t","1623.75","I","Value imputed by a receiving agency",""
"QCL","Crops and livestock products","414","Kuwait","5510","Production","21111.01","Meat of cattle with the bone, fresh or chilled","2010","2010","t","2004","A","Official value",""
"QCL","Crops and livestock products","414","Kuwait","5510","Production","21111.01","Meat of cattle with the bone, fresh or chilled","2011","2011","t","1609","A","Official value",""
"QCL","Crops and livestock products","414","Kuwait","5510","Production","21111.01","Meat of cattle with the bone, fresh or chilled","2012","2012","t","1433","A","Official value",""
"QCL","Crops and livestock products","414","Kuwait","5510","Production","21111.01","Meat of cattle with the bone, fresh or chilled","2013","2013","t","1353","A","Official value",""
"QCL","Crops and livestock products","414","Kuwait","5510","Production","21111.01","Meat of cattle with the bone, fresh or chilled","2014","2014","t","1888","A","Official value",""
"QCL","Crops and livestock products","414","Kuwait","5510","Production","21111.01","Meat of cattle with the bone, fresh or chilled","2015","2015","t","1882","A","Official value",""
"QCL","Crops and livestock products","414","Kuwait","5510","Production","21111.01","Meat of cattle with the bone, fresh or chilled","2016","2016","t","1401","A","Official value",""
"QCL","Crops and livestock products","414","Kuwait","5510","Production","21111.01","Meat of cattle with the bone, fresh or chilled","2017","2017","t","2151","A","Official value",""
"QCL","Crops and livestock products","414","Kuwait","5510","Production","21111.01","Meat of cattle with the bone, fresh or chilled","2018","2018","t","2145","A","Official value",""
"QCL","Crops and livestock products","414","Kuwait","5510","Production","21111.01","Meat of cattle with the bone, fresh or chilled","2019","2019","t","2906","A","Official value",""
"QCL","Crops and livestock products","414","Kuwait","5510","Production","21111.01","Meat of cattle with the bone, fresh or chilled","2020","2020","t","2048.68","I","Value imputed by a receiving agency",""
"QCL","Crops and livestock products","414","Kuwait","5510","Production","21111.01","Meat of cattle with the bone, fresh or chilled","2021","2021","t","2031.45","I","Value imputed by a receiving agency",""
"QCL","Crops and livestock products","414","Kuwait","5510","Production","21111.01","Meat of cattle with the bone, fresh or chilled","2022","2022","t","2019.47","I","Value imputed by a receiving agency",""
"QCL","Crops and livestock products","414","Kuwait","5510","Production","21111.01","Meat of cattle with the bone, fresh or chilled","2023","2023","t","1955.38","I","Value imputed by a receiving agency",""
"QCL","Crops and livestock products","414","Kuwait","5510","Production","21111.01","Meat of cattle with the bone, fresh or chilled","2024","2024","t","1858.8","I","Value imputed by a receiving agency",""
"QCL","Crops and livestock products","417","Kyrgyzstan","5510","Production","21111.01","Meat of cattle with the bone, fresh or chilled","2005","2005","t","90850","A","Official value",""
"QCL","Crops and livestock products","417","Kyrgyzstan","5510","Production","21111.01","Meat of cattle with the bone, fresh or chilled","2006","2006","t","91157","A","Official value",""
"QCL","Crops and livestock products","417","Kyrgyzstan","5510","Production","21111.01","Meat of cattle with the bone, fresh or chilled","2007","2007","t","90808","A","Official value",""
"QCL","Crops and livestock products","417","Kyrgyzstan","5510","Production","21111.01","Meat of cattle with the bone, fresh or chilled","2008","2008","t","93345","A","Official value",""
"QCL","Crops and livestock products","417","Kyrgyzstan","5510","Production","21111.01","Meat of cattle with the bone, fresh or chilled","2009","2009","t","94545","A","Official value",""
"QCL","Crops and livestock products","417","Kyrgyzstan","5510","Production","21111.01","Meat of cattle with the bone, fresh or chilled","2010","2010","t","97712","A","Official value",""
"QCL","Crops and livestock products","417","Kyrgyzstan","5510","Production","21111.01","Meat of cattle with the bone, fresh or chilled","2011","2011","t","98685","A","Official value",""
"QCL","Crops and livestock products","417","Kyrgyzstan","5510","Production","21111.01","Meat of cattle with the bone, fresh or chilled","2012","2012","t","97074","A","Official value",""
"QCL","Crops and livestock products","417","Kyrgyzstan","5510","Production","21111.01","Meat of cattle with the bone, fresh or chilled","2013","2013","t","98600","A","Official value",""
"QCL","Crops and livestock products","417","Kyrgyzstan","5510","Production","21111.01","Meat of cattle with the bone, fresh or chilled","2014","2014","t","101574","A","Official value",""
"QCL","Crops and livestock products","417","Kyrgyzstan","5510","Production","21111.01","Meat of cattle with the bone, fresh or chilled","2015","2015","t","99059","A","Official value",""
"QCL","Crops and livestock products","417","Kyrgyzstan","5510","Production","21111.01","Meat of cattle with the bone, fresh or chilled","2016","2016","t","102689","A","Official value",""
"QCL","Crops and livestock products","417","Kyrgyzstan","5510","Production","21111.01","Meat of cattle with the bone, fresh or chilled","2017","2017","t","103626","A","Official value",""
"QCL","Crops and livestock products","417","Kyrgyzstan","5510","Production","21111.01","Meat of cattle with the bone, fresh or chilled","2018","2018","t","108631","A","Official value",""
"QCL","Crops and livestock products","417","Kyrgyzstan","5510","Production","21111.01","Meat of cattle with the bone, fresh or chilled","2019","2019","t","111463","A","Official value",""
"QCL","Crops and livestock products","417","Kyrgyzstan","5510","Production","21111.01","Meat of cattle with the bone, fresh or chilled","2020","2020","t","114466","A","Official value",""
"QCL","Crops and livestock products","417","Kyrgyzstan","5510","Production","21111.01","Meat of cattle with the bone, fresh or chilled","2021","2021","t","113599","A","Official value",""
"QCL","Crops and livestock products","417","Kyrgyzstan","5510","Production","21111.01","Meat of cattle with the bone, fresh or chilled","2022","2022","t","119741","A","Official value",""
"QCL","Crops and livestock products","417","Kyrgyzstan","5510","Production","21111.01","Meat of cattle with the bone, fresh or chilled","2023","2023","t","122835","A","Official value",""
"QCL","Crops and livestock products","417","Kyrgyzstan","5510","Production","21111.01","Meat of cattle with the bone, fresh or chilled","2024","2024","t","125469","A","Official value",""
"QCL","Crops and livestock products","418","Lao People's Democratic Republic","5510","Production","21111.01","Meat of cattle with the bone, fresh or chilled","2005","2005","t","22500","E","Estimated value",""
"QCL","Crops and livestock products","418","Lao People's Democratic Republic","5510","Production","21111.01","Meat of cattle with the bone, fresh or chilled","2006","2006","t","23000","E","Estimated value",""
"QCL","Crops and livestock products","418","Lao People's Democratic Republic","5510","Production","21111.01","Meat of cattle with the bone, fresh or chilled","2007","2007","t","23750","E","Estimated value",""
"QCL","Crops and livestock products","418","Lao People's Democratic Republic","5510","Production","21111.01","Meat of cattle with the bone, fresh or chilled","2008","2008","t","24500","E","Estimated value",""
"QCL","Crops and livestock products","418","Lao People's Democratic Republic","5510","Production","21111.01","Meat of cattle with the bone, fresh or chilled","2009","2009","t","25000","E","Estimated value",""
"QCL","Crops and livestock products","418","Lao People's Democratic Republic","5510","Production","21111.01","Meat of cattle with the bone, fresh or chilled","2010","2010","t","25750","E","Estimated value",""
"QCL","Crops and livestock products","418","Lao People's Democratic Republic","5510","Production","21111.01","Meat of cattle with the bone, fresh or chilled","2011","2011","t","26900","E","Estimated value",""
"QCL","Crops and livestock products","418","Lao People's Democratic Republic","5510","Production","21111.01","Meat of cattle with the bone, fresh or chilled","2012","2012","t","29500","E","Estimated value",""
"QCL","Crops and livestock products","418","Lao People's Democratic Republic","5510","Production","21111.01","Meat of cattle with the bone, fresh or chilled","2013","2013","t","29900","E","Estimated value",""
"QCL","Crops and livestock products","418","Lao People's Democratic Republic","5510","Production","21111.01","Meat of cattle with the bone, fresh or chilled","2014","2014","t","30544.21","I","Value imputed by a receiving agency",""
"QCL","Crops and livestock products","418","Lao People's Democratic Republic","5510","Production","21111.01","Meat of cattle with the bone, fresh or chilled","2015","2015","t","31828.13","I","Value imputed by a receiving agency",""
"QCL","Crops and livestock products","418","Lao People's Democratic Republic","5510","Production","21111.01","Meat of cattle with the bone, fresh or chilled","2016","2016","t","32883","I","Value imputed by a receiving agency",""
"QCL","Crops and livestock products","418","Lao People's Democratic Republic","5510","Production","21111.01","Meat of cattle with the bone, fresh or chilled","2017","2017","t","34364.54","I","Value imputed by a receiving agency",""
"QCL","Crops and livestock products","418","Lao People's Democratic Republic","5510","Production","21111.01","Meat of cattle with the bone, fresh or chilled","2018","2018","t","35434.48","I","Value imputed by a receiving agency",""
"QCL","Crops and livestock products","418","Lao People's Democratic Republic","5510","Production","21111.01","Meat of cattle with the bone, fresh or chilled","2019","2019","t","36586.11","I","Value imputed by a receiving agency",""
"QCL","Crops and livestock products","418","Lao People's Democratic Republic","5510","Production","21111.01","Meat of cattle with the bone, fresh or chilled","2020","2020","t","37823.24","I","Value imputed by a receiving agency",""
"QCL","Crops and livestock products","418","Lao People's Democratic Republic","5510","Production","21111.01","Meat of cattle with the bone, fresh or chilled","2021","2021","t","40401.9","I","Value imputed by a receiving agency",""
"QCL","Crops and livestock products","418","Lao People's Democratic Republic","5510","Production","21111.01","Meat of cattle with the bone, fresh or chilled","2022","2022","t","42571.74","I","Value imputed by a receiving agency",""
"QCL","Crops and livestock products","418","Lao People's Democratic Republic","5510","Production","21111.01","Meat of cattle with the bone, fresh or chilled","2023","2023","t","45056.66","I","Value imputed by a receiving agency",""
"QCL","Crops and livestock products","418","Lao People's Democratic Republic","5510","Production","21111.01","Meat of cattle with the bone, fresh or chilled","2024","2024","t","47504.77","I","Value imputed by a receiving agency",""
"QCL","Crops and livestock products","428","Latvia","5510","Production","21111.01","Meat of cattle with the bone, fresh or chilled","2005","2005","t","20444","A","Official value",""
"QCL","Crops and livestock products","428","Latvia","5510","Production","21111.01","Meat of cattle with the bone, fresh or chilled","2006","2006","t","20684","A","Official value",""
"QCL","Crops and livestock products","428","Latvia","5510","Production","21111.01","Meat of cattle with the bone, fresh or chilled","2007","2007","t","22755","A","Official value",""
"QCL","Crops and livestock products","428","Latvia","5510","Production","21111.01","Meat of cattle with the bone, fresh or chilled","2008","2008","t","21445","A","Official value",""
"QCL","Crops and livestock products","428","Latvia","5510","Production","21111.01","Meat of cattle with the bone, fresh or chilled","2009","2009","t","20452","A","Official value",""
"QCL","Crops and livestock products","428","Latvia","5510","Production","21111.01","Meat of cattle with the bone, fresh or chilled","2010","2010","t","18414","A","Official value",""
"QCL","Crops and livestock products","428","Latvia","5510","Production","21111.01","Meat of cattle with the bone, fresh or chilled","2011","2011","t","18015","A","Official value",""
"QCL","Crops and livestock products","428","Latvia","5510","Production","21111.01","Meat of cattle with the bone, fresh or chilled","2012","2012","t","17312","A","Official value",""
"QCL","Crops and livestock products","428","Latvia","5510","Production","21111.01","Meat of cattle with the bone, fresh or chilled","2013","2013","t","16688","A","Official value",""
"QCL","Crops and livestock products","428","Latvia","5510","Production","21111.01","Meat of cattle with the bone, fresh or chilled","2014","2014","t","17659","A","Official value",""
"QCL","Crops and livestock products","428","Latvia","5510","Production","21111.01","Meat of cattle with the bone, fresh or chilled","2015","2015","t","18769","A","Official value",""
"QCL","Crops and livestock products","428","Latvia","5510","Production","21111.01","Meat of cattle with the bone, fresh or chilled","2016","2016","t","19468","A","Official value",""
"QCL","Crops and livestock products","428","Latvia","5510","Production","21111.01","Meat of cattle with the bone, fresh or chilled","2017","2017","t","18450","A","Official value",""
"QCL","Crops and livestock products","428","Latvia","5510","Production","21111.01","Meat of cattle with the bone, fresh or chilled","2018","2018","t","17480","A","Official value",""
"QCL","Crops and livestock products","428","Latvia","5510","Production","21111.01","Meat of cattle with the bone, fresh or chilled","2019","2019","t","16370","A","Official value",""
"QCL","Crops and livestock products","428","Latvia","5510","Production","21111.01","Meat of cattle with the bone, fresh or chilled","2020","2020","t","16030","A","Official value",""
"QCL","Crops and livestock products","428","Latvia","5510","Production","21111.01","Meat of cattle with the bone, fresh or chilled","2021","2021","t","17040","A","Official value",""
"QCL","Crops and livestock products","428","Latvia","5510","Production","21111.01","Meat of cattle with the bone, fresh or chilled","2022","2022","t","15940","A","Official value",""
"QCL","Crops and livestock products","428","Latvia","5510","Production","21111.01","Meat of cattle with the bone, fresh or chilled","2023","2023","t","17960","A","Official value",""
"QCL","Crops and livestock products","428","Latvia","5510","Production","21111.01","Meat of cattle with the bone, fresh or chilled","2024","2024","t","16820","A","Official value",""
"QCL","Crops and livestock products","422","Lebanon","5510","Production","21111.01","Meat of cattle with the bone, fresh or chilled","2005","2005","t","61467","E","Estimated value",""
"QCL","Crops and livestock products","422","Lebanon","5510","Production","21111.01","Meat of cattle with the bone, fresh or chilled","2006","2006","t","51943.5","E","Estimated value",""
"QCL","Crops and livestock products","422","Lebanon","5510","Production","21111.01","Meat of cattle with the bone, fresh or chilled","2007","2007","t","46530.96","E","Estimated value",""
"QCL","Crops and livestock products","422","Lebanon","5510","Production","21111.01","Meat of cattle with the bone, fresh or chilled","2008","2008","t","46620","E","Estimated value",""
"QCL","Crops and livestock products","422","Lebanon","5510","Production","21111.01","Meat of cattle with the bone, fresh or chilled","2009","2009","t","61567.8","E","Estimated value",""
"QCL","Crops and livestock products","422","Lebanon","5510","Production","21111.01","Meat of cattle with the bone, fresh or chilled","2010","2010","t","45764","A","Official value",""
"QCL","Crops and livestock products","422","Lebanon","5510","Production","21111.01","Meat of cattle with the bone, fresh or chilled","2011","2011","t","44689","A","Official value",""
"QCL","Crops and livestock products","422","Lebanon","5510","Production","21111.01","Meat of cattle with the bone, fresh or chilled","2012","2012","t","44107","A","Official value",""
"QCL","Crops and livestock products","422","Lebanon","5510","Production","21111.01","Meat of cattle with the bone, fresh or chilled","2013","2013","t","47545","A","Official value",""
"QCL","Crops and livestock products","422","Lebanon","5510","Production","21111.01","Meat of cattle with the bone, fresh or chilled","2014","2014","t","45607.97","I","Value imputed by a receiving agency",""
"QCL","Crops and livestock products","422","Lebanon","5510","Production","21111.01","Meat of cattle with the bone, fresh or chilled","2015","2015","t","47270.75","I","Value imputed by a receiving agency",""
"QCL","Crops and livestock products","422","Lebanon","5510","Production","21111.01","Meat of cattle with the bone, fresh or chilled","2016","2016","t","42823.42","I","Value imputed by a receiving agency",""
"QCL","Crops and livestock products","422","Lebanon","5510","Production","21111.01","Meat of cattle with the bone, fresh or chilled","2017","2017","t","46683.99","I","Value imputed by a receiving agency",""
"QCL","Crops and livestock products","422","Lebanon","5510","Production","21111.01","Meat of cattle with the bone, fresh or chilled","2018","2018","t","49523.36","I","Value imputed by a receiving agency",""
"QCL","Crops and livestock products","422","Lebanon","5510","Production","21111.01","Meat of cattle with the bone, fresh or chilled","2019","2019","t","48617.76","I","Value imputed by a receiving agency",""
"QCL","Crops and livestock products","422","Lebanon","5510","Production","21111.01","Meat of cattle with the bone, fresh or chilled","2020","2020","t","48834.23","I","Value imputed by a receiving agency",""
"QCL","Crops and livestock products","422","Lebanon","5510","Production","21111.01","Meat of cattle with the bone, fresh or chilled","2021","2021","t","48948.43","I","Value imputed by a receiving agency",""
"QCL","Crops and livestock products","422","Lebanon","5510","Production","21111.01","Meat of cattle with the bone, fresh or chilled","2022","2022","t","42780.97","I","Value imputed by a receiving agency",""
"QCL","Crops and livestock products","422","Lebanon","5510","Production","21111.01","Meat of cattle with the bone, fresh or chilled","2023","2023","t","39253.96","I","Value imputed by a receiving agency",""
"QCL","Crops and livestock products","422","Lebanon","5510","Production","21111.01","Meat of cattle with the bone, fresh or chilled","2024","2024","t","39193.98","I","Value imputed by a receiving agency",""
"QCL","Crops and livestock products","426","Lesotho","5510","Production","21111.01","Meat of cattle with the bone, fresh or chilled","2005","2005","t","3245","I","Value imputed by a receiving agency",""
"QCL","Crops and livestock products","426","Lesotho","5510","Production","21111.01","Meat of cattle with the bone, fresh or chilled","2006","2006","t","3018","I","Value imputed by a receiving agency",""
"QCL","Crops and livestock products","426","Lesotho","5510","Production","21111.01","Meat of cattle with the bone, fresh or chilled","2007","2007","t","3314","I","Value imputed by a receiving agency",""
"QCL","Crops and livestock products","426","Lesotho","5510","Production","21111.01","Meat of cattle with the bone, fresh or chilled","2008","2008","t","2730","I","Value imputed by a receiving agency",""
"QCL","Crops and livestock products","426","Lesotho","5510","Production","21111.01","Meat of cattle with the bone, fresh or chilled","2009","2009","t","1953","I","Value imputed by a receiving agency",""
"QCL","Crops and livestock products","426","Lesotho","5510","Production","21111.01","Meat of cattle with the bone, fresh or chilled","2010","2010","t","1898","I","Value imputed by a receiving agency",""
"QCL","Crops and livestock products","426","Lesotho","5510","Production","21111.01","Meat of cattle with the bone, fresh or chilled","2011","2011","t","2484","I","Value imputed by a receiving agency",""
"QCL","Crops and livestock products","426","Lesotho","5510","Production","21111.01","Meat of cattle with the bone, fresh or chilled","2012","2012","t","2654","I","Value imputed by a receiving agency",""
"QCL","Crops and livestock products","426","Lesotho","5510","Production","21111.01","Meat of cattle with the bone, fresh or chilled","2013","2013","t","2517","I","Value imputed by a receiving agency",""
"QCL","Crops and livestock products","426","Lesotho","5510","Production","21111.01","Meat of cattle with the bone, fresh or chilled","2014","2014","t","2339","I","Value imputed by a receiving agency",""
"QCL","Crops and livestock products","426","Lesotho","5510","Production","21111.01","Meat of cattle with the bone, fresh or chilled","2015","2015","t","2506","E","Estimated value",""
"QCL","Crops and livestock products","426","Lesotho","5510","Production","21111.01","Meat of cattle with the bone, fresh or chilled","2016","2016","t","2301.3","I","Value imputed by a receiving agency",""
"QCL","Crops and livestock products","426","Lesotho","5510","Production","21111.01","Meat of cattle with the bone, fresh or chilled","2017","2017","t","1986.81","I","Value imputed by a receiving agency",""
"QCL","Crops and livestock products","426","Lesotho","5510","Production","21111.01","Meat of cattle with the bone, fresh or chilled","2018","2018","t","1679.93","I","Value imputed by a receiving agency",""
"QCL","Crops and livestock products","426","Lesotho","5510","Production","21111.01","Meat of cattle with the bone, fresh or chilled","2019","2019","t","1392.05","I","Value imputed by a receiving agency",""
"QCL","Crops and livestock products","426","Lesotho","5510","Production","21111.01","Meat of cattle with the bone, fresh or chilled","2020","2020","t","1635.81","I","Value imputed by a receiving agency",""
"QCL","Crops and livestock products","426","Lesotho","5510","Production","21111.01","Meat of cattle with the bone, fresh or chilled","2021","2021","t","1034.29","I","Value imputed by a receiving agency",""
"QCL","Crops and livestock products","426","Lesotho","5510","Production","21111.01","Meat of cattle with the bone, fresh or chilled","2022","2022","t","955.53","I","Value imputed by a receiving agency",""
"QCL","Crops and livestock products","426","Lesotho","5510","Production","21111.01","Meat of cattle with the bone, fresh or chilled","2023","2023","t","1137.04","I","Value imputed by a receiving agency",""
"QCL","Crops and livestock products","426","Lesotho","5510","Production","21111.01","Meat of cattle with the bone, fresh or chilled","2024","2024","t","1042.29","E","Estimated value",""
"QCL","Crops and livestock products","430","Liberia","5510","Production","21111.01","Meat of cattle with the bone, fresh or chilled","2005","2005","t","1000","E","Estimated value",""
"QCL","Crops and livestock products","430","Liberia","5510","Production","21111.01","Meat of cattle with the bone, fresh or chilled","2006","2006","t","1018.75","E","Estimated value",""
"QCL","Crops and livestock products","430","Liberia","5510","Production","21111.01","Meat of cattle with the bone, fresh or chilled","2007","2007","t","1045","E","Estimated value",""
"QCL","Crops and livestock products","430","Liberia","5510","Production","21111.01","Meat of cattle with the bone, fresh or chilled","2008","2008","t","1056.25","E","Estimated value",""
"QCL","Crops and livestock products","430","Liberia","5510","Production","21111.01","Meat of cattle with the bone, fresh or chilled","2009","2009","t","1075","E","Estimated value",""
"QCL","Crops and livestock products","430","Liberia","5510","Production","21111.01","Meat of cattle with the bone, fresh or chilled","2010","2010","t","1100","E","Estimated value",""
"QCL","Crops and livestock products","430","Liberia","5510","Production","21111.01","Meat of cattle with the bone, fresh or chilled","2011","2011","t","1125","E","Estimated value",""
"QCL","Crops and livestock products","430","Liberia","5510","Production","21111.01","Meat of cattle with the bone, fresh or chilled","2012","2012","t","1137.5","E","Estimated value",""
"QCL","Crops and livestock products","430","Liberia","5510","Production","21111.01","Meat of cattle with the bone, fresh or chilled","2013","2013","t","1160.25","I","Value imputed by a receiving agency",""
"QCL","Crops and livestock products","430","Liberia","5510","Production","21111.01","Meat of cattle with the bone, fresh or chilled","2014","2014","t","1162.05","I","Value imputed by a receiving agency",""
"QCL","Crops and livestock products","430","Liberia","5510","Production","21111.01","Meat of cattle with the bone, fresh or chilled","2015","2015","t","1179.42","I","Value imputed by a receiving agency",""
"QCL","Crops and livestock products","430","Liberia","5510","Production","21111.01","Meat of cattle with the bone, fresh or chilled","2016","2016","t","1182.77","I","Value imputed by a receiving agency",""
"QCL","Crops and livestock products","430","Liberia","5510","Production","21111.01","Meat of cattle with the bone, fresh or chilled","2017","2017","t","1130.45","I","Value imputed by a receiving agency",""
"QCL","Crops and livestock products","430","Liberia","5510","Production","21111.01","Meat of cattle with the bone, fresh or chilled","2018","2018","t","1079.71","I","Value imputed by a receiving agency",""
"QCL","Crops and livestock products","430","Liberia","5510","Production","21111.01","Meat of cattle with the bone, fresh or chilled","2019","2019","t","919.61","I","Value imputed by a receiving agency",""
"QCL","Crops and livestock products","430","Liberia","5510","Production","21111.01","Meat of cattle with the bone, fresh or chilled","2020","2020","t","1037.17","E","Estimated value",""
"QCL","Crops and livestock products","430","Liberia","5510","Production","21111.01","Meat of cattle with the bone, fresh or chilled","2021","2021","t","998.66","I","Value imputed by a receiving agency",""
"QCL","Crops and livestock products","430","Liberia","5510","Production","21111.01","Meat of cattle with the bone, fresh or chilled","2022","2022","t","985.32","I","Value imputed by a receiving agency",""
"QCL","Crops and livestock products","430","Liberia","5510","Production","21111.01","Meat of cattle with the bone, fresh or chilled","2023","2023","t","976.78","I","Value imputed by a receiving agency",""
"QCL","Crops and livestock products","430","Liberia","5510","Production","21111.01","Meat of cattle with the bone, fresh or chilled","2024","2024","t","968.67","I","Value imputed by a receiving agency",""
"QCL","Crops and livestock products","434","Libya","5510","Production","21111.01","Meat of cattle with the bone, fresh or chilled","2005","2005","t","4600","E","Estimated value",""
"QCL","Crops and livestock products","434","Libya","5510","Production","21111.01","Meat of cattle with the bone, fresh or chilled","2006","2006","t","5600","E","Estimated value",""
"QCL","Crops and livestock products","434","Libya","5510","Production","21111.01","Meat of cattle with the bone, fresh or chilled","2007","2007","t","5600","E","Estimated value",""
"QCL","Crops and livestock products","434","Libya","5510","Production","21111.01","Meat of cattle with the bone, fresh or chilled","2008","2008","t","5600","E","Estimated value",""
"QCL","Crops and livestock products","434","Libya","5510","Production","21111.01","Meat of cattle with the bone, fresh or chilled","2009","2009","t","5800","E","Estimated value",""
"QCL","Crops and livestock products","434","Libya","5510","Production","21111.01","Meat of cattle with the bone, fresh or chilled","2010","2010","t","5800","E","Estimated value",""
"QCL","Crops and livestock products","434","Libya","5510","Production","21111.01","Meat of cattle with the bone, fresh or chilled","2011","2011","t","6000","E","Estimated value",""
"QCL","Crops and livestock products","434","Libya","5510","Production","21111.01","Meat of cattle with the bone, fresh or chilled","2012","2012","t","6000","E","Estimated value",""
"QCL","Crops and livestock products","434","Libya","5510","Production","21111.01","Meat of cattle with the bone, fresh or chilled","2013","2013","t","6000","E","Estimated value",""
"QCL","Crops and livestock products","434","Libya","5510","Production","21111.01","Meat of cattle with the bone, fresh or chilled","2014","2014","t","6000","E","Estimated value",""
"QCL","Crops and livestock products","434","Libya","5510","Production","21111.01","Meat of cattle with the bone, fresh or chilled","2015","2015","t","6000","E","Estimated value",""
"QCL","Crops and livestock products","434","Libya","5510","Production","21111.01","Meat of cattle with the bone, fresh or chilled","2016","2016","t","6000","E","Estimated value",""
"QCL","Crops and livestock products","434","Libya","5510","Production","21111.01","Meat of cattle with the bone, fresh or chilled","2017","2017","t","6200","E","Estimated value",""
"QCL","Crops and livestock products","434","Libya","5510","Production","21111.01","Meat of cattle with the bone, fresh or chilled","2018","2018","t","6650","A","Official value",""
"QCL","Crops and livestock products","434","Libya","5510","Production","21111.01","Meat of cattle with the bone, fresh or chilled","2019","2019","t","6330","A","Official value",""
"QCL","Crops and livestock products","434","Libya","5510","Production","21111.01","Meat of cattle with the bone, fresh or chilled","2020","2020","t","7010","A","Official value",""
"QCL","Crops and livestock products","434","Libya","5510","Production","21111.01","Meat of cattle with the bone, fresh or chilled","2021","2021","t","5860","A","Official value",""
"QCL","Crops and livestock products","434","Libya","5510","Production","21111.01","Meat of cattle with the bone, fresh or chilled","2022","2022","t","6303.11","E","Estimated value",""
"QCL","Crops and livestock products","434","Libya","5510","Production","21111.01","Meat of cattle with the bone, fresh or chilled","2023","2023","t","6385.46","E","Estimated value",""
"QCL","Crops and livestock products","434","Libya","5510","Production","21111.01","Meat of cattle with the bone, fresh or chilled","2024","2024","t","6219.27","E","Estimated value",""
"QCL","Crops and livestock products","440","Lithuania","5510","Production","21111.01","Meat of cattle with the bone, fresh or chilled","2005","2005","t","52891","A","Official value",""
"QCL","Crops and livestock products","440","Lithuania","5510","Production","21111.01","Meat of cattle with the bone, fresh or chilled","2006","2006","t","47323","A","Official value",""
"QCL","Crops and livestock products","440","Lithuania","5510","Production","21111.01","Meat of cattle with the bone, fresh or chilled","2007","2007","t","55977","A","Official value",""
"QCL","Crops and livestock products","440","Lithuania","5510","Production","21111.01","Meat of cattle with the bone, fresh or chilled","2008","2008","t","47539","A","Official value",""
"QCL","Crops and livestock products","440","Lithuania","5510","Production","21111.01","Meat of cattle with the bone, fresh or chilled","2009","2009","t","45114","A","Official value",""
"QCL","Crops and livestock products","440","Lithuania","5510","Production","21111.01","Meat of cattle with the bone, fresh or chilled","2010","2010","t","43717","A","Official value",""
"QCL","Crops and livestock products","440","Lithuania","5510","Production","21111.01","Meat of cattle with the bone, fresh or chilled","2011","2011","t","41980","A","Official value",""
"QCL","Crops and livestock products","440","Lithuania","5510","Production","21111.01","Meat of cattle with the bone, fresh or chilled","2012","2012","t","40902","A","Official value",""
"QCL","Crops and livestock products","440","Lithuania","5510","Production","21111.01","Meat of cattle with the bone, fresh or chilled","2013","2013","t","37709","A","Official value",""
"QCL","Crops and livestock products","440","Lithuania","5510","Production","21111.01","Meat of cattle with the bone, fresh or chilled","2014","2014","t","40240","A","Official value",""
"QCL","Crops and livestock products","440","Lithuania","5510","Production","21111.01","Meat of cattle with the bone, fresh or chilled","2015","2015","t","45102","A","Official value",""
"QCL","Crops and livestock products","440","Lithuania","5510","Production","21111.01","Meat of cattle with the bone, fresh or chilled","2016","2016","t","43319","A","Official value",""
"QCL","Crops and livestock products","440","Lithuania","5510","Production","21111.01","Meat of cattle with the bone, fresh or chilled","2017","2017","t","41917","A","Official value",""
"QCL","Crops and livestock products","440","Lithuania","5510","Production","21111.01","Meat of cattle with the bone, fresh or chilled","2018","2018","t","41670","A","Official value",""
"QCL","Crops and livestock products","440","Lithuania","5510","Production","21111.01","Meat of cattle with the bone, fresh or chilled","2019","2019","t","44180","A","Official value",""
"QCL","Crops and livestock products","440","Lithuania","5510","Production","21111.01","Meat of cattle with the bone, fresh or chilled","2020","2020","t","43410","A","Official value",""
"QCL","Crops and livestock products","440","Lithuania","5510","Production","21111.01","Meat of cattle with the bone, fresh or chilled","2021","2021","t","45540","A","Official value",""
"QCL","Crops and livestock products","440","Lithuania","5510","Production","21111.01","Meat of cattle with the bone, fresh or chilled","2022","2022","t","44580","A","Official value",""
"QCL","Crops and livestock products","440","Lithuania","5510","Production","21111.01","Meat of cattle with the bone, fresh or chilled","2023","2023","t","45990","A","Official value",""
"QCL","Crops and livestock products","440","Lithuania","5510","Production","21111.01","Meat of cattle with the bone, fresh or chilled","2024","2024","t","44760","A","Official value",""
"QCL","Crops and livestock products","442","Luxembourg","5510","Production","21111.01","Meat of cattle with the bone, fresh or chilled","2005","2005","t","9934","A","Official value",""
"QCL","Crops and livestock products","442","Luxembourg","5510","Production","21111.01","Meat of cattle with the bone, fresh or chilled","2006","2006","t","9333","A","Official value",""
"QCL","Crops and livestock products","442","Luxembourg","5510","Production","21111.01","Meat of cattle with the bone, fresh or chilled","2007","2007","t","9210.49","A","Official value",""
"QCL","Crops and livestock products","442","Luxembourg","5510","Production","21111.01","Meat of cattle with the bone, fresh or chilled","2008","2008","t","9171.13","A","Official value",""
"QCL","Crops and livestock products","442","Luxembourg","5510","Production","21111.01","Meat of cattle with the bone, fresh or chilled","2009","2009","t","9096","A","Official value",""
"QCL","Crops and livestock products","442","Luxembourg","5510","Production","21111.01","Meat of cattle with the bone, fresh or chilled","2010","2010","t","9390","A","Official value",""
"QCL","Crops and livestock products","442","Luxembourg","5510","Production","21111.01","Meat of cattle with the bone, fresh or chilled","2011","2011","t","9066","A","Official value",""
"QCL","Crops and livestock products","442","Luxembourg","5510","Production","21111.01","Meat of cattle with the bone, fresh or chilled","2012","2012","t","8585","A","Official value",""
"QCL","Crops and livestock products","442","Luxembourg","5510","Production","21111.01","Meat of cattle with the bone, fresh or chilled","2013","2013","t","8060","A","Official value",""
"QCL","Crops and livestock products","442","Luxembourg","5510","Production","21111.01","Meat of cattle with the bone, fresh or chilled","2014","2014","t","8592.5","A","Official value",""
"QCL","Crops and livestock products","442","Luxembourg","5510","Production","21111.01","Meat of cattle with the bone, fresh or chilled","2015","2015","t","9179.7","A","Official value",""
"QCL","Crops and livestock products","442","Luxembourg","5510","Production","21111.01","Meat of cattle with the bone, fresh or chilled","2016","2016","t","9528.8","A","Official value",""
"QCL","Crops and livestock products","442","Luxembourg","5510","Production","21111.01","Meat of cattle with the bone, fresh or chilled","2017","2017","t","9643","A","Official value",""
"QCL","Crops and livestock products","442","Luxembourg","5510","Production","21111.01","Meat of cattle with the bone, fresh or chilled","2018","2018","t","9960","A","Official value",""
"QCL","Crops and livestock products","442","Luxembourg","5510","Production","21111.01","Meat of cattle with the bone, fresh or chilled","2019","2019","t","10250","A","Official value",""
"QCL","Crops and livestock products","442","Luxembourg","5510","Production","21111.01","Meat of cattle with the bone, fresh or chilled","2020","2020","t","10340","A","Official value",""
"QCL","Crops and livestock products","442","Luxembourg","5510","Production","21111.01","Meat of cattle with the bone, fresh or chilled","2021","2021","t","10590","A","Official value",""
"QCL","Crops and livestock products","442","Luxembourg","5510","Production","21111.01","Meat of cattle with the bone, fresh or chilled","2022","2022","t","9810","A","Official value",""
"QCL","Crops and livestock products","442","Luxembourg","5510","Production","21111.01","Meat of cattle with the bone, fresh or chilled","2023","2023","t","9580","A","Official value",""
"QCL","Crops and livestock products","442","Luxembourg","5510","Production","21111.01","Meat of cattle with the bone, fresh or chilled","2024","2024","t","9430","A","Official value",""
"QCL","Crops and livestock products","450","Madagascar","5510","Production","21111.01","Meat of cattle with the bone, fresh or chilled","2005","2005","t","42533.62","I","Value imputed by a receiving agency",""
"QCL","Crops and livestock products","450","Madagascar","5510","Production","21111.01","Meat of cattle with the bone, fresh or chilled","2006","2006","t","41501.25","E","Estimated value",""
"QCL","Crops and livestock products","450","Madagascar","5510","Production","21111.01","Meat of cattle with the bone, fresh or chilled","2007","2007","t","42598.42","I","Value imputed by a receiving agency",""
"QCL","Crops and livestock products","450","Madagascar","5510","Production","21111.01","Meat of cattle with the bone, fresh or chilled","2008","2008","t","42678.77","I","Value imputed by a receiving agency",""
"QCL","Crops and livestock products","450","Madagascar","5510","Production","21111.01","Meat of cattle with the bone, fresh or chilled","2009","2009","t","42710.32","I","Value imputed by a receiving agency",""
"QCL","Crops and livestock products","450","Madagascar","5510","Production","21111.01","Meat of cattle with the bone, fresh or chilled","2010","2010","t","42377.05","I","Value imputed by a receiving agency",""
"QCL","Crops and livestock products","450","Madagascar","5510","Production","21111.01","Meat of cattle with the bone, fresh or chilled","2011","2011","t","42059.09","I","Value imputed by a receiving agency",""
"QCL","Crops and livestock products","450","Madagascar","5510","Production","21111.01","Meat of cattle with the bone, fresh or chilled","2012","2012","t","42062.2","I","Value imputed by a receiving agency",""
"QCL","Crops and livestock products","450","Madagascar","5510","Production","21111.01","Meat of cattle with the bone, fresh or chilled","2013","2013","t","41713.52","I","Value imputed by a receiving agency",""
"QCL","Crops and livestock products","450","Madagascar","5510","Production","21111.01","Meat of cattle with the bone, fresh or chilled","2014","2014","t","43855","A","Official value",""
"QCL","Crops and livestock products","450","Madagascar","5510","Production","21111.01","Meat of cattle with the bone, fresh or chilled","2015","2015","t","44205","A","Official value",""
"QCL","Crops and livestock products","450","Madagascar","5510","Production","21111.01","Meat of cattle with the bone, fresh or chilled","2016","2016","t","44516","A","Official value",""
"QCL","Crops and livestock products","450","Madagascar","5510","Production","21111.01","Meat of cattle with the bone, fresh or chilled","2017","2017","t","42878.75","A","Official value",""
"QCL","Crops and livestock products","450","Madagascar","5510","Production","21111.01","Meat of cattle with the bone, fresh or chilled","2018","2018","t","37005","A","Official value",""
"QCL","Crops and livestock products","450","Madagascar","5510","Production","21111.01","Meat of cattle with the bone, fresh or chilled","2019","2019","t","37410","A","Official value",""
"QCL","Crops and livestock products","450","Madagascar","5510","Production","21111.01","Meat of cattle with the bone, fresh or chilled","2020","2020","t","31354.18","I","Value imputed by a receiving agency",""
"QCL","Crops and livestock products","450","Madagascar","5510","Production","21111.01","Meat of cattle with the bone, fresh or chilled","2021","2021","t","26679.33","I","Value imputed by a receiving agency",""
"QCL","Crops and livestock products","450","Madagascar","5510","Production","21111.01","Meat of cattle with the bone, fresh or chilled","2022","2022","t","23942.52","I","Value imputed by a receiving agency",""
"QCL","Crops and livestock products","450","Madagascar","5510","Production","21111.01","Meat of cattle with the bone, fresh or chilled","2023","2023","t","31952.79","E","Estimated value",""
"QCL","Crops and livestock products","450","Madagascar","5510","Production","21111.01","Meat of cattle with the bone, fresh or chilled","2024","2024","t","24978.54","I","Value imputed by a receiving agency",""
"QCL","Crops and livestock products","454","Malawi","5510","Production","21111.01","Meat of cattle with the bone, fresh or chilled","2005","2005","t","21344","A","Official value",""
"QCL","Crops and livestock products","454","Malawi","5510","Production","21111.01","Meat of cattle with the bone, fresh or chilled","2006","2006","t","24104","A","Official value",""
"QCL","Crops and livestock products","454","Malawi","5510","Production","21111.01","Meat of cattle with the bone, fresh or chilled","2007","2007","t","26583","A","Official value",""
"QCL","Crops and livestock products","454","Malawi","5510","Production","21111.01","Meat of cattle with the bone, fresh or chilled","2008","2008","t","28815","A","Official value",""
"QCL","Crops and livestock products","454","Malawi","5510","Production","21111.01","Meat of cattle with the bone, fresh or chilled","2009","2009","t","30046","A","Official value",""
"QCL","Crops and livestock products","454","Malawi","5510","Production","21111.01","Meat of cattle with the bone, fresh or chilled","2010","2010","t","32225","A","Official value",""
"QCL","Crops and livestock products","454","Malawi","5510","Production","21111.01","Meat of cattle with the bone, fresh or chilled","2011","2011","t","34055","A","Official value",""
"QCL","Crops and livestock products","454","Malawi","5510","Production","21111.01","Meat of cattle with the bone, fresh or chilled","2012","2012","t","35683","A","Official value",""
"QCL","Crops and livestock products","454","Malawi","5510","Production","21111.01","Meat of cattle with the bone, fresh or chilled","2013","2013","t","38382","A","Official value",""
"QCL","Crops and livestock products","454","Malawi","5510","Production","21111.01","Meat of cattle with the bone, fresh or chilled","2014","2014","t","39514","A","Official value",""
"QCL","Crops and livestock products","454","Malawi","5510","Production","21111.01","Meat of cattle with the bone, fresh or chilled","2015","2015","t","42362","A","Official value",""
"QCL","Crops and livestock products","454","Malawi","5510","Production","21111.01","Meat of cattle with the bone, fresh or chilled","2016","2016","t","41615","A","Official value",""
"QCL","Crops and livestock products","454","Malawi","5510","Production","21111.01","Meat of cattle with the bone, fresh or chilled","2017","2017","t","45736","A","Official value",""
"QCL","Crops and livestock products","454","Malawi","5510","Production","21111.01","Meat of cattle with the bone, fresh or chilled","2018","2018","t","50018","A","Official value",""
"QCL","Crops and livestock products","454","Malawi","5510","Production","21111.01","Meat of cattle with the bone, fresh or chilled","2019","2019","t","55652.99","I","Value imputed by a receiving agency",""
"QCL","Crops and livestock products","454","Malawi","5510","Production","21111.01","Meat of cattle with the bone, fresh or chilled","2020","2020","t","56830.7","I","Value imputed by a receiving agency",""
"QCL","Crops and livestock products","454","Malawi","5510","Production","21111.01","Meat of cattle with the bone, fresh or chilled","2021","2021","t","58917.59","I","Value imputed by a receiving agency",""
"QCL","Crops and livestock products","454","Malawi","5510","Production","21111.01","Meat of cattle with the bone, fresh or chilled","2022","2022","t","66226.8","I","Value imputed by a receiving agency",""
"QCL","Crops and livestock products","454","Malawi","5510","Production","21111.01","Meat of cattle with the bone, fresh or chilled","2023","2023","t","69241.41","I","Value imputed by a receiving agency",""
"QCL","Crops and livestock products","454","Malawi","5510","Production","21111.01","Meat of cattle with the bone, fresh or chilled","2024","2024","t","73661.51","I","Value imputed by a receiving agency",""
"QCL","Crops and livestock products","458","Malaysia","5510","Production","21111.01","Meat of cattle with the bone, fresh or chilled","2005","2005","t","26293","A","Official value",""
"QCL","Crops and livestock products","458","Malaysia","5510","Production","21111.01","Meat of cattle with the bone, fresh or chilled","2006","2006","t","26150","A","Official value",""
"QCL","Crops and livestock products","458","Malaysia","5510","Production","21111.01","Meat of cattle with the bone, fresh or chilled","2007","2007","t","28680","A","Official value",""
"QCL","Crops and livestock products","458","Malaysia","5510","Production","21111.01","Meat of cattle with the bone, fresh or chilled","2008","2008","t","31370","A","Official value",""
"QCL","Crops and livestock products","458","Malaysia","5510","Production","21111.01","Meat of cattle with the bone, fresh or chilled","2009","2009","t","34590","A","Official value",""
"QCL","Crops and livestock products","458","Malaysia","5510","Production","21111.01","Meat of cattle with the bone, fresh or chilled","2010","2010","t","38138","A","Official value",""
"QCL","Crops and livestock products","458","Malaysia","5510","Production","21111.01","Meat of cattle with the bone, fresh or chilled","2011","2011","t","40045","A","Official value",""
"QCL","Crops and livestock products","458","Malaysia","5510","Production","21111.01","Meat of cattle with the bone, fresh or chilled","2012","2012","t","42287","A","Official value",""
"QCL","Crops and livestock products","458","Malaysia","5510","Production","21111.01","Meat of cattle with the bone, fresh or chilled","2013","2013","t","44029","A","Official value",""
"QCL","Crops and livestock products","458","Malaysia","5510","Production","21111.01","Meat of cattle with the bone, fresh or chilled","2014","2014","t","45851","A","Official value",""
"QCL","Crops and livestock products","458","Malaysia","5510","Production","21111.01","Meat of cattle with the bone, fresh or chilled","2015","2015","t","43672","A","Official value",""
"QCL","Crops and livestock products","458","Malaysia","5510","Production","21111.01","Meat of cattle with the bone, fresh or chilled","2016","2016","t","41137","A","Official value",""
"QCL","Crops and livestock products","458","Malaysia","5510","Production","21111.01","Meat of cattle with the bone, fresh or chilled","2017","2017","t","38665","A","Official value",""
"QCL","Crops and livestock products","458","Malaysia","5510","Production","21111.01","Meat of cattle with the bone, fresh or chilled","2018","2018","t","40043","A","Official value",""
"QCL","Crops and livestock products","458","Malaysia","5510","Production","21111.01","Meat of cattle with the bone, fresh or chilled","2019","2019","t","36655","A","Official value",""
"QCL","Crops and livestock products","458","Malaysia","5510","Production","21111.01","Meat of cattle with the bone, fresh or chilled","2020","2020","t","34828","A","Official value",""
"QCL","Crops and livestock products","458","Malaysia","5510","Production","21111.01","Meat of cattle with the bone, fresh or chilled","2021","2021","t","31163.95","A","Official value",""
"QCL","Crops and livestock products","458","Malaysia","5510","Production","21111.01","Meat of cattle with the bone, fresh or chilled","2022","2022","t","32273.35","A","Official value",""
"QCL","Crops and livestock products","458","Malaysia","5510","Production","21111.01","Meat of cattle with the bone, fresh or chilled","2023","2023","t","35719.75","A","Official value",""
"QCL","Crops and livestock products","458","Malaysia","5510","Production","21111.01","Meat of cattle with the bone, fresh or chilled","2024","2024","t","39497.92","A","Official value",""
"QCL","Crops and livestock products","466","Mali","5510","Production","21111.01","Meat of cattle with the bone, fresh or chilled","2005","2005","t","45103.36","I","Value imputed by a receiving agency",""
"QCL","Crops and livestock products","466","Mali","5510","Production","21111.01","Meat of cattle with the bone, fresh or chilled","2006","2006","t","41718.18","I","Value imputed by a receiving agency",""
"QCL","Crops and livestock products","466","Mali","5510","Production","21111.01","Meat of cattle with the bone, fresh or chilled","2007","2007","t","40270.67","I","Value imputed by a receiving agency",""
"QCL","Crops and livestock products","466","Mali","5510","Production","21111.01","Meat of cattle with the bone, fresh or chilled","2008","2008","t","31400","A","Official value",""
"QCL","Crops and livestock products","466","Mali","5510","Production","21111.01","Meat of cattle with the bone, fresh or chilled","2009","2009","t","30654","A","Official value",""
"QCL","Crops and livestock products","466","Mali","5510","Production","21111.01","Meat of cattle with the bone, fresh or chilled","2010","2010","t","35902","A","Official value",""
"QCL","Crops and livestock products","466","Mali","5510","Production","21111.01","Meat of cattle with the bone, fresh or chilled","2011","2011","t","36001","A","Official value",""
"QCL","Crops and livestock products","466","Mali","5510","Production","21111.01","Meat of cattle with the bone, fresh or chilled","2012","2012","t","37532","A","Official value",""
"QCL","Crops and livestock products","466","Mali","5510","Production","21111.01","Meat of cattle with the bone, fresh or chilled","2013","2013","t","34691","A","Official value",""
"QCL","Crops and livestock products","466","Mali","5510","Production","21111.01","Meat of cattle with the bone, fresh or chilled","2014","2014","t","37577","A","Official value",""
"QCL","Crops and livestock products","466","Mali","5510","Production","21111.01","Meat of cattle with the bone, fresh or chilled","2015","2015","t","43123","A","Official value",""
"QCL","Crops and livestock products","466","Mali","5510","Production","21111.01","Meat of cattle with the bone, fresh or chilled","2016","2016","t","44409.27","I","Value imputed by a receiving agency",""
"QCL","Crops and livestock products","466","Mali","5510","Production","21111.01","Meat of cattle with the bone, fresh or chilled","2017","2017","t","51571.74","I","Value imputed by a receiving agency",""
"QCL","Crops and livestock products","466","Mali","5510","Production","21111.01","Meat of cattle with the bone, fresh or chilled","2018","2018","t","51259.61","I","Value imputed by a receiving agency",""
"QCL","Crops and livestock products","466","Mali","5510","Production","21111.01","Meat of cattle with the bone, fresh or chilled","2019","2019","t","54553.54","A","Official value",""
"QCL","Crops and livestock products","466","Mali","5510","Production","21111.01","Meat of cattle with the bone, fresh or chilled","2020","2020","t","71252.13","A","Official value",""
"QCL","Crops and livestock products","466","Mali","5510","Production","21111.01","Meat of cattle with the bone, fresh or chilled","2021","2021","t","55737.68","A","Official value",""
"QCL","Crops and livestock products","466","Mali","5510","Production","21111.01","Meat of cattle with the bone, fresh or chilled","2022","2022","t","59296.03","A","Official value",""
"QCL","Crops and livestock products","466","Mali","5510","Production","21111.01","Meat of cattle with the bone, fresh or chilled","2023","2023","t","59465.02","A","Official value",""
"QCL","Crops and livestock products","466","Mali","5510","Production","21111.01","Meat of cattle with the bone, fresh or chilled","2024","2024","t","67217.15","A","Official value",""
"QCL","Crops and livestock products","470","Malta","5510","Production","21111.01","Meat of cattle with the bone, fresh or chilled","2005","2005","t","1390","A","Official value",""
"QCL","Crops and livestock products","470","Malta","5510","Production","21111.01","Meat of cattle with the bone, fresh or chilled","2006","2006","t","1398","A","Official value",""
"QCL","Crops and livestock products","470","Malta","5510","Production","21111.01","Meat of cattle with the bone, fresh or chilled","2007","2007","t","1386","A","Official value",""
"QCL","Crops and livestock products","470","Malta","5510","Production","21111.01","Meat of cattle with the bone, fresh or chilled","2008","2008","t","1479","A","Official value",""
"QCL","Crops and livestock products","470","Malta","5510","Production","21111.01","Meat of cattle with the bone, fresh or chilled","2009","2009","t","1543","A","Official value",""
"QCL","Crops and livestock products","470","Malta","5510","Production","21111.01","Meat of cattle with the bone, fresh or chilled","2010","2010","t","1422","A","Official value",""
"QCL","Crops and livestock products","470","Malta","5510","Production","21111.01","Meat of cattle with the bone, fresh or chilled","2011","2011","t","1128","A","Official value",""
"QCL","Crops and livestock products","470","Malta","5510","Production","21111.01","Meat of cattle with the bone, fresh or chilled","2012","2012","t","1111","A","Official value",""
"QCL","Crops and livestock products","470","Malta","5510","Production","21111.01","Meat of cattle with the bone, fresh or chilled","2013","2013","t","1134","A","Official value",""
"QCL","Crops and livestock products","470","Malta","5510","Production","21111.01","Meat of cattle with the bone, fresh or chilled","2014","2014","t","1129","A","Official value",""
"QCL","Crops and livestock products","470","Malta","5510","Production","21111.01","Meat of cattle with the bone, fresh or chilled","2015","2015","t","1032","A","Official value",""
"QCL","Crops and livestock products","470","Malta","5510","Production","21111.01","Meat of cattle with the bone, fresh or chilled","2016","2016","t","1151","A","Official value",""
"QCL","Crops and livestock products","470","Malta","5510","Production","21111.01","Meat of cattle with the bone, fresh or chilled","2017","2017","t","1117","A","Official value",""
"QCL","Crops and livestock products","470","Malta","5510","Production","21111.01","Meat of cattle with the bone, fresh or chilled","2018","2018","t","1070","A","Official value",""
"QCL","Crops and livestock products","470","Malta","5510","Production","21111.01","Meat of cattle with the bone, fresh or chilled","2019","2019","t","1030","A","Official value",""
"QCL","Crops and livestock products","470","Malta","5510","Production","21111.01","Meat of cattle with the bone, fresh or chilled","2020","2020","t","1140","A","Official value",""
"QCL","Crops and livestock products","470","Malta","5510","Production","21111.01","Meat of cattle with the bone, fresh or chilled","2021","2021","t","1050","A","Official value",""
"QCL","Crops and livestock products","470","Malta","5510","Production","21111.01","Meat of cattle with the bone, fresh or chilled","2022","2022","t","1040","A","Official value",""
"QCL","Crops and livestock products","470","Malta","5510","Production","21111.01","Meat of cattle with the bone, fresh or chilled","2023","2023","t","1100","A","Official value",""
"QCL","Crops and livestock products","470","Malta","5510","Production","21111.01","Meat of cattle with the bone, fresh or chilled","2024","2024","t","1150","A","Official value",""
"QCL","Crops and livestock products","474","Martinique","5510","Production","21111.01","Meat of cattle with the bone, fresh or chilled","2005","2005","t","1647","A","Official value",""
"QCL","Crops and livestock products","474","Martinique","5510","Production","21111.01","Meat of cattle with the bone, fresh or chilled","2006","2006","t","1626","A","Official value",""
"QCL","Crops and livestock products","478","Mauritania","5510","Production","21111.01","Meat of cattle with the bone, fresh or chilled","2005","2005","t","25200","E","Estimated value",""
"QCL","Crops and livestock products","478","Mauritania","5510","Production","21111.01","Meat of cattle with the bone, fresh or chilled","2006","2006","t","25800","E","Estimated value",""
"QCL","Crops and livestock products","478","Mauritania","5510","Production","21111.01","Meat of cattle with the bone, fresh or chilled","2007","2007","t","25800","E","Estimated value",""
"QCL","Crops and livestock products","478","Mauritania","5510","Production","21111.01","Meat of cattle with the bone, fresh or chilled","2008","2008","t","25800","E","Estimated value",""
"QCL","Crops and livestock products","478","Mauritania","5510","Production","21111.01","Meat of cattle with the bone, fresh or chilled","2009","2009","t","25800","E","Estimated value",""
"QCL","Crops and livestock products","478","Mauritania","5510","Production","21111.01","Meat of cattle with the bone, fresh or chilled","2010","2010","t","25787.11","E","Estimated value",""
"QCL","Crops and livestock products","478","Mauritania","5510","Production","21111.01","Meat of cattle with the bone, fresh or chilled","2011","2011","t","27000","E","Estimated value",""
"QCL","Crops and livestock products","478","Mauritania","5510","Production","21111.01","Meat of cattle with the bone, fresh or chilled","2012","2012","t","28200","E","Estimated value",""
"QCL","Crops and livestock products","478","Mauritania","5510","Production","21111.01","Meat of cattle with the bone, fresh or chilled","2013","2013","t","29400","E","Estimated value",""
"QCL","Crops and livestock products","478","Mauritania","5510","Production","21111.01","Meat of cattle with the bone, fresh or chilled","2014","2014","t","29000","E","Estimated value",""
"QCL","Crops and livestock products","478","Mauritania","5510","Production","21111.01","Meat of cattle with the bone, fresh or chilled","2015","2015","t","29706.56","I","Value imputed by a receiving agency",""
"QCL","Crops and livestock products","478","Mauritania","5510","Production","21111.01","Meat of cattle with the bone, fresh or chilled","2016","2016","t","31615.07","I","Value imputed by a receiving agency",""
"QCL","Crops and livestock products","478","Mauritania","5510","Production","21111.01","Meat of cattle with the bone, fresh or chilled","2017","2017","t","30281.86","I","Value imputed by a receiving agency",""
"QCL","Crops and livestock products","478","Mauritania","5510","Production","21111.01","Meat of cattle with the bone, fresh or chilled","2018","2018","t","29309.23","I","Value imputed by a receiving agency",""
"QCL","Crops and livestock products","478","Mauritania","5510","Production","21111.01","Meat of cattle with the bone, fresh or chilled","2019","2019","t","29797.6","I","Value imputed by a receiving agency",""
"QCL","Crops and livestock products","478","Mauritania","5510","Production","21111.01","Meat of cattle with the bone, fresh or chilled","2020","2020","t","29999.66","I","Value imputed by a receiving agency",""
"QCL","Crops and livestock products","478","Mauritania","5510","Production","21111.01","Meat of cattle with the bone, fresh or chilled","2021","2021","t","30437.02","I","Value imputed by a receiving agency",""
"QCL","Crops and livestock products","478","Mauritania","5510","Production","21111.01","Meat of cattle with the bone, fresh or chilled","2022","2022","t","30575.16","I","Value imputed by a receiving agency",""
"QCL","Crops and livestock products","478","Mauritania","5510","Production","21111.01","Meat of cattle with the bone, fresh or chilled","2023","2023","t","30844.99","I","Value imputed by a receiving agency",""
"QCL","Crops and livestock products","478","Mauritania","5510","Production","21111.01","Meat of cattle with the bone, fresh or chilled","2024","2024","t","31134.44","I","Value imputed by a receiving agency",""
"QCL","Crops and livestock products","480","Mauritius","5510","Production","21111.01","Meat of cattle with the bone, fresh or chilled","2005","2005","t","3339.64","E","Estimated value",""
"QCL","Crops and livestock products","480","Mauritius","5510","Production","21111.01","Meat of cattle with the bone, fresh or chilled","2006","2006","t","3070.55","E","Estimated value",""
"QCL","Crops and livestock products","480","Mauritius","5510","Production","21111.01","Meat of cattle with the bone, fresh or chilled","2007","2007","t","1994.83","A","Official value",""
"QCL","Crops and livestock products","480","Mauritius","5510","Production","21111.01","Meat of cattle with the bone, fresh or chilled","2008","2008","t","2050","A","Official value",""
"QCL","Crops and livestock products","480","Mauritius","5510","Production","21111.01","Meat of cattle with the bone, fresh or chilled","2009","2009","t","2300","A","Official value",""
"QCL","Crops and livestock products","480","Mauritius","5510","Production","21111.01","Meat of cattle with the bone, fresh or chilled","2010","2010","t","2420","A","Official value",""
"QCL","Crops and livestock products","480","Mauritius","5510","Production","21111.01","Meat of cattle with the bone, fresh or chilled","2011","2011","t","2883","A","Official value",""
"QCL","Crops and livestock products","480","Mauritius","5510","Production","21111.01","Meat of cattle with the bone, fresh or chilled","2012","2012","t","2414","A","Official value",""
"QCL","Crops and livestock products","480","Mauritius","5510","Production","21111.01","Meat of cattle with the bone, fresh or chilled","2013","2013","t","2112","A","Official value",""
"QCL","Crops and livestock products","480","Mauritius","5510","Production","21111.01","Meat of cattle with the bone, fresh or chilled","2014","2014","t","2111","A","Official value",""
"QCL","Crops and livestock products","480","Mauritius","5510","Production","21111.01","Meat of cattle with the bone, fresh or chilled","2015","2015","t","2213","A","Official value",""
"QCL","Crops and livestock products","480","Mauritius","5510","Production","21111.01","Meat of cattle with the bone, fresh or chilled","2016","2016","t","1818.54","I","Value imputed by a receiving agency",""
"QCL","Crops and livestock products","480","Mauritius","5510","Production","21111.01","Meat of cattle with the bone, fresh or chilled","2017","2017","t","1784.85","I","Value imputed by a receiving agency",""
"QCL","Crops and livestock products","480","Mauritius","5510","Production","21111.01","Meat of cattle with the bone, fresh or chilled","2018","2018","t","1919.68","I","Value imputed by a receiving agency",""
"QCL","Crops and livestock products","480","Mauritius","5510","Production","21111.01","Meat of cattle with the bone, fresh or chilled","2019","2019","t","1930.83","I","Value imputed by a receiving agency",""
"QCL","Crops and livestock products","480","Mauritius","5510","Production","21111.01","Meat of cattle with the bone, fresh or chilled","2020","2020","t","1826","A","Official value",""
"QCL","Crops and livestock products","480","Mauritius","5510","Production","21111.01","Meat of cattle with the bone, fresh or chilled","2021","2021","t","1823","A","Official value",""
"QCL","Crops and livestock products","480","Mauritius","5510","Production","21111.01","Meat of cattle with the bone, fresh or chilled","2022","2022","t","2071","A","Official value",""
"QCL","Crops and livestock products","480","Mauritius","5510","Production","21111.01","Meat of cattle with the bone, fresh or chilled","2023","2023","t","2049","A","Official value",""
"QCL","Crops and livestock products","480","Mauritius","5510","Production","21111.01","Meat of cattle with the bone, fresh or chilled","2024","2024","t","2090","A","Official value",""
"QCL","Crops and livestock products","484","Mexico","5510","Production","21111.01","Meat of cattle with the bone, fresh or chilled","2005","2005","t","1557707","A","Official value",""
"QCL","Crops and livestock products","484","Mexico","5510","Production","21111.01","Meat of cattle with the bone, fresh or chilled","2006","2006","t","1612992","A","Official value",""
"QCL","Crops and livestock products","484","Mexico","5510","Production","21111.01","Meat of cattle with the bone, fresh or chilled","2007","2007","t","1635040","A","Official value",""
"QCL","Crops and livestock products","484","Mexico","5510","Production","21111.01","Meat of cattle with the bone, fresh or chilled","2008","2008","t","1667136.26","A","Official value",""
"QCL","Crops and livestock products","484","Mexico","5510","Production","21111.01","Meat of cattle with the bone, fresh or chilled","2009","2009","t","1704985","A","Official value",""
"QCL","Crops and livestock products","484","Mexico","5510","Production","21111.01","Meat of cattle with the bone, fresh or chilled","2010","2010","t","1744738","A","Official value",""
"QCL","Crops and livestock products","484","Mexico","5510","Production","21111.01","Meat of cattle with the bone, fresh or chilled","2011","2011","t","1803932","A","Official value",""
"QCL","Crops and livestock products","484","Mexico","5510","Production","21111.01","Meat of cattle with the bone, fresh or chilled","2012","2012","t","1820547","A","Official value",""
"QCL","Crops and livestock products","484","Mexico","5510","Production","21111.01","Meat of cattle with the bone, fresh or chilled","2013","2013","t","1806758","A","Official value",""
"QCL","Crops and livestock products","484","Mexico","5510","Production","21111.01","Meat of cattle with the bone, fresh or chilled","2014","2014","t","1827152","A","Official value",""
"QCL","Crops and livestock products","484","Mexico","5510","Production","21111.01","Meat of cattle with the bone, fresh or chilled","2015","2015","t","1845236","A","Official value",""
"QCL","Crops and livestock products","484","Mexico","5510","Production","21111.01","Meat of cattle with the bone, fresh or chilled","2016","2016","t","1878705.5","A","Official value",""
"QCL","Crops and livestock products","484","Mexico","5510","Production","21111.01","Meat of cattle with the bone, fresh or chilled","2017","2017","t","1926901","A","Official value",""
"QCL","Crops and livestock products","484","Mexico","5510","Production","21111.01","Meat of cattle with the bone, fresh or chilled","2018","2018","t","1980846.34","A","Official value",""
"QCL","Crops and livestock products","484","Mexico","5510","Production","21111.01","Meat of cattle with the bone, fresh or chilled","2019","2019","t","2027634.25","A","Official value",""
"QCL","Crops and livestock products","484","Mexico","5510","Production","21111.01","Meat of cattle with the bone, fresh or chilled","2020","2020","t","2081261.6","A","Official value",""
"QCL","Crops and livestock products","484","Mexico","5510","Production","21111.01","Meat of cattle with the bone, fresh or chilled","2021","2021","t","2130590.63","A","Official value",""
"QCL","Crops and livestock products","484","Mexico","5510","Production","21111.01","Meat of cattle with the bone, fresh or chilled","2022","2022","t","2175576.61","A","Official value",""
"QCL","Crops and livestock products","484","Mexico","5510","Production","21111.01","Meat of cattle with the bone, fresh or chilled","2023","2023","t","2214927.7","A","Official value",""
"QCL","Crops and livestock products","484","Mexico","5510","Production","21111.01","Meat of cattle with the bone, fresh or chilled","2024","2024","t","2253615.34","A","Official value",""
"QCL","Crops and livestock products","583","Micronesia (Federated States of)","5510","Production","21111.01","Meat of cattle with the bone, fresh or chilled","2005","2005","t","244.8","E","Estimated value",""
"QCL","Crops and livestock products","583","Micronesia (Federated States of)","5510","Production","21111.01","Meat of cattle with the bone, fresh or chilled","2006","2006","t","244.8","E","Estimated value",""
"QCL","Crops and livestock products","583","Micronesia (Federated States of)","5510","Production","21111.01","Meat of cattle with the bone, fresh or chilled","2007","2007","t","258.4","E","Estimated value",""
"QCL","Crops and livestock products","583","Micronesia (Federated States of)","5510","Production","21111.01","Meat of cattle with the bone, fresh or chilled","2008","2008","t","243.2","I","Value imputed by a receiving agency",""
"QCL","Crops and livestock products","583","Micronesia (Federated States of)","5510","Production","21111.01","Meat of cattle with the bone, fresh or chilled","2009","2009","t","241.7","I","Value imputed by a receiving agency",""
"QCL","Crops and livestock products","583","Micronesia (Federated States of)","5510","Production","21111.01","Meat of cattle with the bone, fresh or chilled","2010","2010","t","228.84","I","Value imputed by a receiving agency",""
"QCL","Crops and livestock products","583","Micronesia (Federated States of)","5510","Production","21111.01","Meat of cattle with the bone, fresh or chilled","2011","2011","t","240.31","I","Value imputed by a receiving agency",""
"QCL","Crops and livestock products","583","Micronesia (Federated States of)","5510","Production","21111.01","Meat of cattle with the bone, fresh or chilled","2012","2012","t","236.53","I","Value imputed by a receiving agency",""
"QCL","Crops and livestock products","583","Micronesia (Federated States of)","5510","Production","21111.01","Meat of cattle with the bone, fresh or chilled","2013","2013","t","240.02","I","Value imputed by a receiving agency",""
"QCL","Crops and livestock products","583","Micronesia (Federated States of)","5510","Production","21111.01","Meat of cattle with the bone, fresh or chilled","2014","2014","t","236.34","I","Value imputed by a receiving agency",""
"QCL","Crops and livestock products","583","Micronesia (Federated States of)","5510","Production","21111.01","Meat of cattle with the bone, fresh or chilled","2015","2015","t","237.37","I","Value imputed by a receiving agency",""
"QCL","Crops and livestock products","583","Micronesia (Federated States of)","5510","Production","21111.01","Meat of cattle with the bone, fresh or chilled","2016","2016","t","241.41","I","Value imputed by a receiving agency",""
"QCL","Crops and livestock products","583","Micronesia (Federated States of)","5510","Production","21111.01","Meat of cattle with the bone, fresh or chilled","2017","2017","t","250.5","I","Value imputed by a receiving agency",""
"QCL","Crops and livestock products","583","Micronesia (Federated States of)","5510","Production","21111.01","Meat of cattle with the bone, fresh or chilled","2018","2018","t","248.1","I","Value imputed by a receiving agency",""
"QCL","Crops and livestock products","583","Micronesia (Federated States of)","5510","Production","21111.01","Meat of cattle with the bone, fresh or chilled","2019","2019","t","242.94","I","Value imputed by a receiving agency",""
"QCL","Crops and livestock products","583","Micronesia (Federated States of)","5510","Production","21111.01","Meat of cattle with the bone, fresh or chilled","2020","2020","t","240.59","I","Value imputed by a receiving agency",""
"QCL","Crops and livestock products","583","Micronesia (Federated States of)","5510","Production","21111.01","Meat of cattle with the bone, fresh or chilled","2021","2021","t","250.92","I","Value imputed by a receiving agency",""
"QCL","Crops and livestock products","583","Micronesia (Federated States of)","5510","Production","21111.01","Meat of cattle with the bone, fresh or chilled","2022","2022","t","251.93","I","Value imputed by a receiving agency",""
"QCL","Crops and livestock products","583","Micronesia (Federated States of)","5510","Production","21111.01","Meat of cattle with the bone, fresh or chilled","2023","2023","t","252.12","I","Value imputed by a receiving agency",""
"QCL","Crops and livestock products","583","Micronesia (Federated States of)","5510","Production","21111.01","Meat of cattle with the bone, fresh or chilled","2024","2024","t","252.21","I","Value imputed by a receiving agency",""
"QCL","Crops and livestock products","496","Mongolia","5510","Production","21111.01","Meat of cattle with the bone, fresh or chilled","2005","2005","t","45300","A","Official value",""
"QCL","Crops and livestock products","496","Mongolia","5510","Production","21111.01","Meat of cattle with the bone, fresh or chilled","2006","2006","t","44200","A","Official value",""
"QCL","Crops and livestock products","496","Mongolia","5510","Production","21111.01","Meat of cattle with the bone, fresh or chilled","2007","2007","t","46600","A","Official value",""
"QCL","Crops and livestock products","496","Mongolia","5510","Production","21111.01","Meat of cattle with the bone, fresh or chilled","2008","2008","t","54200","A","Official value",""
"QCL","Crops and livestock products","496","Mongolia","5510","Production","21111.01","Meat of cattle with the bone, fresh or chilled","2009","2009","t","58565","A","Official value",""
"QCL","Crops and livestock products","496","Mongolia","5510","Production","21111.01","Meat of cattle with the bone, fresh or chilled","2010","2010","t","47547","A","Official value",""
"QCL","Crops and livestock products","496","Mongolia","5510","Production","21111.01","Meat of cattle with the bone, fresh or chilled","2011","2011","t","53591","A","Official value",""
"QCL","Crops and livestock products","496","Mongolia","5510","Production","21111.01","Meat of cattle with the bone, fresh or chilled","2012","2012","t","59704","A","Official value",""
"QCL","Crops and livestock products","496","Mongolia","5510","Production","21111.01","Meat of cattle with the bone, fresh or chilled","2013","2013","t","56436","A","Official value",""
"QCL","Crops and livestock products","496","Mongolia","5510","Production","21111.01","Meat of cattle with the bone, fresh or chilled","2014","2014","t","54876.3","A","Official value",""
"QCL","Crops and livestock products","496","Mongolia","5510","Production","21111.01","Meat of cattle with the bone, fresh or chilled","2015","2015","t","93251.8","A","Official value",""
"QCL","Crops and livestock products","496","Mongolia","5510","Production","21111.01","Meat of cattle with the bone, fresh or chilled","2016","2016","t","92383.1","A","Official value",""
"QCL","Crops and livestock products","496","Mongolia","5510","Production","21111.01","Meat of cattle with the bone, fresh or chilled","2017","2017","t","97680","A","Official value",""
"QCL","Crops and livestock products","496","Mongolia","5510","Production","21111.01","Meat of cattle with the bone, fresh or chilled","2018","2018","t","126591.13","A","Official value",""
"QCL","Crops and livestock products","496","Mongolia","5510","Production","21111.01","Meat of cattle with the bone, fresh or chilled","2019","2019","t","114682","A","Official value",""
"QCL","Crops and livestock products","496","Mongolia","5510","Production","21111.01","Meat of cattle with the bone, fresh or chilled","2020","2020","t","158476.61","A","Official value",""
"QCL","Crops and livestock products","496","Mongolia","5510","Production","21111.01","Meat of cattle with the bone, fresh or chilled","2021","2021","t","110620.5","A","Official value",""
"QCL","Crops and livestock products","496","Mongolia","5510","Production","21111.01","Meat of cattle with the bone, fresh or chilled","2022","2022","t","140217.08","A","Official value",""
"QCL","Crops and livestock products","496","Mongolia","5510","Production","21111.01","Meat of cattle with the bone, fresh or chilled","2023","2023","t","147060.71","A","Official value",""
"QCL","Crops and livestock products","496","Mongolia","5510","Production","21111.01","Meat of cattle with the bone, fresh or chilled","2024","2024","t","107748.7","A","Official value",""
"QCL","Crops and livestock products","499","Montenegro","5510","Production","21111.01","Meat of cattle with the bone, fresh or chilled","2006","2006","t","4456","A","Official value",""
"QCL","Crops and livestock products","499","Montenegro","5510","Production","21111.01","Meat of cattle with the bone, fresh or chilled","2007","2007","t","4991","A","Official value",""
"QCL","Crops and livestock products","499","Montenegro","5510","Production","21111.01","Meat of cattle with the bone, fresh or chilled","2008","2008","t","4612","A","Official value",""
"QCL","Crops and livestock products","499","Montenegro","5510","Production","21111.01","Meat of cattle with the bone, fresh or chilled","2009","2009","t","4576","A","Official value",""
"QCL","Crops and livestock products","499","Montenegro","5510","Production","21111.01","Meat of cattle with the bone, fresh or chilled","2010","2010","t","4727","A","Official value",""
"QCL","Crops and livestock products","499","Montenegro","5510","Production","21111.01","Meat of cattle with the bone, fresh or chilled","2011","2011","t","4688","A","Official value",""
"QCL","Crops and livestock products","499","Montenegro","5510","Production","21111.01","Meat of cattle with the bone, fresh or chilled","2012","2012","t","4391","A","Official value",""
"QCL","Crops and livestock products","499","Montenegro","5510","Production","21111.01","Meat of cattle with the bone, fresh or chilled","2013","2013","t","4191","A","Official value",""
"QCL","Crops and livestock products","499","Montenegro","5510","Production","21111.01","Meat of cattle with the bone, fresh or chilled","2014","2014","t","3834","A","Official value",""
"QCL","Crops and livestock products","499","Montenegro","5510","Production","21111.01","Meat of cattle with the bone, fresh or chilled","2015","2015","t","3211","A","Official value",""
"QCL","Crops and livestock products","499","Montenegro","5510","Production","21111.01","Meat of cattle with the bone, fresh or chilled","2016","2016","t","5415.94","A","Official value",""
"QCL","Crops and livestock products","499","Montenegro","5510","Production","21111.01","Meat of cattle with the bone, fresh or chilled","2017","2017","t","3874.59","A","Official value",""
"QCL","Crops and livestock products","499","Montenegro","5510","Production","21111.01","Meat of cattle with the bone, fresh or chilled","2018","2018","t","3720.4","A","Official value",""
"QCL","Crops and livestock products","499","Montenegro","5510","Production","21111.01","Meat of cattle with the bone, fresh or chilled","2019","2019","t","5440","A","Official value",""
"QCL","Crops and livestock products","499","Montenegro","5510","Production","21111.01","Meat of cattle with the bone, fresh or chilled","2020","2020","t","6010","A","Official value",""
"QCL","Crops and livestock products","499","Montenegro","5510","Production","21111.01","Meat of cattle with the bone, fresh or chilled","2021","2021","t","6500","E","Estimated value",""
"QCL","Crops and livestock products","499","Montenegro","5510","Production","21111.01","Meat of cattle with the bone, fresh or chilled","2022","2022","t","6970","A","Official value",""
"QCL","Crops and livestock products","499","Montenegro","5510","Production","21111.01","Meat of cattle with the bone, fresh or chilled","2023","2023","t","7150","A","Official value",""
"QCL","Crops and livestock products","499","Montenegro","5510","Production","21111.01","Meat of cattle with the bone, fresh or chilled","2024","2024","t","6700","A","Official value",""
"QCL","Crops and livestock products","504","Morocco","5510","Production","21111.01","Meat of cattle with the bone, fresh or chilled","2005","2005","t","157000","A","Official value",""
"QCL","Crops and livestock products","504","Morocco","5510","Production","21111.01","Meat of cattle with the bone, fresh or chilled","2006","2006","t","160000","A","Official value",""
"QCL","Crops and livestock products","504","Morocco","5510","Production","21111.01","Meat of cattle with the bone, fresh or chilled","2007","2007","t","160000","A","Official value",""
"QCL","Crops and livestock products","504","Morocco","5510","Production","21111.01","Meat of cattle with the bone, fresh or chilled","2008","2008","t","180000","A","Official value",""
"QCL","Crops and livestock products","504","Morocco","5510","Production","21111.01","Meat of cattle with the bone, fresh or chilled","2009","2009","t","190000","A","Official value",""
"QCL","Crops and livestock products","504","Morocco","5510","Production","21111.01","Meat of cattle with the bone, fresh or chilled","2010","2010","t","192000","A","Official value",""
"QCL","Crops and livestock products","504","Morocco","5510","Production","21111.01","Meat of cattle with the bone, fresh or chilled","2011","2011","t","198657","A","Official value",""
"QCL","Crops and livestock products","504","Morocco","5510","Production","21111.01","Meat of cattle with the bone, fresh or chilled","2012","2012","t","204422","A","Official value",""
"QCL","Crops and livestock products","504","Morocco","5510","Production","21111.01","Meat of cattle with the bone, fresh or chilled","2013","2013","t","254000","A","Official value",""
"QCL","Crops and livestock products","504","Morocco","5510","Production","21111.01","Meat of cattle with the bone, fresh or chilled","2014","2014","t","259078","A","Official value",""
"QCL","Crops and livestock products","504","Morocco","5510","Production","21111.01","Meat of cattle with the bone, fresh or chilled","2015","2015","t","245514","A","Official value",""
"QCL","Crops and livestock products","504","Morocco","5510","Production","21111.01","Meat of cattle with the bone, fresh or chilled","2016","2016","t","257799","A","Official value",""
"QCL","Crops and livestock products","504","Morocco","5510","Production","21111.01","Meat of cattle with the bone, fresh or chilled","2017","2017","t","276548","A","Official value",""
"QCL","Crops and livestock products","504","Morocco","5510","Production","21111.01","Meat of cattle with the bone, fresh or chilled","2018","2018","t","281600","A","Official value",""
"QCL","Crops and livestock products","504","Morocco","5510","Production","21111.01","Meat of cattle with the bone, fresh or chilled","2019","2019","t","283002","A","Official value",""
"QCL","Crops and livestock products","504","Morocco","5510","Production","21111.01","Meat of cattle with the bone, fresh or chilled","2020","2020","t","282000","A","Official value",""
"QCL","Crops and livestock products","504","Morocco","5510","Production","21111.01","Meat of cattle with the bone, fresh or chilled","2021","2021","t","282000","A","Official value",""
"QCL","Crops and livestock products","504","Morocco","5510","Production","21111.01","Meat of cattle with the bone, fresh or chilled","2022","2022","t","252100","A","Official value",""
"QCL","Crops and livestock products","504","Morocco","5510","Production","21111.01","Meat of cattle with the bone, fresh or chilled","2023","2023","t","256850","A","Official value",""
"QCL","Crops and livestock products","504","Morocco","5510","Production","21111.01","Meat of cattle with the bone, fresh or chilled","2024","2024","t","254200","A","Official value",""
"QCL","Crops and livestock products","508","Mozambique","5510","Production","21111.01","Meat of cattle with the bone, fresh or chilled","2005","2005","t","6148","A","Official value",""
"QCL","Crops and livestock products","508","Mozambique","5510","Production","21111.01","Meat of cattle with the bone, fresh or chilled","2006","2006","t","6205","A","Official value",""
"QCL","Crops and livestock products","508","Mozambique","5510","Production","21111.01","Meat of cattle with the bone, fresh or chilled","2007","2007","t","6691","A","Official value",""
"QCL","Crops and livestock products","508","Mozambique","5510","Production","21111.01","Meat of cattle with the bone, fresh or chilled","2008","2008","t","7673","A","Official value",""
"QCL","Crops and livestock products","508","Mozambique","5510","Production","21111.01","Meat of cattle with the bone, fresh or chilled","2009","2009","t","9356","A","Official value",""
"QCL","Crops and livestock products","508","Mozambique","5510","Production","21111.01","Meat of cattle with the bone, fresh or chilled","2010","2010","t","8103","A","Official value",""
"QCL","Crops and livestock products","508","Mozambique","5510","Production","21111.01","Meat of cattle with the bone, fresh or chilled","2011","2011","t","9926","A","Official value",""
"QCL","Crops and livestock products","508","Mozambique","5510","Production","21111.01","Meat of cattle with the bone, fresh or chilled","2012","2012","t","11852","A","Official value",""
"QCL","Crops and livestock products","508","Mozambique","5510","Production","21111.01","Meat of cattle with the bone, fresh or chilled","2013","2013","t","10772","A","Official value",""
"QCL","Crops and livestock products","508","Mozambique","5510","Production","21111.01","Meat of cattle with the bone, fresh or chilled","2014","2014","t","11920","A","Official value",""
"QCL","Crops and livestock products","508","Mozambique","5510","Production","21111.01","Meat of cattle with the bone, fresh or chilled","2015","2015","t","12303","A","Official value",""
"QCL","Crops and livestock products","508","Mozambique","5510","Production","21111.01","Meat of cattle with the bone, fresh or chilled","2016","2016","t","15476","A","Official value",""
"QCL","Crops and livestock products","508","Mozambique","5510","Production","21111.01","Meat of cattle with the bone, fresh or chilled","2017","2017","t","15443.8","A","Official value",""
"QCL","Crops and livestock products","508","Mozambique","5510","Production","21111.01","Meat of cattle with the bone, fresh or chilled","2018","2018","t","13883.6","A","Official value",""
"QCL","Crops and livestock products","508","Mozambique","5510","Production","21111.01","Meat of cattle with the bone, fresh or chilled","2019","2019","t","14866","A","Official value",""
"QCL","Crops and livestock products","508","Mozambique","5510","Production","21111.01","Meat of cattle with the bone, fresh or chilled","2020","2020","t","15102","A","Official value",""
"QCL","Crops and livestock products","508","Mozambique","5510","Production","21111.01","Meat of cattle with the bone, fresh or chilled","2021","2021","t","17781","A","Official value",""
"QCL","Crops and livestock products","508","Mozambique","5510","Production","21111.01","Meat of cattle with the bone, fresh or chilled","2022","2022","t","20051","A","Official value",""
"QCL","Crops and livestock products","508","Mozambique","5510","Production","21111.01","Meat of cattle with the bone, fresh or chilled","2023","2023","t","21136","A","Official value",""
"QCL","Crops and livestock products","508","Mozambique","5510","Production","21111.01","Meat of cattle with the bone, fresh or chilled","2024","2024","t","21335","A","Official value",""
"QCL","Crops and livestock products","104","Myanmar","5510","Production","21111.01","Meat of cattle with the bone, fresh or chilled","2005","2005","t","127857.6","A","Official value",""
"QCL","Crops and livestock products","104","Myanmar","5510","Production","21111.01","Meat of cattle with the bone, fresh or chilled","2006","2006","t","145030.54","A","Official value",""
"QCL","Crops and livestock products","104","Myanmar","5510","Production","21111.01","Meat of cattle with the bone, fresh or chilled","2007","2007","t","157839.92","A","Official value",""
"QCL","Crops and livestock products","104","Myanmar","5510","Production","21111.01","Meat of cattle with the bone, fresh or chilled","2008","2008","t","175131.79","A","Official value",""
"QCL","Crops and livestock products","104","Myanmar","5510","Production","21111.01","Meat of cattle with the bone, fresh or chilled","2009","2009","t","206263.26","A","Official value",""
"QCL","Crops and livestock products","104","Myanmar","5510","Production","21111.01","Meat of cattle with the bone, fresh or chilled","2010","2010","t","230632","A","Official value",""
"QCL","Crops and livestock products","104","Myanmar","5510","Production","21111.01","Meat of cattle with the bone, fresh or chilled","2011","2011","t","249958","A","Official value",""
"QCL","Crops and livestock products","104","Myanmar","5510","Production","21111.01","Meat of cattle with the bone, fresh or chilled","2012","2012","t","273478","A","Official value",""
"QCL","Crops and livestock products","104","Myanmar","5510","Production","21111.01","Meat of cattle with the bone, fresh or chilled","2013","2013","t","298632","A","Official value",""
"QCL","Crops and livestock products","104","Myanmar","5510","Production","21111.01","Meat of cattle with the bone, fresh or chilled","2014","2014","t","325114","A","Official value",""
"QCL","Crops and livestock products","104","Myanmar","5510","Production","21111.01","Meat of cattle with the bone, fresh or chilled","2015","2015","t","357261","A","Official value",""
"QCL","Crops and livestock products","104","Myanmar","5510","Production","21111.01","Meat of cattle with the bone, fresh or chilled","2016","2016","t","402106","A","Official value",""
"QCL","Crops and livestock products","104","Myanmar","5510","Production","21111.01","Meat of cattle with the bone, fresh or chilled","2017","2017","t","396040","A","Official value",""
"QCL","Crops and livestock products","104","Myanmar","5510","Production","21111.01","Meat of cattle with the bone, fresh or chilled","2018","2018","t","104040","A","Official value",""
"QCL","Crops and livestock products","104","Myanmar","5510","Production","21111.01","Meat of cattle with the bone, fresh or chilled","2019","2019","t","106562","A","Official value",""
"QCL","Crops and livestock products","104","Myanmar","5510","Production","21111.01","Meat of cattle with the bone, fresh or chilled","2020","2020","t","108748","A","Official value",""
"QCL","Crops and livestock products","104","Myanmar","5510","Production","21111.01","Meat of cattle with the bone, fresh or chilled","2021","2021","t","109840","A","Official value",""
"QCL","Crops and livestock products","104","Myanmar","5510","Production","21111.01","Meat of cattle with the bone, fresh or chilled","2022","2022","t","111360","A","Official value",""
"QCL","Crops and livestock products","104","Myanmar","5510","Production","21111.01","Meat of cattle with the bone, fresh or chilled","2023","2023","t","110000","E","Estimated value",""
"QCL","Crops and livestock products","104","Myanmar","5510","Production","21111.01","Meat of cattle with the bone, fresh or chilled","2024","2024","t","110000","E","Estimated value",""
"QCL","Crops and livestock products","516","Namibia","5510","Production","21111.01","Meat of cattle with the bone, fresh or chilled","2005","2005","t","40191","E","Estimated value",""
"QCL","Crops and livestock products","516","Namibia","5510","Production","21111.01","Meat of cattle with the bone, fresh or chilled","2006","2006","t","36179","A","Official value",""
"QCL","Crops and livestock products","516","Namibia","5510","Production","21111.01","Meat of cattle with the bone, fresh or chilled","2007","2007","t","36164","A","Official value",""
"QCL","Crops and livestock products","516","Namibia","5510","Production","21111.01","Meat of cattle with the bone, fresh or chilled","2008","2008","t","36215","A","Official value",""
"QCL","Crops and livestock products","516","Namibia","5510","Production","21111.01","Meat of cattle with the bone, fresh or chilled","2009","2009","t","35993","A","Official value",""
"QCL","Crops and livestock products","516","Namibia","5510","Production","21111.01","Meat of cattle with the bone, fresh or chilled","2010","2010","t","35000","E","Estimated value",""
"QCL","Crops and livestock products","516","Namibia","5510","Production","21111.01","Meat of cattle with the bone, fresh or chilled","2011","2011","t","34300","E","Estimated value",""
"QCL","Crops and livestock products","516","Namibia","5510","Production","21111.01","Meat of cattle with the bone, fresh or chilled","2012","2012","t","35800","E","Estimated value",""
"QCL","Crops and livestock products","516","Namibia","5510","Production","21111.01","Meat of cattle with the bone, fresh or chilled","2013","2013","t","35500","E","Estimated value",""
"QCL","Crops and livestock products","516","Namibia","5510","Production","21111.01","Meat of cattle with the bone, fresh or chilled","2014","2014","t","37770.71","I","Value imputed by a receiving agency",""
"QCL","Crops and livestock products","516","Namibia","5510","Production","21111.01","Meat of cattle with the bone, fresh or chilled","2015","2015","t","34486.42","I","Value imputed by a receiving agency",""
"QCL","Crops and livestock products","516","Namibia","5510","Production","21111.01","Meat of cattle with the bone, fresh or chilled","2016","2016","t","34215.73","I","Value imputed by a receiving agency",""
"QCL","Crops and livestock products","516","Namibia","5510","Production","21111.01","Meat of cattle with the bone, fresh or chilled","2017","2017","t","36346.39","I","Value imputed by a receiving agency",""
"QCL","Crops and livestock products","516","Namibia","5510","Production","21111.01","Meat of cattle with the bone, fresh or chilled","2018","2018","t","31749.01","I","Value imputed by a receiving agency",""
"QCL","Crops and livestock products","516","Namibia","5510","Production","21111.01","Meat of cattle with the bone, fresh or chilled","2019","2019","t","31216.69","I","Value imputed by a receiving agency",""
"QCL","Crops and livestock products","516","Namibia","5510","Production","21111.01","Meat of cattle with the bone, fresh or chilled","2020","2020","t","24720.24","I","Value imputed by a receiving agency",""
"QCL","Crops and livestock products","516","Namibia","5510","Production","21111.01","Meat of cattle with the bone, fresh or chilled","2021","2021","t","24423.67","I","Value imputed by a receiving agency",""
"QCL","Crops and livestock products","516","Namibia","5510","Production","21111.01","Meat of cattle with the bone, fresh or chilled","2022","2022","t","27778.16","I","Value imputed by a receiving agency",""
"QCL","Crops and livestock products","516","Namibia","5510","Production","21111.01","Meat of cattle with the bone, fresh or chilled","2023","2023","t","41226.32","I","Value imputed by a receiving agency",""
"QCL","Crops and livestock products","516","Namibia","5510","Production","21111.01","Meat of cattle with the bone, fresh or chilled","2024","2024","t","35742.73","I","Value imputed by a receiving agency",""
"QCL","Crops and livestock products","528","Netherlands (Kingdom of the)","5510","Production","21111.01","Meat of cattle with the bone, fresh or chilled","2005","2005","t","396008","A","Official value",""
"QCL","Crops and livestock products","528","Netherlands (Kingdom of the)","5510","Production","21111.01","Meat of cattle with the bone, fresh or chilled","2006","2006","t","384000","A","Official value",""
"QCL","Crops and livestock products","528","Netherlands (Kingdom of the)","5510","Production","21111.01","Meat of cattle with the bone, fresh or chilled","2007","2007","t","385571","A","Official value",""
"QCL","Crops and livestock products","528","Netherlands (Kingdom of the)","5510","Production","21111.01","Meat of cattle with the bone, fresh or chilled","2008","2008","t","378383","A","Official value",""
"QCL","Crops and livestock products","528","Netherlands (Kingdom of the)","5510","Production","21111.01","Meat of cattle with the bone, fresh or chilled","2009","2009","t","401752","A","Official value",""
"QCL","Crops and livestock products","528","Netherlands (Kingdom of the)","5510","Production","21111.01","Meat of cattle with the bone, fresh or chilled","2010","2010","t","388610","A","Official value",""
"QCL","Crops and livestock products","528","Netherlands (Kingdom of the)","5510","Production","21111.01","Meat of cattle with the bone, fresh or chilled","2011","2011","t","381559","A","Official value",""
"QCL","Crops and livestock products","528","Netherlands (Kingdom of the)","5510","Production","21111.01","Meat of cattle with the bone, fresh or chilled","2012","2012","t","373531","A","Official value",""
"QCL","Crops and livestock products","528","Netherlands (Kingdom of the)","5510","Production","21111.01","Meat of cattle with the bone, fresh or chilled","2013","2013","t","379100","A","Official value",""
"QCL","Crops and livestock products","528","Netherlands (Kingdom of the)","5510","Production","21111.01","Meat of cattle with the bone, fresh or chilled","2014","2014","t","376180","A","Official value",""
"QCL","Crops and livestock products","528","Netherlands (Kingdom of the)","5510","Production","21111.01","Meat of cattle with the bone, fresh or chilled","2015","2015","t","382520","A","Official value",""
"QCL","Crops and livestock products","528","Netherlands (Kingdom of the)","5510","Production","21111.01","Meat of cattle with the bone, fresh or chilled","2016","2016","t","416060","A","Official value",""
"QCL","Crops and livestock products","528","Netherlands (Kingdom of the)","5510","Production","21111.01","Meat of cattle with the bone, fresh or chilled","2017","2017","t","440639","A","Official value",""
"QCL","Crops and livestock products","528","Netherlands (Kingdom of the)","5510","Production","21111.01","Meat of cattle with the bone, fresh or chilled","2018","2018","t","459210","A","Official value",""
"QCL","Crops and livestock products","528","Netherlands (Kingdom of the)","5510","Production","21111.01","Meat of cattle with the bone, fresh or chilled","2019","2019","t","424300","A","Official value",""
"QCL","Crops and livestock products","528","Netherlands (Kingdom of the)","5510","Production","21111.01","Meat of cattle with the bone, fresh or chilled","2020","2020","t","432840","A","Official value",""
"QCL","Crops and livestock products","528","Netherlands (Kingdom of the)","5510","Production","21111.01","Meat of cattle with the bone, fresh or chilled","2021","2021","t","429640","A","Official value",""
"QCL","Crops and livestock products","528","Netherlands (Kingdom of the)","5510","Production","21111.01","Meat of cattle with the bone, fresh or chilled","2022","2022","t","421510","A","Official value",""
"QCL","Crops and livestock products","528","Netherlands (Kingdom of the)","5510","Production","21111.01","Meat of cattle with the bone, fresh or chilled","2023","2023","t","437390","A","Official value",""
"QCL","Crops and livestock products","528","Netherlands (Kingdom of the)","5510","Production","21111.01","Meat of cattle with the bone, fresh or chilled","2024","2024","t","433330","A","Official value",""
"QCL","Crops and livestock products","540","New Caledonia","5510","Production","21111.01","Meat of cattle with the bone, fresh or chilled","2005","2005","t","3520","A","Official value",""
"QCL","Crops and livestock products","540","New Caledonia","5510","Production","21111.01","Meat of cattle with the bone, fresh or chilled","2006","2006","t","2992","A","Official value",""
"QCL","Crops and livestock products","540","New Caledonia","5510","Production","21111.01","Meat of cattle with the bone, fresh or chilled","2007","2007","t","3131","A","Official value",""
"QCL","Crops and livestock products","540","New Caledonia","5510","Production","21111.01","Meat of cattle with the bone, fresh or chilled","2008","2008","t","3147","A","Official value",""
"QCL","Crops and livestock products","540","New Caledonia","5510","Production","21111.01","Meat of cattle with the bone, fresh or chilled","2009","2009","t","3192","A","Official value",""
"QCL","Crops and livestock products","540","New Caledonia","5510","Production","21111.01","Meat of cattle with the bone, fresh or chilled","2010","2010","t","3426","A","Official value",""
"QCL","Crops and livestock products","540","New Caledonia","5510","Production","21111.01","Meat of cattle with the bone, fresh or chilled","2011","2011","t","3414","A","Official value",""
"QCL","Crops and livestock products","540","New Caledonia","5510","Production","21111.01","Meat of cattle with the bone, fresh or chilled","2012","2012","t","3416","A","Official value",""
"QCL","Crops and livestock products","540","New Caledonia","5510","Production","21111.01","Meat of cattle with the bone, fresh or chilled","2013","2013","t","3297","A","Official value",""
"QCL","Crops and livestock products","540","New Caledonia","5510","Production","21111.01","Meat of cattle with the bone, fresh or chilled","2014","2014","t","3484","A","Official value",""
"QCL","Crops and livestock products","540","New Caledonia","5510","Production","21111.01","Meat of cattle with the bone, fresh or chilled","2015","2015","t","3612","A","Official value",""
"QCL","Crops and livestock products","540","New Caledonia","5510","Production","21111.01","Meat of cattle with the bone, fresh or chilled","2016","2016","t","3036","A","Official value",""
"QCL","Crops and livestock products","540","New Caledonia","5510","Production","21111.01","Meat of cattle with the bone, fresh or chilled","2017","2017","t","2955","A","Official value",""
"QCL","Crops and livestock products","540","New Caledonia","5510","Production","21111.01","Meat of cattle with the bone, fresh or chilled","2018","2018","t","2887","A","Official value",""
"QCL","Crops and livestock products","540","New Caledonia","5510","Production","21111.01","Meat of cattle with the bone, fresh or chilled","2019","2019","t","3214","A","Official value",""
"QCL","Crops and livestock products","540","New Caledonia","5510","Production","21111.01","Meat of cattle with the bone, fresh or chilled","2020","2020","t","2980","A","Official value",""
"QCL","Crops and livestock products","540","New Caledonia","5510","Production","21111.01","Meat of cattle with the bone, fresh or chilled","2021","2021","t","3076","A","Official value",""
"QCL","Crops and livestock products","540","New Caledonia","5510","Production","21111.01","Meat of cattle with the bone, fresh or chilled","2022","2022","t","3108","A","Official value",""
"QCL","Crops and livestock products","540","New Caledonia","5510","Production","21111.01","Meat of cattle with the bone, fresh or chilled","2023","2023","t","3203","A","Official value",""
"QCL","Crops and livestock products","540","New Caledonia","5510","Production","21111.01","Meat of cattle with the bone, fresh or chilled","2024","2024","t","2983.69","I","Value imputed by a receiving agency",""
"QCL","Crops and livestock products","554","New Zealand","5510","Production","21111.01","Meat of cattle with the bone, fresh or chilled","2005","2005","t","663435","A","Official value",""
"QCL","Crops and livestock products","554","New Zealand","5510","Production","21111.01","Meat of cattle with the bone, fresh or chilled","2006","2006","t","639975","A","Official value",""
"QCL","Crops and livestock products","554","New Zealand","5510","Production","21111.01","Meat of cattle with the bone, fresh or chilled","2007","2007","t","631690","A","Official value",""
"QCL","Crops and livestock products","554","New Zealand","5510","Production","21111.01","Meat of cattle with the bone, fresh or chilled","2008","2008","t","631020","A","Official value",""
"QCL","Crops and livestock products","554","New Zealand","5510","Production","21111.01","Meat of cattle with the bone, fresh or chilled","2009","2009","t","637664","A","Official value",""
"QCL","Crops and livestock products","554","New Zealand","5510","Production","21111.01","Meat of cattle with the bone, fresh or chilled","2010","2010","t","638013","A","Official value",""
"QCL","Crops and livestock products","554","New Zealand","5510","Production","21111.01","Meat of cattle with the bone, fresh or chilled","2011","2011","t","618211","A","Official value",""
"QCL","Crops and livestock products","554","New Zealand","5510","Production","21111.01","Meat of cattle with the bone, fresh or chilled","2012","2012","t","607044","A","Official value",""
"QCL","Crops and livestock products","554","New Zealand","5510","Production","21111.01","Meat of cattle with the bone, fresh or chilled","2013","2013","t","627174","A","Official value",""
"QCL","Crops and livestock products","554","New Zealand","5510","Production","21111.01","Meat of cattle with the bone, fresh or chilled","2014","2014","t","625675","A","Official value",""
"QCL","Crops and livestock products","554","New Zealand","5510","Production","21111.01","Meat of cattle with the bone, fresh or chilled","2015","2015","t","675844","A","Official value",""
"QCL","Crops and livestock products","554","New Zealand","5510","Production","21111.01","Meat of cattle with the bone, fresh or chilled","2016","2016","t","673070","A","Official value",""
"QCL","Crops and livestock products","554","New Zealand","5510","Production","21111.01","Meat of cattle with the bone, fresh or chilled","2017","2017","t","641745","A","Official value",""
"QCL","Crops and livestock products","554","New Zealand","5510","Production","21111.01","Meat of cattle with the bone, fresh or chilled","2018","2018","t","672351.69","A","Official value",""
"QCL","Crops and livestock products","554","New Zealand","5510","Production","21111.01","Meat of cattle with the bone, fresh or chilled","2019","2019","t","712783.54","A","Official value",""
"QCL","Crops and livestock products","554","New Zealand","5510","Production","21111.01","Meat of cattle with the bone, fresh or chilled","2020","2020","t","726536.58","A","Official value",""
"QCL","Crops and livestock products","554","New Zealand","5510","Production","21111.01","Meat of cattle with the bone, fresh or chilled","2021","2021","t","754463","A","Official value",""
"QCL","Crops and livestock products","554","New Zealand","5510","Production","21111.01","Meat of cattle with the bone, fresh or chilled","2022","2022","t","720576","A","Official value",""
"QCL","Crops and livestock products","554","New Zealand","5510","Production","21111.01","Meat of cattle with the bone, fresh or chilled","2023","2023","t","744249","A","Official value",""
"QCL","Crops and livestock products","554","New Zealand","5510","Production","21111.01","Meat of cattle with the bone, fresh or chilled","2024","2024","t","741844","A","Official value",""
"QCL","Crops and livestock products","558","Nicaragua","5510","Production","21111.01","Meat of cattle with the bone, fresh or chilled","2005","2005","t","75983","A","Official value",""
"QCL","Crops and livestock products","558","Nicaragua","5510","Production","21111.01","Meat of cattle with the bone, fresh or chilled","2006","2006","t","84620","A","Official value",""
"QCL","Crops and livestock products","558","Nicaragua","5510","Production","21111.01","Meat of cattle with the bone, fresh or chilled","2007","2007","t","92782","A","Official value",""
"QCL","Crops and livestock products","558","Nicaragua","5510","Production","21111.01","Meat of cattle with the bone, fresh or chilled","2008","2008","t","96080","A","Official value",""
"QCL","Crops and livestock products","558","Nicaragua","5510","Production","21111.01","Meat of cattle with the bone, fresh or chilled","2009","2009","t","107587","A","Official value",""
"QCL","Crops and livestock products","558","Nicaragua","5510","Production","21111.01","Meat of cattle with the bone, fresh or chilled","2010","2010","t","121039.77","A","Official value",""
"QCL","Crops and livestock products","558","Nicaragua","5510","Production","21111.01","Meat of cattle with the bone, fresh or chilled","2011","2011","t","128603","A","Official value",""
"QCL","Crops and livestock products","558","Nicaragua","5510","Production","21111.01","Meat of cattle with the bone, fresh or chilled","2012","2012","t","115121","A","Official value",""
"QCL","Crops and livestock products","558","Nicaragua","5510","Production","21111.01","Meat of cattle with the bone, fresh or chilled","2013","2013","t","120687","A","Official value",""
"QCL","Crops and livestock products","558","Nicaragua","5510","Production","21111.01","Meat of cattle with the bone, fresh or chilled","2014","2014","t","122063.23","I","Value imputed by a receiving agency",""
"QCL","Crops and livestock products","558","Nicaragua","5510","Production","21111.01","Meat of cattle with the bone, fresh or chilled","2015","2015","t","115216","A","Official value",""
"QCL","Crops and livestock products","558","Nicaragua","5510","Production","21111.01","Meat of cattle with the bone, fresh or chilled","2016","2016","t","114368","A","Official value",""
"QCL","Crops and livestock products","558","Nicaragua","5510","Production","21111.01","Meat of cattle with the bone, fresh or chilled","2017","2017","t","147749","A","Official value",""
"QCL","Crops and livestock products","558","Nicaragua","5510","Production","21111.01","Meat of cattle with the bone, fresh or chilled","2018","2018","t","136940","A","Official value",""
"QCL","Crops and livestock products","558","Nicaragua","5510","Production","21111.01","Meat of cattle with the bone, fresh or chilled","2019","2019","t","148488","A","Official value",""
"QCL","Crops and livestock products","558","Nicaragua","5510","Production","21111.01","Meat of cattle with the bone, fresh or chilled","2020","2020","t","152883.97","A","Official value",""
"QCL","Crops and livestock products","558","Nicaragua","5510","Production","21111.01","Meat of cattle with the bone, fresh or chilled","2021","2021","t","167367.78","A","Official value",""
"QCL","Crops and livestock products","558","Nicaragua","5510","Production","21111.01","Meat of cattle with the bone, fresh or chilled","2022","2022","t","152223.48","A","Official value",""
"QCL","Crops and livestock products","558","Nicaragua","5510","Production","21111.01","Meat of cattle with the bone, fresh or chilled","2023","2023","t","152223.48","A","Official value",""
"QCL","Crops and livestock products","562","Niger","5510","Production","21111.01","Meat of cattle with the bone, fresh or chilled","2005","2005","t","58522","A","Official value",""
"QCL","Crops and livestock products","562","Niger","5510","Production","21111.01","Meat of cattle with the bone, fresh or chilled","2006","2006","t","62825","A","Official value",""
"QCL","Crops and livestock products","562","Niger","5510","Production","21111.01","Meat of cattle with the bone, fresh or chilled","2007","2007","t","53391","A","Official value",""
"QCL","Crops and livestock products","562","Niger","5510","Production","21111.01","Meat of cattle with the bone, fresh or chilled","2008","2008","t","52622","A","Official value",""
"QCL","Crops and livestock products","562","Niger","5510","Production","21111.01","Meat of cattle with the bone, fresh or chilled","2009","2009","t","54004","A","Official value",""
"QCL","Crops and livestock products","562","Niger","5510","Production","21111.01","Meat of cattle with the bone, fresh or chilled","2010","2010","t","60357","A","Official value",""
"QCL","Crops and livestock products","562","Niger","5510","Production","21111.01","Meat of cattle with the bone, fresh or chilled","2011","2011","t","54829","A","Official value",""
"QCL","Crops and livestock products","562","Niger","5510","Production","21111.01","Meat of cattle with the bone, fresh or chilled","2012","2012","t","59105","A","Official value",""
"QCL","Crops and livestock products","562","Niger","5510","Production","21111.01","Meat of cattle with the bone, fresh or chilled","2013","2013","t","41905","A","Official value",""
"QCL","Crops and livestock products","562","Niger","5510","Production","21111.01","Meat of cattle with the bone, fresh or chilled","2014","2014","t","54439","A","Official value",""
"QCL","Crops and livestock products","562","Niger","5510","Production","21111.01","Meat of cattle with the bone, fresh or chilled","2015","2015","t","58942","A","Official value",""
"QCL","Crops and livestock products","562","Niger","5510","Production","21111.01","Meat of cattle with the bone, fresh or chilled","2016","2016","t","58908.8","A","Official value",""
"QCL","Crops and livestock products","562","Niger","5510","Production","21111.01","Meat of cattle with the bone, fresh or chilled","2017","2017","t","59797.74","A","Official value",""
"QCL","Crops and livestock products","562","Niger","5510","Production","21111.01","Meat of cattle with the bone, fresh or chilled","2018","2018","t","61045.5","A","Official value",""
"QCL","Crops and livestock products","562","Niger","5510","Production","21111.01","Meat of cattle with the bone, fresh or chilled","2019","2019","t","57459.87","A","Official value",""
"QCL","Crops and livestock products","562","Niger","5510","Production","21111.01","Meat of cattle with the bone, fresh or chilled","2020","2020","t","63399.59","I","Value imputed by a receiving agency",""
"QCL","Crops and livestock products","562","Niger","5510","Production","21111.01","Meat of cattle with the bone, fresh or chilled","2021","2021","t","71296.92","I","Value imputed by a receiving agency",""
"QCL","Crops and livestock products","562","Niger","5510","Production","21111.01","Meat of cattle with the bone, fresh or chilled","2022","2022","t","71375","A","Official value",""
"QCL","Crops and livestock products","562","Niger","5510","Production","21111.01","Meat of cattle with the bone, fresh or chilled","2023","2023","t","71343","A","Official value",""
"QCL","Crops and livestock products","562","Niger","5510","Production","21111.01","Meat of cattle with the bone, fresh or chilled","2024","2024","t","65288.84","A","Official value",""
"QCL","Crops and livestock products","566","Nigeria","5510","Production","21111.01","Meat of cattle with the bone, fresh or chilled","2005","2005","t","305610","E","Estimated value",""
"QCL","Crops and livestock products","566","Nigeria","5510","Production","21111.01","Meat of cattle with the bone, fresh or chilled","2006","2006","t","259457","E","Estimated value",""
"QCL","Crops and livestock products","566","Nigeria","5510","Production","21111.01","Meat of cattle with the bone, fresh or chilled","2007","2007","t","327984","E","Estimated value",""
"QCL","Crops and livestock products","566","Nigeria","5510","Production","21111.01","Meat of cattle with the bone, fresh or chilled","2008","2008","t","328250","E","Estimated value",""
"QCL","Crops and livestock products","566","Nigeria","5510","Production","21111.01","Meat of cattle with the bone, fresh or chilled","2009","2009","t","330250","E","Estimated value",""
"QCL","Crops and livestock products","566","Nigeria","5510","Production","21111.01","Meat of cattle with the bone, fresh or chilled","2010","2010","t","306960.45","I","Value imputed by a receiving agency",""
"QCL","Crops and livestock products","566","Nigeria","5510","Production","21111.01","Meat of cattle with the bone, fresh or chilled","2011","2011","t","350008.58","I","Value imputed by a receiving agency",""
"QCL","Crops and livestock products","566","Nigeria","5510","Production","21111.01","Meat of cattle with the bone, fresh or chilled","2012","2012","t","288281","A","Official value",""
"QCL","Crops and livestock products","566","Nigeria","5510","Production","21111.01","Meat of cattle with the bone, fresh or chilled","2013","2013","t","377794","A","Official value",""
"QCL","Crops and livestock products","566","Nigeria","5510","Production","21111.01","Meat of cattle with the bone, fresh or chilled","2014","2014","t","381080.37","A","Official value",""
"QCL","Crops and livestock products","566","Nigeria","5510","Production","21111.01","Meat of cattle with the bone, fresh or chilled","2015","2015","t","384395.78","A","Official value",""
"QCL","Crops and livestock products","566","Nigeria","5510","Production","21111.01","Meat of cattle with the bone, fresh or chilled","2016","2016","t","298261.5","A","Official value",""
"QCL","Crops and livestock products","566","Nigeria","5510","Production","21111.01","Meat of cattle with the bone, fresh or chilled","2017","2017","t","300856.38","A","Official value",""
"QCL","Crops and livestock products","566","Nigeria","5510","Production","21111.01","Meat of cattle with the bone, fresh or chilled","2018","2018","t","318368.34","I","Value imputed by a receiving agency",""
"QCL","Crops and livestock products","566","Nigeria","5510","Production","21111.01","Meat of cattle with the bone, fresh or chilled","2019","2019","t","326118.36","I","Value imputed by a receiving agency",""
"QCL","Crops and livestock products","566","Nigeria","5510","Production","21111.01","Meat of cattle with the bone, fresh or chilled","2020","2020","t","325427.88","I","Value imputed by a receiving agency",""
"QCL","Crops and livestock products","566","Nigeria","5510","Production","21111.01","Meat of cattle with the bone, fresh or chilled","2021","2021","t","324909.82","I","Value imputed by a receiving agency",""
"QCL","Crops and livestock products","566","Nigeria","5510","Production","21111.01","Meat of cattle with the bone, fresh or chilled","2022","2022","t","321916.4","I","Value imputed by a receiving agency",""
"QCL","Crops and livestock products","566","Nigeria","5510","Production","21111.01","Meat of cattle with the bone, fresh or chilled","2023","2023","t","319404.5","I","Value imputed by a receiving agency",""
"QCL","Crops and livestock products","566","Nigeria","5510","Production","21111.01","Meat of cattle with the bone, fresh or chilled","2024","2024","t","317048.8","I","Value imputed by a receiving agency",""
"QCL","Crops and livestock products","570","Niue","5510","Production","21111.01","Meat of cattle with the bone, fresh or chilled","2005","2005","t","2.42","I","Value imputed by a receiving agency",""
"QCL","Crops and livestock products","570","Niue","5510","Production","21111.01","Meat of cattle with the bone, fresh or chilled","2006","2006","t","2.5","E","Estimated value",""
"QCL","Crops and livestock products","570","Niue","5510","Production","21111.01","Meat of cattle with the bone, fresh or chilled","2007","2007","t","2.7","E","Estimated value",""
"QCL","Crops and livestock products","570","Niue","5510","Production","21111.01","Meat of cattle with the bone, fresh or chilled","2008","2008","t","2.59","I","Value imputed by a receiving agency",""
"QCL","Crops and livestock products","570","Niue","5510","Production","21111.01","Meat of cattle with the bone, fresh or chilled","2009","2009","t","2.61","I","Value imputed by a receiving agency",""
"QCL","Crops and livestock products","570","Niue","5510","Production","21111.01","Meat of cattle with the bone, fresh or chilled","2010","2010","t","2.62","I","Value imputed by a receiving agency",""
"QCL","Crops and livestock products","570","Niue","5510","Production","21111.01","Meat of cattle with the bone, fresh or chilled","2011","2011","t","2.63","I","Value imputed by a receiving agency",""
"QCL","Crops and livestock products","570","Niue","5510","Production","21111.01","Meat of cattle with the bone, fresh or chilled","2012","2012","t","2.7","E","Estimated value",""
"QCL","Crops and livestock products","570","Niue","5510","Production","21111.01","Meat of cattle with the bone, fresh or chilled","2013","2013","t","2.4","I","Value imputed by a receiving agency",""
"QCL","Crops and livestock products","570","Niue","5510","Production","21111.01","Meat of cattle with the bone, fresh or chilled","2014","2014","t","2.31","I","Value imputed by a receiving agency",""
"QCL","Crops and livestock products","570","Niue","5510","Production","21111.01","Meat of cattle with the bone, fresh or chilled","2015","2015","t","2.19","I","Value imputed by a receiving agency",""
"QCL","Crops and livestock products","570","Niue","5510","Production","21111.01","Meat of cattle with the bone, fresh or chilled","2016","2016","t","2.2","I","Value imputed by a receiving agency",""
"QCL","Crops and livestock products","570","Niue","5510","Production","21111.01","Meat of cattle with the bone, fresh or chilled","2017","2017","t","2.1","I","Value imputed by a receiving agency",""
"QCL","Crops and livestock products","570","Niue","5510","Production","21111.01","Meat of cattle with the bone, fresh or chilled","2018","2018","t","2.03","I","Value imputed by a receiving agency",""
"QCL","Crops and livestock products","570","Niue","5510","Production","21111.01","Meat of cattle with the bone, fresh or chilled","2019","2019","t","2.01","I","Value imputed by a receiving agency",""
"QCL","Crops and livestock products","570","Niue","5510","Production","21111.01","Meat of cattle with the bone, fresh or chilled","2020","2020","t","1.98","I","Value imputed by a receiving agency",""
"QCL","Crops and livestock products","570","Niue","5510","Production","21111.01","Meat of cattle with the bone, fresh or chilled","2021","2021","t","1.94","I","Value imputed by a receiving agency",""
"QCL","Crops and livestock products","570","Niue","5510","Production","21111.01","Meat of cattle with the bone, fresh or chilled","2022","2022","t","1.89","I","Value imputed by a receiving agency",""
"QCL","Crops and livestock products","570","Niue","5510","Production","21111.01","Meat of cattle with the bone, fresh or chilled","2023","2023","t","1.86","I","Value imputed by a receiving agency",""
"QCL","Crops and livestock products","570","Niue","5510","Production","21111.01","Meat of cattle with the bone, fresh or chilled","2024","2024","t","1.82","I","Value imputed by a receiving agency",""
"QCL","Crops and livestock products","807","North Macedonia","5510","Production","21111.01","Meat of cattle with the bone, fresh or chilled","2005","2005","t","7604","A","Official value",""
"QCL","Crops and livestock products","807","North Macedonia","5510","Production","21111.01","Meat of cattle with the bone, fresh or chilled","2006","2006","t","7132","A","Official value",""
"QCL","Crops and livestock products","807","North Macedonia","5510","Production","21111.01","Meat of cattle with the bone, fresh or chilled","2007","2007","t","7121","A","Official value",""
"QCL","Crops and livestock products","807","North Macedonia","5510","Production","21111.01","Meat of cattle with the bone, fresh or chilled","2008","2008","t","7018","A","Official value",""
"QCL","Crops and livestock products","807","North Macedonia","5510","Production","21111.01","Meat of cattle with the bone, fresh or chilled","2009","2009","t","7307","A","Official value",""
"QCL","Crops and livestock products","807","North Macedonia","5510","Production","21111.01","Meat of cattle with the bone, fresh or chilled","2010","2010","t","7100","X","Value from external organization","Unofficial figure"
"QCL","Crops and livestock products","807","North Macedonia","5510","Production","21111.01","Meat of cattle with the bone, fresh or chilled","2011","2011","t","5301","A","Official value",""
"QCL","Crops and livestock products","807","North Macedonia","5510","Production","21111.01","Meat of cattle with the bone, fresh or chilled","2012","2012","t","4981","A","Official value",""
"QCL","Crops and livestock products","807","North Macedonia","5510","Production","21111.01","Meat of cattle with the bone, fresh or chilled","2013","2013","t","5485","A","Official value",""
"QCL","Crops and livestock products","807","North Macedonia","5510","Production","21111.01","Meat of cattle with the bone, fresh or chilled","2014","2014","t","5522","A","Official value",""
"QCL","Crops and livestock products","807","North Macedonia","5510","Production","21111.01","Meat of cattle with the bone, fresh or chilled","2015","2015","t","4875","A","Official value",""
"QCL","Crops and livestock products","807","North Macedonia","5510","Production","21111.01","Meat of cattle with the bone, fresh or chilled","2016","2016","t","3962","A","Official value",""
"QCL","Crops and livestock products","807","North Macedonia","5510","Production","21111.01","Meat of cattle with the bone, fresh or chilled","2017","2017","t","4636","A","Official value",""
"QCL","Crops and livestock products","807","North Macedonia","5510","Production","21111.01","Meat of cattle with the bone, fresh or chilled","2018","2018","t","4381","A","Official value",""
"QCL","Crops and livestock products","807","North Macedonia","5510","Production","21111.01","Meat of cattle with the bone, fresh or chilled","2019","2019","t","4083","A","Official value",""
"QCL","Crops and livestock products","807","North Macedonia","5510","Production","21111.01","Meat of cattle with the bone, fresh or chilled","2020","2020","t","3886","A","Official value",""
"QCL","Crops and livestock products","807","North Macedonia","5510","Production","21111.01","Meat of cattle with the bone, fresh or chilled","2021","2021","t","4214","A","Official value",""
"QCL","Crops and livestock products","807","North Macedonia","5510","Production","21111.01","Meat of cattle with the bone, fresh or chilled","2022","2022","t","4415","A","Official value",""
"QCL","Crops and livestock products","807","North Macedonia","5510","Production","21111.01","Meat of cattle with the bone, fresh or chilled","2023","2023","t","4024","A","Official value",""
"QCL","Crops and livestock products","807","North Macedonia","5510","Production","21111.01","Meat of cattle with the bone, fresh or chilled","2024","2024","t","4135","A","Official value",""
"QCL","Crops and livestock products","578","Norway","5510","Production","21111.01","Meat of cattle with the bone, fresh or chilled","2005","2005","t","87393","A","Official value",""
"QCL","Crops and livestock products","578","Norway","5510","Production","21111.01","Meat of cattle with the bone, fresh or chilled","2006","2006","t","87643","A","Official value",""
"QCL","Crops and livestock products","578","Norway","5510","Production","21111.01","Meat of cattle with the bone, fresh or chilled","2007","2007","t","84678","A","Official value",""
"QCL","Crops and livestock products","578","Norway","5510","Production","21111.01","Meat of cattle with the bone, fresh or chilled","2008","2008","t","86447","A","Official value",""
"QCL","Crops and livestock products","578","Norway","5510","Production","21111.01","Meat of cattle with the bone, fresh or chilled","2009","2009","t","84787","A","Official value",""
"QCL","Crops and livestock products","578","Norway","5510","Production","21111.01","Meat of cattle with the bone, fresh or chilled","2010","2010","t","83508","A","Official value",""
"QCL","Crops and livestock products","578","Norway","5510","Production","21111.01","Meat of cattle with the bone, fresh or chilled","2011","2011","t","81638","A","Official value",""
"QCL","Crops and livestock products","578","Norway","5510","Production","21111.01","Meat of cattle with the bone, fresh or chilled","2012","2012","t","77982","A","Official value",""
"QCL","Crops and livestock products","578","Norway","5510","Production","21111.01","Meat of cattle with the bone, fresh or chilled","2013","2013","t","83696","A","Official value",""
"QCL","Crops and livestock products","578","Norway","5510","Production","21111.01","Meat of cattle with the bone, fresh or chilled","2014","2014","t","78732","A","Official value",""
"QCL","Crops and livestock products","578","Norway","5510","Production","21111.01","Meat of cattle with the bone, fresh or chilled","2015","2015","t","79672","A","Official value",""
"QCL","Crops and livestock products","578","Norway","5510","Production","21111.01","Meat of cattle with the bone, fresh or chilled","2016","2016","t","81676","A","Official value",""
"QCL","Crops and livestock products","578","Norway","5510","Production","21111.01","Meat of cattle with the bone, fresh or chilled","2017","2017","t","85196","A","Official value",""
"QCL","Crops and livestock products","578","Norway","5510","Production","21111.01","Meat of cattle with the bone, fresh or chilled","2018","2018","t","89396","A","Official value",""
"QCL","Crops and livestock products","578","Norway","5510","Production","21111.01","Meat of cattle with the bone, fresh or chilled","2019","2019","t","87008","A","Official value",""
"QCL","Crops and livestock products","578","Norway","5510","Production","21111.01","Meat of cattle with the bone, fresh or chilled","2020","2020","t","85295","A","Official value",""
"QCL","Crops and livestock products","578","Norway","5510","Production","21111.01","Meat of cattle with the bone, fresh or chilled","2021","2021","t","87736","A","Official value",""
"QCL","Crops and livestock products","578","Norway","5510","Production","21111.01","Meat of cattle with the bone, fresh or chilled","2022","2022","t","92311","A","Official value",""
"QCL","Crops and livestock products","578","Norway","5510","Production","21111.01","Meat of cattle with the bone, fresh or chilled","2023","2023","t","90559","A","Official value",""
"QCL","Crops and livestock products","578","Norway","5510","Production","21111.01","Meat of cattle with the bone, fresh or chilled","2024","2024","t","86090","A","Official value",""
"QCL","Crops and livestock products","512","Oman","5510","Production","21111.01","Meat of cattle with the bone, fresh or chilled","2005","2005","t","4810","E","Estimated value",""
"QCL","Crops and livestock products","512","Oman","5510","Production","21111.01","Meat of cattle with the bone, fresh or chilled","2006","2006","t","5200","E","Estimated value",""
"QCL","Crops and livestock products","512","Oman","5510","Production","21111.01","Meat of cattle with the bone, fresh or chilled","2007","2007","t","7410","E","Estimated value",""
"QCL","Crops and livestock products","512","Oman","5510","Production","21111.01","Meat of cattle with the bone, fresh or chilled","2008","2008","t","8450","E","Estimated value",""
"QCL","Crops and livestock products","512","Oman","5510","Production","21111.01","Meat of cattle with the bone, fresh or chilled","2009","2009","t","11440","E","Estimated value",""
"QCL","Crops and livestock products","512","Oman","5510","Production","21111.01","Meat of cattle with the bone, fresh or chilled","2010","2010","t","14950","E","Estimated value",""
"QCL","Crops and livestock products","512","Oman","5510","Production","21111.01","Meat of cattle with the bone, fresh or chilled","2011","2011","t","14950","E","Estimated value",""
"QCL","Crops and livestock products","512","Oman","5510","Production","21111.01","Meat of cattle with the bone, fresh or chilled","2012","2012","t","15340","E","Estimated value",""
"QCL","Crops and livestock products","512","Oman","5510","Production","21111.01","Meat of cattle with the bone, fresh or chilled","2013","2013","t","20800","E","Estimated value",""
"QCL","Crops and livestock products","512","Oman","5510","Production","21111.01","Meat of cattle with the bone, fresh or chilled","2014","2014","t","17361.56","I","Value imputed by a receiving agency",""
"QCL","Crops and livestock products","512","Oman","5510","Production","21111.01","Meat of cattle with the bone, fresh or chilled","2015","2015","t","13887.77","I","Value imputed by a receiving agency",""
"QCL","Crops and livestock products","512","Oman","5510","Production","21111.01","Meat of cattle with the bone, fresh or chilled","2016","2016","t","14165.58","I","Value imputed by a receiving agency",""
"QCL","Crops and livestock products","512","Oman","5510","Production","21111.01","Meat of cattle with the bone, fresh or chilled","2017","2017","t","14448.85","I","Value imputed by a receiving agency",""
"QCL","Crops and livestock products","512","Oman","5510","Production","21111.01","Meat of cattle with the bone, fresh or chilled","2018","2018","t","11260","A","Official value",""
"QCL","Crops and livestock products","512","Oman","5510","Production","21111.01","Meat of cattle with the bone, fresh or chilled","2019","2019","t","15030","A","Official value",""
"QCL","Crops and livestock products","512","Oman","5510","Production","21111.01","Meat of cattle with the bone, fresh or chilled","2020","2020","t","15330","A","Official value",""
"QCL","Crops and livestock products","512","Oman","5510","Production","21111.01","Meat of cattle with the bone, fresh or chilled","2021","2021","t","15161.97","I","Value imputed by a receiving agency",""
"QCL","Crops and livestock products","512","Oman","5510","Production","21111.01","Meat of cattle with the bone, fresh or chilled","2022","2022","t","15312.79","I","Value imputed by a receiving agency",""
"QCL","Crops and livestock products","512","Oman","5510","Production","21111.01","Meat of cattle with the bone, fresh or chilled","2023","2023","t","15556.81","I","Value imputed by a receiving agency",""
"QCL","Crops and livestock products","512","Oman","5510","Production","21111.01","Meat of cattle with the bone, fresh or chilled","2024","2024","t","16137.69","I","Value imputed by a receiving agency",""
"QCL","Crops and livestock products","586","Pakistan","5510","Production","21111.01","Meat of cattle with the bone, fresh or chilled","2005","2005","t","515000","A","Official value",""
"QCL","Crops and livestock products","586","Pakistan","5510","Production","21111.01","Meat of cattle with the bone, fresh or chilled","2006","2006","t","702000","A","Official value",""
"QCL","Crops and livestock products","586","Pakistan","5510","Production","21111.01","Meat of cattle with the bone, fresh or chilled","2007","2007","t","729000","A","Official value",""
"QCL","Crops and livestock products","586","Pakistan","5510","Production","21111.01","Meat of cattle with the bone, fresh or chilled","2008","2008","t","756000","A","Official value",""
"QCL","Crops and livestock products","586","Pakistan","5510","Production","21111.01","Meat of cattle with the bone, fresh or chilled","2009","2009","t","785000","A","Official value",""
"QCL","Crops and livestock products","586","Pakistan","5510","Production","21111.01","Meat of cattle with the bone, fresh or chilled","2010","2010","t","814000","A","Official value",""
"QCL","Crops and livestock products","586","Pakistan","5510","Production","21111.01","Meat of cattle with the bone, fresh or chilled","2011","2011","t","861000","A","Official value",""
"QCL","Crops and livestock products","586","Pakistan","5510","Production","21111.01","Meat of cattle with the bone, fresh or chilled","2012","2012","t","880000","E","Estimated value",""
"QCL","Crops and livestock products","586","Pakistan","5510","Production","21111.01","Meat of cattle with the bone, fresh or chilled","2013","2013","t","914000","E","Estimated value",""
"QCL","Crops and livestock products","586","Pakistan","5510","Production","21111.01","Meat of cattle with the bone, fresh or chilled","2014","2014","t","944000","A","Official value",""
"QCL","Crops and livestock products","586","Pakistan","5510","Production","21111.01","Meat of cattle with the bone, fresh or chilled","2015","2015","t","980000","A","Official value",""
"QCL","Crops and livestock products","586","Pakistan","5510","Production","21111.01","Meat of cattle with the bone, fresh or chilled","2016","2016","t","1017000","A","Official value",""
"QCL","Crops and livestock products","586","Pakistan","5510","Production","21111.01","Meat of cattle with the bone, fresh or chilled","2017","2017","t","1055000","A","Official value",""
"QCL","Crops and livestock products","586","Pakistan","5510","Production","21111.01","Meat of cattle with the bone, fresh or chilled","2018","2018","t","1095000","A","Official value",""
"QCL","Crops and livestock products","586","Pakistan","5510","Production","21111.01","Meat of cattle with the bone, fresh or chilled","2019","2019","t","1136000","A","Official value",""
"QCL","Crops and livestock products","586","Pakistan","5510","Production","21111.01","Meat of cattle with the bone, fresh or chilled","2020","2020","t","1179000","A","Official value",""
"QCL","Crops and livestock products","586","Pakistan","5510","Production","21111.01","Meat of cattle with the bone, fresh or chilled","2021","2021","t","1076000","A","Official value",""
"QCL","Crops and livestock products","586","Pakistan","5510","Production","21111.01","Meat of cattle with the bone, fresh or chilled","2022","2022","t","1116000","A","Official value",""
"QCL","Crops and livestock products","586","Pakistan","5510","Production","21111.01","Meat of cattle with the bone, fresh or chilled","2023","2023","t","1159000","A","Official value",""
"QCL","Crops and livestock products","586","Pakistan","5510","Production","21111.01","Meat of cattle with the bone, fresh or chilled","2024","2024","t","1366891.36","A","Official value",""
"QCL","Crops and livestock products","275","Palestine","5510","Production","21111.01","Meat of cattle with the bone, fresh or chilled","2005","2005","t","5228","A","Official value",""
"QCL","Crops and livestock products","275","Palestine","5510","Production","21111.01","Meat of cattle with the bone, fresh or chilled","2006","2006","t","5437","A","Official value",""
"QCL","Crops and livestock products","275","Palestine","5510","Production","21111.01","Meat of cattle with the bone, fresh or chilled","2007","2007","t","4886","A","Official value",""
"QCL","Crops and livestock products","275","Palestine","5510","Production","21111.01","Meat of cattle with the bone, fresh or chilled","2008","2008","t","5065","A","Official value",""
"QCL","Crops and livestock products","275","Palestine","5510","Production","21111.01","Meat of cattle with the bone, fresh or chilled","2009","2009","t","4300","X","Value from external organization","Unofficial figure"
"QCL","Crops and livestock products","275","Palestine","5510","Production","21111.01","Meat of cattle with the bone, fresh or chilled","2010","2010","t","5810","X","Value from external organization","Unofficial figure"
"QCL","Crops and livestock products","275","Palestine","5510","Production","21111.01","Meat of cattle with the bone, fresh or chilled","2011","2011","t","6190","X","Value from external organization","Unofficial figure"
"QCL","Crops and livestock products","275","Palestine","5510","Production","21111.01","Meat of cattle with the bone, fresh or chilled","2012","2012","t","8100","E","Estimated value",""
"QCL","Crops and livestock products","275","Palestine","5510","Production","21111.01","Meat of cattle with the bone, fresh or chilled","2013","2013","t","8239.19","E","Estimated value",""
"QCL","Crops and livestock products","275","Palestine","5510","Production","21111.01","Meat of cattle with the bone, fresh or chilled","2014","2014","t","11018.15","I","Value imputed by a receiving agency",""
"QCL","Crops and livestock products","275","Palestine","5510","Production","21111.01","Meat of cattle with the bone, fresh or chilled","2015","2015","t","8696.46","I","Value imputed by a receiving agency",""
"QCL","Crops and livestock products","275","Palestine","5510","Production","21111.01","Meat of cattle with the bone, fresh or chilled","2016","2016","t","8373.48","I","Value imputed by a receiving agency",""
"QCL","Crops and livestock products","275","Palestine","5510","Production","21111.01","Meat of cattle with the bone, fresh or chilled","2017","2017","t","9288.19","I","Value imputed by a receiving agency",""
"QCL","Crops and livestock products","275","Palestine","5510","Production","21111.01","Meat of cattle with the bone, fresh or chilled","2018","2018","t","12744.79","I","Value imputed by a receiving agency",""
"QCL","Crops and livestock products","275","Palestine","5510","Production","21111.01","Meat of cattle with the bone, fresh or chilled","2019","2019","t","7600","A","Official value",""
"QCL","Crops and livestock products","275","Palestine","5510","Production","21111.01","Meat of cattle with the bone, fresh or chilled","2020","2020","t","8400","A","Official value",""
"QCL","Crops and livestock products","275","Palestine","5510","Production","21111.01","Meat of cattle with the bone, fresh or chilled","2021","2021","t","18280","A","Official value",""
"QCL","Crops and livestock products","275","Palestine","5510","Production","21111.01","Meat of cattle with the bone, fresh or chilled","2022","2022","t","13415.89","I","Value imputed by a receiving agency",""
"QCL","Crops and livestock products","591","Panama","5510","Production","21111.01","Meat of cattle with the bone, fresh or chilled","2005","2005","t","65575","A","Official value",""
"QCL","Crops and livestock products","591","Panama","5510","Production","21111.01","Meat of cattle with the bone, fresh or chilled","2006","2006","t","67063","A","Official value",""
"QCL","Crops and livestock products","591","Panama","5510","Production","21111.01","Meat of cattle with the bone, fresh or chilled","2007","2007","t","65400","A","Official value",""
"QCL","Crops and livestock products","591","Panama","5510","Production","21111.01","Meat of cattle with the bone, fresh or chilled","2008","2008","t","67974","A","Official value",""
"QCL","Crops and livestock products","591","Panama","5510","Production","21111.01","Meat of cattle with the bone, fresh or chilled","2009","2009","t","74558","A","Official value",""
"QCL","Crops and livestock products","591","Panama","5510","Production","21111.01","Meat of cattle with the bone, fresh or chilled","2010","2010","t","79280","A","Official value",""
"QCL","Crops and livestock products","591","Panama","5510","Production","21111.01","Meat of cattle with the bone, fresh or chilled","2011","2011","t","86302","A","Official value",""
"QCL","Crops and livestock products","591","Panama","5510","Production","21111.01","Meat of cattle with the bone, fresh or chilled","2012","2012","t","91677","A","Official value",""
"QCL","Crops and livestock products","591","Panama","5510","Production","21111.01","Meat of cattle with the bone, fresh or chilled","2013","2013","t","84897","A","Official value",""
"QCL","Crops and livestock products","591","Panama","5510","Production","21111.01","Meat of cattle with the bone, fresh or chilled","2014","2014","t","82938","A","Official value",""
"QCL","Crops and livestock products","591","Panama","5510","Production","21111.01","Meat of cattle with the bone, fresh or chilled","2015","2015","t","80899","A","Official value",""
"QCL","Crops and livestock products","591","Panama","5510","Production","21111.01","Meat of cattle with the bone, fresh or chilled","2016","2016","t","71071","A","Official value",""
"QCL","Crops and livestock products","591","Panama","5510","Production","21111.01","Meat of cattle with the bone, fresh or chilled","2017","2017","t","70079","A","Official value",""
"QCL","Crops and livestock products","591","Panama","5510","Production","21111.01","Meat of cattle with the bone, fresh or chilled","2018","2018","t","70397","A","Official value",""
"QCL","Crops and livestock products","591","Panama","5510","Production","21111.01","Meat of cattle with the bone, fresh or chilled","2019","2019","t","74176","A","Official value",""
"QCL","Crops and livestock products","591","Panama","5510","Production","21111.01","Meat of cattle with the bone, fresh or chilled","2020","2020","t","71213","A","Official value",""
"QCL","Crops and livestock products","591","Panama","5510","Production","21111.01","Meat of cattle with the bone, fresh or chilled","2021","2021","t","76422","A","Official value",""
"QCL","Crops and livestock products","591","Panama","5510","Production","21111.01","Meat of cattle with the bone, fresh or chilled","2022","2022","t","77160.46","A","Official value",""
"QCL","Crops and livestock products","591","Panama","5510","Production","21111.01","Meat of cattle with the bone, fresh or chilled","2023","2023","t","73813.68","A","Official value",""
"QCL","Crops and livestock products","591","Panama","5510","Production","21111.01","Meat of cattle with the bone, fresh or chilled","2024","2024","t","71678.08","A","Official value",""
"QCL","Crops and livestock products","598","Papua New Guinea","5510","Production","21111.01","Meat of cattle with the bone, fresh or chilled","2005","2005","t","3135","E","Estimated value",""
"QCL","Crops and livestock products","598","Papua New Guinea","5510","Production","21111.01","Meat of cattle with the bone, fresh or chilled","2006","2006","t","3165","E","Estimated value",""
"QCL","Crops and livestock products","598","Papua New Guinea","5510","Production","21111.01","Meat of cattle with the bone, fresh or chilled","2007","2007","t","3210","E","Estimated value",""
"QCL","Crops and livestock products","598","Papua New Guinea","5510","Production","21111.01","Meat of cattle with the bone, fresh or chilled","2008","2008","t","3210","E","Estimated value",""
"QCL","Crops and livestock products","598","Papua New Guinea","5510","Production","21111.01","Meat of cattle with the bone, fresh or chilled","2009","2009","t","3210","E","Estimated value",""
"QCL","Crops and livestock products","598","Papua New Guinea","5510","Production","21111.01","Meat of cattle with the bone, fresh or chilled","2010","2010","t","3225","E","Estimated value",""
"QCL","Crops and livestock products","598","Papua New Guinea","5510","Production","21111.01","Meat of cattle with the bone, fresh or chilled","2011","2011","t","3240","E","Estimated value",""
"QCL","Crops and livestock products","598","Papua New Guinea","5510","Production","21111.01","Meat of cattle with the bone, fresh or chilled","2012","2012","t","3300","E","Estimated value",""
"QCL","Crops and livestock products","598","Papua New Guinea","5510","Production","21111.01","Meat of cattle with the bone, fresh or chilled","2013","2013","t","3265.3","I","Value imputed by a receiving agency",""
"QCL","Crops and livestock products","598","Papua New Guinea","5510","Production","21111.01","Meat of cattle with the bone, fresh or chilled","2014","2014","t","3274.43","I","Value imputed by a receiving agency",""
"QCL","Crops and livestock products","598","Papua New Guinea","5510","Production","21111.01","Meat of cattle with the bone, fresh or chilled","2015","2015","t","3180.32","I","Value imputed by a receiving agency",""
"QCL","Crops and livestock products","598","Papua New Guinea","5510","Production","21111.01","Meat of cattle with the bone, fresh or chilled","2016","2016","t","3062.17","I","Value imputed by a receiving agency",""
"QCL","Crops and livestock products","598","Papua New Guinea","5510","Production","21111.01","Meat of cattle with the bone, fresh or chilled","2017","2017","t","2510.57","I","Value imputed by a receiving agency",""
"QCL","Crops and livestock products","598","Papua New Guinea","5510","Production","21111.01","Meat of cattle with the bone, fresh or chilled","2018","2018","t","2519.89","I","Value imputed by a receiving agency",""
"QCL","Crops and livestock products","598","Papua New Guinea","5510","Production","21111.01","Meat of cattle with the bone, fresh or chilled","2019","2019","t","2469.72","I","Value imputed by a receiving agency",""
"QCL","Crops and livestock products","598","Papua New Guinea","5510","Production","21111.01","Meat of cattle with the bone, fresh or chilled","2020","2020","t","2430.93","I","Value imputed by a receiving agency",""
"QCL","Crops and livestock products","598","Papua New Guinea","5510","Production","21111.01","Meat of cattle with the bone, fresh or chilled","2021","2021","t","2429.54","I","Value imputed by a receiving agency",""
"QCL","Crops and livestock products","598","Papua New Guinea","5510","Production","21111.01","Meat of cattle with the bone, fresh or chilled","2022","2022","t","2377.35","I","Value imputed by a receiving agency",""
"QCL","Crops and livestock products","598","Papua New Guinea","5510","Production","21111.01","Meat of cattle with the bone, fresh or chilled","2023","2023","t","2337.08","I","Value imputed by a receiving agency",""
"QCL","Crops and livestock products","598","Papua New Guinea","5510","Production","21111.01","Meat of cattle with the bone, fresh or chilled","2024","2024","t","2296.49","I","Value imputed by a receiving agency",""
"QCL","Crops and livestock products","600","Paraguay","5510","Production","21111.01","Meat of cattle with the bone, fresh or chilled","2005","2005","t","248679","A","Official value",""
"QCL","Crops and livestock products","600","Paraguay","5510","Production","21111.01","Meat of cattle with the bone, fresh or chilled","2006","2006","t","300000","A","Official value",""
"QCL","Crops and livestock products","600","Paraguay","5510","Production","21111.01","Meat of cattle with the bone, fresh or chilled","2007","2007","t","264829","A","Official value",""
"QCL","Crops and livestock products","600","Paraguay","5510","Production","21111.01","Meat of cattle with the bone, fresh or chilled","2008","2008","t","293500","E","Estimated value",""
"QCL","Crops and livestock products","600","Paraguay","5510","Production","21111.01","Meat of cattle with the bone, fresh or chilled","2009","2009","t","312000","E","Estimated value",""
"QCL","Crops and livestock products","600","Paraguay","5510","Production","21111.01","Meat of cattle with the bone, fresh or chilled","2010","2010","t","342999.99","E","Estimated value",""
"QCL","Crops and livestock products","600","Paraguay","5510","Production","21111.01","Meat of cattle with the bone, fresh or chilled","2011","2011","t","347999.99","E","Estimated value",""
"QCL","Crops and livestock products","600","Paraguay","5510","Production","21111.01","Meat of cattle with the bone, fresh or chilled","2012","2012","t","302399","A","Official value",""
"QCL","Crops and livestock products","600","Paraguay","5510","Production","21111.01","Meat of cattle with the bone, fresh or chilled","2013","2013","t","384378","A","Official value",""
"QCL","Crops and livestock products","600","Paraguay","5510","Production","21111.01","Meat of cattle with the bone, fresh or chilled","2014","2014","t","467288","A","Official value",""
"QCL","Crops and livestock products","600","Paraguay","5510","Production","21111.01","Meat of cattle with the bone, fresh or chilled","2015","2015","t","444668.31","I","Value imputed by a receiving agency",""
"QCL","Crops and livestock products","600","Paraguay","5510","Production","21111.01","Meat of cattle with the bone, fresh or chilled","2016","2016","t","468000","X","Value from external organization","Unofficial figure"
"QCL","Crops and livestock products","600","Paraguay","5510","Production","21111.01","Meat of cattle with the bone, fresh or chilled","2017","2017","t","530492","A","Official value",""
"QCL","Crops and livestock products","600","Paraguay","5510","Production","21111.01","Meat of cattle with the bone, fresh or chilled","2018","2018","t","489400","A","Official value",""
"QCL","Crops and livestock products","600","Paraguay","5510","Production","21111.01","Meat of cattle with the bone, fresh or chilled","2019","2019","t","481693","A","Official value",""
"QCL","Crops and livestock products","600","Paraguay","5510","Production","21111.01","Meat of cattle with the bone, fresh or chilled","2020","2020","t","515611.6","A","Official value",""
"QCL","Crops and livestock products","600","Paraguay","5510","Production","21111.01","Meat of cattle with the bone, fresh or chilled","2021","2021","t","522776","A","Official value",""
"QCL","Crops and livestock products","600","Paraguay","5510","Production","21111.01","Meat of cattle with the bone, fresh or chilled","2022","2022","t","514971","A","Official value",""
"QCL","Crops and livestock products","600","Paraguay","5510","Production","21111.01","Meat of cattle with the bone, fresh or chilled","2023","2023","t","450074.77","I","Value imputed by a receiving agency",""
"QCL","Crops and livestock products","600","Paraguay","5510","Production","21111.01","Meat of cattle with the bone, fresh or chilled","2024","2024","t","427139.78","I","Value imputed by a receiving agency",""
"QCL","Crops and livestock products","604","Peru","5510","Production","21111.01","Meat of cattle with the bone, fresh or chilled","2005","2005","t","152497.22","A","Official value",""
"QCL","Crops and livestock products","604","Peru","5510","Production","21111.01","Meat of cattle with the bone, fresh or chilled","2006","2006","t","161578.26","A","Official value",""
"QCL","Crops and livestock products","604","Peru","5510","Production","21111.01","Meat of cattle with the bone, fresh or chilled","2007","2007","t","163235","A","Official value",""
"QCL","Crops and livestock products","604","Peru","5510","Production","21111.01","Meat of cattle with the bone, fresh or chilled","2008","2008","t","163318","A","Official value",""
"QCL","Crops and livestock products","604","Peru","5510","Production","21111.01","Meat of cattle with the bone, fresh or chilled","2009","2009","t","164704","A","Official value",""
"QCL","Crops and livestock products","604","Peru","5510","Production","21111.01","Meat of cattle with the bone, fresh or chilled","2010","2010","t","171872","A","Official value",""
"QCL","Crops and livestock products","604","Peru","5510","Production","21111.01","Meat of cattle with the bone, fresh or chilled","2011","2011","t","179084.39","A","Official value",""
"QCL","Crops and livestock products","604","Peru","5510","Production","21111.01","Meat of cattle with the bone, fresh or chilled","2012","2012","t","186616.87","A","Official value",""
"QCL","Crops and livestock products","604","Peru","5510","Production","21111.01","Meat of cattle with the bone, fresh or chilled","2013","2013","t","193087.24","A","Official value",""
"QCL","Crops and livestock products","604","Peru","5510","Production","21111.01","Meat of cattle with the bone, fresh or chilled","2014","2014","t","196232","A","Official value",""
"QCL","Crops and livestock products","604","Peru","5510","Production","21111.01","Meat of cattle with the bone, fresh or chilled","2015","2015","t","196014.92","A","Official value",""
"QCL","Crops and livestock products","604","Peru","5510","Production","21111.01","Meat of cattle with the bone, fresh or chilled","2016","2016","t","192703","A","Official value",""
"QCL","Crops and livestock products","604","Peru","5510","Production","21111.01","Meat of cattle with the bone, fresh or chilled","2017","2017","t","188738","A","Official value",""
"QCL","Crops and livestock products","604","Peru","5510","Production","21111.01","Meat of cattle with the bone, fresh or chilled","2018","2018","t","189703","A","Official value",""
"QCL","Crops and livestock products","604","Peru","5510","Production","21111.01","Meat of cattle with the bone, fresh or chilled","2019","2019","t","192919.59","A","Official value",""
"QCL","Crops and livestock products","604","Peru","5510","Production","21111.01","Meat of cattle with the bone, fresh or chilled","2020","2020","t","183941.13","A","Official value",""
"QCL","Crops and livestock products","604","Peru","5510","Production","21111.01","Meat of cattle with the bone, fresh or chilled","2021","2021","t","189922.92","A","Official value",""
"QCL","Crops and livestock products","604","Peru","5510","Production","21111.01","Meat of cattle with the bone, fresh or chilled","2022","2022","t","192718.4","A","Official value",""
"QCL","Crops and livestock products","604","Peru","5510","Production","21111.01","Meat of cattle with the bone, fresh or chilled","2023","2023","t","198722.99","A","Official value",""
"QCL","Crops and livestock products","604","Peru","5510","Production","21111.01","Meat of cattle with the bone, fresh or chilled","2024","2024","t","203990.58","A","Official value",""
"QCL","Crops and livestock products","608","Philippines","5510","Production","21111.01","Meat of cattle with the bone, fresh or chilled","2005","2005","t","172759","A","Official value",""
"QCL","Crops and livestock products","608","Philippines","5510","Production","21111.01","Meat of cattle with the bone, fresh or chilled","2006","2006","t","167475","A","Official value",""
"QCL","Crops and livestock products","608","Philippines","5510","Production","21111.01","Meat of cattle with the bone, fresh or chilled","2007","2007","t","178041","A","Official value",""
"QCL","Crops and livestock products","608","Philippines","5510","Production","21111.01","Meat of cattle with the bone, fresh or chilled","2008","2008","t","184363","A","Official value",""
"QCL","Crops and livestock products","608","Philippines","5510","Production","21111.01","Meat of cattle with the bone, fresh or chilled","2009","2009","t","189707","A","Official value",""
"QCL","Crops and livestock products","608","Philippines","5510","Production","21111.01","Meat of cattle with the bone, fresh or chilled","2010","2010","t","194754","A","Official value",""
"QCL","Crops and livestock products","608","Philippines","5510","Production","21111.01","Meat of cattle with the bone, fresh or chilled","2011","2011","t","196233","A","Official value",""
"QCL","Crops and livestock products","608","Philippines","5510","Production","21111.01","Meat of cattle with the bone, fresh or chilled","2012","2012","t","194810","A","Official value",""
"QCL","Crops and livestock products","608","Philippines","5510","Production","21111.01","Meat of cattle with the bone, fresh or chilled","2013","2013","t","197757","A","Official value",""
"QCL","Crops and livestock products","608","Philippines","5510","Production","21111.01","Meat of cattle with the bone, fresh or chilled","2014","2014","t","201390","A","Official value",""
"QCL","Crops and livestock products","608","Philippines","5510","Production","21111.01","Meat of cattle with the bone, fresh or chilled","2015","2015","t","205708","A","Official value",""
"QCL","Crops and livestock products","608","Philippines","5510","Production","21111.01","Meat of cattle with the bone, fresh or chilled","2016","2016","t","184104.66","I","Value imputed by a receiving agency",""
"QCL","Crops and livestock products","608","Philippines","5510","Production","21111.01","Meat of cattle with the bone, fresh or chilled","2017","2017","t","157303.8","I","Value imputed by a receiving agency",""
"QCL","Crops and livestock products","608","Philippines","5510","Production","21111.01","Meat of cattle with the bone, fresh or chilled","2018","2018","t","131655.01","A","Official value",""
"QCL","Crops and livestock products","608","Philippines","5510","Production","21111.01","Meat of cattle with the bone, fresh or chilled","2019","2019","t","130311.8","A","Official value",""
"QCL","Crops and livestock products","608","Philippines","5510","Production","21111.01","Meat of cattle with the bone, fresh or chilled","2020","2020","t","114563","A","Official value",""
"QCL","Crops and livestock products","608","Philippines","5510","Production","21111.01","Meat of cattle with the bone, fresh or chilled","2021","2021","t","118052.81","A","Official value",""
"QCL","Crops and livestock products","608","Philippines","5510","Production","21111.01","Meat of cattle with the bone, fresh or chilled","2022","2022","t","118324.2","A","Official value",""
"QCL","Crops and livestock products","608","Philippines","5510","Production","21111.01","Meat of cattle with the bone, fresh or chilled","2023","2023","t","117207","A","Official value",""
"QCL","Crops and livestock products","608","Philippines","5510","Production","21111.01","Meat of cattle with the bone, fresh or chilled","2024","2024","t","116666","A","Official value",""
"QCL","Crops and livestock products","616","Poland","5510","Production","21111.01","Meat of cattle with the bone, fresh or chilled","2005","2005","t","309500","A","Official value",""
"QCL","Crops and livestock products","616","Poland","5510","Production","21111.01","Meat of cattle with the bone, fresh or chilled","2006","2006","t","362900","A","Official value",""
"QCL","Crops and livestock products","616","Poland","5510","Production","21111.01","Meat of cattle with the bone, fresh or chilled","2007","2007","t","379500","A","Official value",""
"QCL","Crops and livestock products","616","Poland","5510","Production","21111.01","Meat of cattle with the bone, fresh or chilled","2008","2008","t","393400","A","Official value",""
"QCL","Crops and livestock products","616","Poland","5510","Production","21111.01","Meat of cattle with the bone, fresh or chilled","2009","2009","t","396900","A","Official value",""
"QCL","Crops and livestock products","616","Poland","5510","Production","21111.01","Meat of cattle with the bone, fresh or chilled","2010","2010","t","400900","A","Official value",""
"QCL","Crops and livestock products","616","Poland","5510","Production","21111.01","Meat of cattle with the bone, fresh or chilled","2011","2011","t","391200","A","Official value",""
"QCL","Crops and livestock products","616","Poland","5510","Production","21111.01","Meat of cattle with the bone, fresh or chilled","2012","2012","t","382900","A","Official value",""
"QCL","Crops and livestock products","616","Poland","5510","Production","21111.01","Meat of cattle with the bone, fresh or chilled","2013","2013","t","373900","A","Official value",""
"QCL","Crops and livestock products","616","Poland","5510","Production","21111.01","Meat of cattle with the bone, fresh or chilled","2014","2014","t","446300","A","Official value",""
"QCL","Crops and livestock products","616","Poland","5510","Production","21111.01","Meat of cattle with the bone, fresh or chilled","2015","2015","t","486700","A","Official value",""
"QCL","Crops and livestock products","616","Poland","5510","Production","21111.01","Meat of cattle with the bone, fresh or chilled","2016","2016","t","512000","A","Official value",""
"QCL","Crops and livestock products","616","Poland","5510","Production","21111.01","Meat of cattle with the bone, fresh or chilled","2017","2017","t","569200","A","Official value",""
"QCL","Crops and livestock products","616","Poland","5510","Production","21111.01","Meat of cattle with the bone, fresh or chilled","2018","2018","t","564840","A","Official value",""
"QCL","Crops and livestock products","616","Poland","5510","Production","21111.01","Meat of cattle with the bone, fresh or chilled","2019","2019","t","560500","A","Official value",""
"QCL","Crops and livestock products","616","Poland","5510","Production","21111.01","Meat of cattle with the bone, fresh or chilled","2020","2020","t","559460","A","Official value",""
"QCL","Crops and livestock products","616","Poland","5510","Production","21111.01","Meat of cattle with the bone, fresh or chilled","2021","2021","t","555220","A","Official value",""
"QCL","Crops and livestock products","616","Poland","5510","Production","21111.01","Meat of cattle with the bone, fresh or chilled","2022","2022","t","540680","A","Official value",""
"QCL","Crops and livestock products","616","Poland","5510","Production","21111.01","Meat of cattle with the bone, fresh or chilled","2023","2023","t","514770","A","Official value",""
"QCL","Crops and livestock products","616","Poland","5510","Production","21111.01","Meat of cattle with the bone, fresh or chilled","2024","2024","t","637490","A","Official value",""
"QCL","Crops and livestock products","620","Portugal","5510","Production","21111.01","Meat of cattle with the bone, fresh or chilled","2005","2005","t","119019","A","Official value",""
"QCL","Crops and livestock products","620","Portugal","5510","Production","21111.01","Meat of cattle with the bone, fresh or chilled","2006","2006","t","106087","A","Official value",""
"QCL","Crops and livestock products","620","Portugal","5510","Production","21111.01","Meat of cattle with the bone, fresh or chilled","2007","2007","t","91743","A","Official value",""
"QCL","Crops and livestock products","620","Portugal","5510","Production","21111.01","Meat of cattle with the bone, fresh or chilled","2008","2008","t","108540","A","Official value",""
"QCL","Crops and livestock products","620","Portugal","5510","Production","21111.01","Meat of cattle with the bone, fresh or chilled","2009","2009","t","102995","A","Official value",""
"QCL","Crops and livestock products","620","Portugal","5510","Production","21111.01","Meat of cattle with the bone, fresh or chilled","2010","2010","t","93159","A","Official value",""
"QCL","Crops and livestock products","620","Portugal","5510","Production","21111.01","Meat of cattle with the bone, fresh or chilled","2011","2011","t","96003","A","Official value",""
"QCL","Crops and livestock products","620","Portugal","5510","Production","21111.01","Meat of cattle with the bone, fresh or chilled","2012","2012","t","92988","A","Official value",""
"QCL","Crops and livestock products","620","Portugal","5510","Production","21111.01","Meat of cattle with the bone, fresh or chilled","2013","2013","t","84011","A","Official value",""
"QCL","Crops and livestock products","620","Portugal","5510","Production","21111.01","Meat of cattle with the bone, fresh or chilled","2014","2014","t","79843","A","Official value",""
"QCL","Crops and livestock products","620","Portugal","5510","Production","21111.01","Meat of cattle with the bone, fresh or chilled","2015","2015","t","88645","A","Official value",""
"QCL","Crops and livestock products","620","Portugal","5510","Production","21111.01","Meat of cattle with the bone, fresh or chilled","2016","2016","t","90704","A","Official value",""
"QCL","Crops and livestock products","620","Portugal","5510","Production","21111.01","Meat of cattle with the bone, fresh or chilled","2017","2017","t","91187","A","Official value",""
"QCL","Crops and livestock products","620","Portugal","5510","Production","21111.01","Meat of cattle with the bone, fresh or chilled","2018","2018","t","93790","A","Official value",""
"QCL","Crops and livestock products","620","Portugal","5510","Production","21111.01","Meat of cattle with the bone, fresh or chilled","2019","2019","t","92030","A","Official value",""
"QCL","Crops and livestock products","620","Portugal","5510","Production","21111.01","Meat of cattle with the bone, fresh or chilled","2020","2020","t","97780","A","Official value",""
"QCL","Crops and livestock products","620","Portugal","5510","Production","21111.01","Meat of cattle with the bone, fresh or chilled","2021","2021","t","103000","A","Official value",""
"QCL","Crops and livestock products","620","Portugal","5510","Production","21111.01","Meat of cattle with the bone, fresh or chilled","2022","2022","t","103760","A","Official value",""
"QCL","Crops and livestock products","620","Portugal","5510","Production","21111.01","Meat of cattle with the bone, fresh or chilled","2023","2023","t","98420","A","Official value",""
"QCL","Crops and livestock products","620","Portugal","5510","Production","21111.01","Meat of cattle with the bone, fresh or chilled","2024","2024","t","101770","A","Official value",""
"QCL","Crops and livestock products","630","Puerto Rico","5510","Production","21111.01","Meat of cattle with the bone, fresh or chilled","2005","2005","t","9802","A","Official value",""
"QCL","Crops and livestock products","630","Puerto Rico","5510","Production","21111.01","Meat of cattle with the bone, fresh or chilled","2006","2006","t","10458.45","I","Value imputed by a receiving agency",""
"QCL","Crops and livestock products","630","Puerto Rico","5510","Production","21111.01","Meat of cattle with the bone, fresh or chilled","2007","2007","t","9694.45","I","Value imputed by a receiving agency",""
"QCL","Crops and livestock products","630","Puerto Rico","5510","Production","21111.01","Meat of cattle with the bone, fresh or chilled","2008","2008","t","9073.28","I","Value imputed by a receiving agency",""
"QCL","Crops and livestock products","630","Puerto Rico","5510","Production","21111.01","Meat of cattle with the bone, fresh or chilled","2009","2009","t","8782.74","I","Value imputed by a receiving agency",""
"QCL","Crops and livestock products","630","Puerto Rico","5510","Production","21111.01","Meat of cattle with the bone, fresh or chilled","2010","2010","t","8238.15","I","Value imputed by a receiving agency",""
"QCL","Crops and livestock products","630","Puerto Rico","5510","Production","21111.01","Meat of cattle with the bone, fresh or chilled","2011","2011","t","7706.14","I","Value imputed by a receiving agency",""
"QCL","Crops and livestock products","630","Puerto Rico","5510","Production","21111.01","Meat of cattle with the bone, fresh or chilled","2012","2012","t","6938.99","I","Value imputed by a receiving agency",""
"QCL","Crops and livestock products","630","Puerto Rico","5510","Production","21111.01","Meat of cattle with the bone, fresh or chilled","2013","2013","t","6884.01","I","Value imputed by a receiving agency",""
"QCL","Crops and livestock products","630","Puerto Rico","5510","Production","21111.01","Meat of cattle with the bone, fresh or chilled","2014","2014","t","6792.99","A","Official value",""
"QCL","Crops and livestock products","630","Puerto Rico","5510","Production","21111.01","Meat of cattle with the bone, fresh or chilled","2015","2015","t","7004.37","A","Official value",""
"QCL","Crops and livestock products","630","Puerto Rico","5510","Production","21111.01","Meat of cattle with the bone, fresh or chilled","2016","2016","t","6062.83","I","Value imputed by a receiving agency",""
"QCL","Crops and livestock products","630","Puerto Rico","5510","Production","21111.01","Meat of cattle with the bone, fresh or chilled","2017","2017","t","5698.28","I","Value imputed by a receiving agency",""
"QCL","Crops and livestock products","630","Puerto Rico","5510","Production","21111.01","Meat of cattle with the bone, fresh or chilled","2018","2018","t","5375.53","I","Value imputed by a receiving agency",""
"QCL","Crops and livestock products","630","Puerto Rico","5510","Production","21111.01","Meat of cattle with the bone, fresh or chilled","2019","2019","t","5095.15","I","Value imputed by a receiving agency",""
"QCL","Crops and livestock products","630","Puerto Rico","5510","Production","21111.01","Meat of cattle with the bone, fresh or chilled","2020","2020","t","4859.74","I","Value imputed by a receiving agency",""
"QCL","Crops and livestock products","630","Puerto Rico","5510","Production","21111.01","Meat of cattle with the bone, fresh or chilled","2021","2021","t","4577.42","I","Value imputed by a receiving agency",""
"QCL","Crops and livestock products","630","Puerto Rico","5510","Production","21111.01","Meat of cattle with the bone, fresh or chilled","2022","2022","t","4356.78","I","Value imputed by a receiving agency",""
"QCL","Crops and livestock products","630","Puerto Rico","5510","Production","21111.01","Meat of cattle with the bone, fresh or chilled","2023","2023","t","4113.97","I","Value imputed by a receiving agency",""
"QCL","Crops and livestock products","630","Puerto Rico","5510","Production","21111.01","Meat of cattle with the bone, fresh or chilled","2024","2024","t","4060.48","I","Value imputed by a receiving agency",""
"QCL","Crops and livestock products","634","Qatar","5510","Production","21111.01","Meat of cattle with the bone, fresh or chilled","2005","2005","t","300","E","Estimated value",""
"QCL","Crops and livestock products","634","Qatar","5510","Production","21111.01","Meat of cattle with the bone, fresh or chilled","2006","2006","t","324","E","Estimated value",""
"QCL","Crops and livestock products","634","Qatar","5510","Production","21111.01","Meat of cattle with the bone, fresh or chilled","2007","2007","t","324","E","Estimated value",""
"QCL","Crops and livestock products","634","Qatar","5510","Production","21111.01","Meat of cattle with the bone, fresh or chilled","2008","2008","t","324","E","Estimated value",""
"QCL","Crops and livestock products","634","Qatar","5510","Production","21111.01","Meat of cattle with the bone, fresh or chilled","2009","2009","t","516","E","Estimated value",""
"QCL","Crops and livestock products","634","Qatar","5510","Production","21111.01","Meat of cattle with the bone, fresh or chilled","2010","2010","t","576","E","Estimated value",""
"QCL","Crops and livestock products","634","Qatar","5510","Production","21111.01","Meat of cattle with the bone, fresh or chilled","2011","2011","t","468","E","Estimated value",""
"QCL","Crops and livestock products","634","Qatar","5510","Production","21111.01","Meat of cattle with the bone, fresh or chilled","2012","2012","t","480","E","Estimated value",""
"QCL","Crops and livestock products","634","Qatar","5510","Production","21111.01","Meat of cattle with the bone, fresh or chilled","2013","2013","t","495","E","Estimated value",""
"QCL","Crops and livestock products","634","Qatar","5510","Production","21111.01","Meat of cattle with the bone, fresh or chilled","2014","2014","t","663.25","I","Value imputed by a receiving agency",""
"QCL","Crops and livestock products","634","Qatar","5510","Production","21111.01","Meat of cattle with the bone, fresh or chilled","2015","2015","t","713.51","I","Value imputed by a receiving agency",""
"QCL","Crops and livestock products","634","Qatar","5510","Production","21111.01","Meat of cattle with the bone, fresh or chilled","2016","2016","t","925.75","I","Value imputed by a receiving agency",""
"QCL","Crops and livestock products","634","Qatar","5510","Production","21111.01","Meat of cattle with the bone, fresh or chilled","2017","2017","t","857.2","I","Value imputed by a receiving agency",""
"QCL","Crops and livestock products","634","Qatar","5510","Production","21111.01","Meat of cattle with the bone, fresh or chilled","2018","2018","t","1069.87","E","Estimated value",""
"QCL","Crops and livestock products","634","Qatar","5510","Production","21111.01","Meat of cattle with the bone, fresh or chilled","2019","2019","t","1439.33","I","Value imputed by a receiving agency",""
"QCL","Crops and livestock products","634","Qatar","5510","Production","21111.01","Meat of cattle with the bone, fresh or chilled","2020","2020","t","1512","I","Value imputed by a receiving agency",""
"QCL","Crops and livestock products","634","Qatar","5510","Production","21111.01","Meat of cattle with the bone, fresh or chilled","2021","2021","t","1440.63","I","Value imputed by a receiving agency",""
"QCL","Crops and livestock products","634","Qatar","5510","Production","21111.01","Meat of cattle with the bone, fresh or chilled","2022","2022","t","925.2","I","Value imputed by a receiving agency",""
"QCL","Crops and livestock products","634","Qatar","5510","Production","21111.01","Meat of cattle with the bone, fresh or chilled","2023","2023","t","376.8","I","Value imputed by a receiving agency",""
"QCL","Crops and livestock products","634","Qatar","5510","Production","21111.01","Meat of cattle with the bone, fresh or chilled","2024","2024","t","914.21","E","Estimated value",""
"QCL","Crops and livestock products","410","Republic of Korea","5510","Production","21111.01","Meat of cattle with the bone, fresh or chilled","2005","2005","t","195000","A","Official value",""
"QCL","Crops and livestock products","410","Republic of Korea","5510","Production","21111.01","Meat of cattle with the bone, fresh or chilled","2006","2006","t","200000","A","Official value",""
"QCL","Crops and livestock products","410","Republic of Korea","5510","Production","21111.01","Meat of cattle with the bone, fresh or chilled","2007","2007","t","219000","A","Official value",""
"QCL","Crops and livestock products","410","Republic of Korea","5510","Production","21111.01","Meat of cattle with the bone, fresh or chilled","2008","2008","t","246000","A","Official value",""
"QCL","Crops and livestock products","410","Republic of Korea","5510","Production","21111.01","Meat of cattle with the bone, fresh or chilled","2009","2009","t","283000","A","Official value",""
"QCL","Crops and livestock products","410","Republic of Korea","5510","Production","21111.01","Meat of cattle with the bone, fresh or chilled","2010","2010","t","247000","A","Official value",""
"QCL","Crops and livestock products","410","Republic of Korea","5510","Production","21111.01","Meat of cattle with the bone, fresh or chilled","2011","2011","t","280000","A","Official value",""
"QCL","Crops and livestock products","410","Republic of Korea","5510","Production","21111.01","Meat of cattle with the bone, fresh or chilled","2012","2012","t","312000","A","Official value",""
"QCL","Crops and livestock products","410","Republic of Korea","5510","Production","21111.01","Meat of cattle with the bone, fresh or chilled","2013","2013","t","344000","X","Value from external organization","Unofficial figure"
"QCL","Crops and livestock products","410","Republic of Korea","5510","Production","21111.01","Meat of cattle with the bone, fresh or chilled","2014","2014","t","335000","X","Value from external organization","Unofficial figure"
"QCL","Crops and livestock products","410","Republic of Korea","5510","Production","21111.01","Meat of cattle with the bone, fresh or chilled","2015","2015","t","323000","X","Value from external organization","Unofficial figure"
"QCL","Crops and livestock products","410","Republic of Korea","5510","Production","21111.01","Meat of cattle with the bone, fresh or chilled","2016","2016","t","277000","X","Value from external organization","Unofficial figure"
"QCL","Crops and livestock products","410","Republic of Korea","5510","Production","21111.01","Meat of cattle with the bone, fresh or chilled","2017","2017","t","281000","X","Value from external organization","Unofficial figure"
"QCL","Crops and livestock products","410","Republic of Korea","5510","Production","21111.01","Meat of cattle with the bone, fresh or chilled","2018","2018","t","279000","X","Value from external organization","Unofficial figure"
"QCL","Crops and livestock products","410","Republic of Korea","5510","Production","21111.01","Meat of cattle with the bone, fresh or chilled","2019","2019","t","286000","X","Value from external organization","Unofficial figure"
"QCL","Crops and livestock products","410","Republic of Korea","5510","Production","21111.01","Meat of cattle with the bone, fresh or chilled","2020","2020","t","291000","X","Value from external organization","Unofficial figure"
"QCL","Crops and livestock products","410","Republic of Korea","5510","Production","21111.01","Meat of cattle with the bone, fresh or chilled","2021","2021","t","304000","X","Value from external organization","Unofficial figure"
"QCL","Crops and livestock products","410","Republic of Korea","5510","Production","21111.01","Meat of cattle with the bone, fresh or chilled","2022","2022","t","330000","X","Value from external organization","Unofficial figure"
"QCL","Crops and livestock products","410","Republic of Korea","5510","Production","21111.01","Meat of cattle with the bone, fresh or chilled","2023","2023","t","345000","X","Value from external organization","Unofficial figure"
"QCL","Crops and livestock products","410","Republic of Korea","5510","Production","21111.01","Meat of cattle with the bone, fresh or chilled","2024","2024","t","370000","X","Value from external organization","Unofficial figure"
"QCL","Crops and livestock products","498","Republic of Moldova","5510","Production","21111.01","Meat of cattle with the bone, fresh or chilled","2005","2005","t","15641","A","Official value",""
"QCL","Crops and livestock products","498","Republic of Moldova","5510","Production","21111.01","Meat of cattle with the bone, fresh or chilled","2006","2006","t","14975","A","Official value",""
"QCL","Crops and livestock products","498","Republic of Moldova","5510","Production","21111.01","Meat of cattle with the bone, fresh or chilled","2007","2007","t","15178","A","Official value",""
"QCL","Crops and livestock products","498","Republic of Moldova","5510","Production","21111.01","Meat of cattle with the bone, fresh or chilled","2008","2008","t","10584","A","Official value",""
"QCL","Crops and livestock products","498","Republic of Moldova","5510","Production","21111.01","Meat of cattle with the bone, fresh or chilled","2009","2009","t","11046","A","Official value",""
"QCL","Crops and livestock products","498","Republic of Moldova","5510","Production","21111.01","Meat of cattle with the bone, fresh or chilled","2010","2010","t","10158","A","Official value",""
"QCL","Crops and livestock products","498","Republic of Moldova","5510","Production","21111.01","Meat of cattle with the bone, fresh or chilled","2011","2011","t","9676","A","Official value",""
"QCL","Crops and livestock products","498","Republic of Moldova","5510","Production","21111.01","Meat of cattle with the bone, fresh or chilled","2012","2012","t","9509","A","Official value",""
"QCL","Crops and livestock products","498","Republic of Moldova","5510","Production","21111.01","Meat of cattle with the bone, fresh or chilled","2013","2013","t","8288","A","Official value",""
"QCL","Crops and livestock products","498","Republic of Moldova","5510","Production","21111.01","Meat of cattle with the bone, fresh or chilled","2014","2014","t","8220","A","Official value",""
"QCL","Crops and livestock products","498","Republic of Moldova","5510","Production","21111.01","Meat of cattle with the bone, fresh or chilled","2015","2015","t","8419","A","Official value",""
"QCL","Crops and livestock products","498","Republic of Moldova","5510","Production","21111.01","Meat of cattle with the bone, fresh or chilled","2016","2016","t","9512.5","A","Official value",""
"QCL","Crops and livestock products","498","Republic of Moldova","5510","Production","21111.01","Meat of cattle with the bone, fresh or chilled","2017","2017","t","7609","A","Official value",""
"QCL","Crops and livestock products","498","Republic of Moldova","5510","Production","21111.01","Meat of cattle with the bone, fresh or chilled","2018","2018","t","8052","A","Official value",""
"QCL","Crops and livestock products","498","Republic of Moldova","5510","Production","21111.01","Meat of cattle with the bone, fresh or chilled","2019","2019","t","7628","A","Official value",""
"QCL","Crops and livestock products","498","Republic of Moldova","5510","Production","21111.01","Meat of cattle with the bone, fresh or chilled","2020","2020","t","2499.9","A","Official value",""
"QCL","Crops and livestock products","498","Republic of Moldova","5510","Production","21111.01","Meat of cattle with the bone, fresh or chilled","2021","2021","t","2274","A","Official value",""
"QCL","Crops and livestock products","498","Republic of Moldova","5510","Production","21111.01","Meat of cattle with the bone, fresh or chilled","2022","2022","t","1999","A","Official value",""
"QCL","Crops and livestock products","498","Republic of Moldova","5510","Production","21111.01","Meat of cattle with the bone, fresh or chilled","2023","2023","t","2187.2","A","Official value",""
"QCL","Crops and livestock products","498","Republic of Moldova","5510","Production","21111.01","Meat of cattle with the bone, fresh or chilled","2024","2024","t","2261","A","Official value",""
"QCL","Crops and livestock products","638","Réunion","5510","Production","21111.01","Meat of cattle with the bone, fresh or chilled","2005","2005","t","1798","A","Official value",""
"QCL","Crops and livestock products","638","Réunion","5510","Production","21111.01","Meat of cattle with the bone, fresh or chilled","2006","2006","t","1859","A","Official value",""
"QCL","Crops and livestock products","642","Romania","5510","Production","21111.01","Meat of cattle with the bone, fresh or chilled","2005","2005","t","190196","A","Official value",""
"QCL","Crops and livestock products","642","Romania","5510","Production","21111.01","Meat of cattle with the bone, fresh or chilled","2006","2006","t","159313","A","Official value",""
"QCL","Crops and livestock products","642","Romania","5510","Production","21111.01","Meat of cattle with the bone, fresh or chilled","2007","2007","t","164642","A","Official value",""
"QCL","Crops and livestock products","642","Romania","5510","Production","21111.01","Meat of cattle with the bone, fresh or chilled","2008","2008","t","149660","A","Official value",""
"QCL","Crops and livestock products","642","Romania","5510","Production","21111.01","Meat of cattle with the bone, fresh or chilled","2009","2009","t","155199","A","Official value",""
"QCL","Crops and livestock products","642","Romania","5510","Production","21111.01","Meat of cattle with the bone, fresh or chilled","2010","2010","t","154464","A","Official value",""
"QCL","Crops and livestock products","642","Romania","5510","Production","21111.01","Meat of cattle with the bone, fresh or chilled","2011","2011","t","142306","A","Official value",""
"QCL","Crops and livestock products","642","Romania","5510","Production","21111.01","Meat of cattle with the bone, fresh or chilled","2012","2012","t","114464","A","Official value",""
"QCL","Crops and livestock products","642","Romania","5510","Production","21111.01","Meat of cattle with the bone, fresh or chilled","2013","2013","t","96179","A","Official value",""
"QCL","Crops and livestock products","642","Romania","5510","Production","21111.01","Meat of cattle with the bone, fresh or chilled","2014","2014","t","107581","A","Official value",""
"QCL","Crops and livestock products","642","Romania","5510","Production","21111.01","Meat of cattle with the bone, fresh or chilled","2015","2015","t","118851","A","Official value",""
"QCL","Crops and livestock products","642","Romania","5510","Production","21111.01","Meat of cattle with the bone, fresh or chilled","2016","2016","t","116177","A","Official value",""
"QCL","Crops and livestock products","642","Romania","5510","Production","21111.01","Meat of cattle with the bone, fresh or chilled","2017","2017","t","110991","A","Official value",""
"QCL","Crops and livestock products","642","Romania","5510","Production","21111.01","Meat of cattle with the bone, fresh or chilled","2018","2018","t","78760","A","Official value",""
"QCL","Crops and livestock products","642","Romania","5510","Production","21111.01","Meat of cattle with the bone, fresh or chilled","2019","2019","t","73730","A","Official value",""
"QCL","Crops and livestock products","642","Romania","5510","Production","21111.01","Meat of cattle with the bone, fresh or chilled","2020","2020","t","87490","A","Official value",""
"QCL","Crops and livestock products","642","Romania","5510","Production","21111.01","Meat of cattle with the bone, fresh or chilled","2021","2021","t","82720","A","Official value",""
"QCL","Crops and livestock products","642","Romania","5510","Production","21111.01","Meat of cattle with the bone, fresh or chilled","2022","2022","t","82640","A","Official value",""
"QCL","Crops and livestock products","642","Romania","5510","Production","21111.01","Meat of cattle with the bone, fresh or chilled","2023","2023","t","78060","A","Official value",""
"QCL","Crops and livestock products","642","Romania","5510","Production","21111.01","Meat of cattle with the bone, fresh or chilled","2024","2024","t","75780","A","Official value",""
"QCL","Crops and livestock products","643","Russian Federation","5510","Production","21111.01","Meat of cattle with the bone, fresh or chilled","2005","2005","t","1809200","A","Official value",""
"QCL","Crops and livestock products","643","Russian Federation","5510","Production","21111.01","Meat of cattle with the bone, fresh or chilled","2006","2006","t","1721500","A","Official value",""
"QCL","Crops and livestock products","643","Russian Federation","5510","Production","21111.01","Meat of cattle with the bone, fresh or chilled","2007","2007","t","1699200","A","Official value",""
"QCL","Crops and livestock products","643","Russian Federation","5510","Production","21111.01","Meat of cattle with the bone, fresh or chilled","2008","2008","t","1768716","A","Official value",""
"QCL","Crops and livestock products","643","Russian Federation","5510","Production","21111.01","Meat of cattle with the bone, fresh or chilled","2009","2009","t","1740628","A","Official value",""
"QCL","Crops and livestock products","643","Russian Federation","5510","Production","21111.01","Meat of cattle with the bone, fresh or chilled","2010","2010","t","1727311","A","Official value",""
"QCL","Crops and livestock products","643","Russian Federation","5510","Production","21111.01","Meat of cattle with the bone, fresh or chilled","2011","2011","t","1625469","A","Official value",""
"QCL","Crops and livestock products","643","Russian Federation","5510","Production","21111.01","Meat of cattle with the bone, fresh or chilled","2012","2012","t","1641519","A","Official value",""
"QCL","Crops and livestock products","643","Russian Federation","5510","Production","21111.01","Meat of cattle with the bone, fresh or chilled","2013","2013","t","1633258","A","Official value",""
"QCL","Crops and livestock products","643","Russian Federation","5510","Production","21111.01","Meat of cattle with the bone, fresh or chilled","2014","2014","t","1654135","A","Official value",""
"QCL","Crops and livestock products","643","Russian Federation","5510","Production","21111.01","Meat of cattle with the bone, fresh or chilled","2015","2015","t","1649373","A","Official value",""
"QCL","Crops and livestock products","643","Russian Federation","5510","Production","21111.01","Meat of cattle with the bone, fresh or chilled","2016","2016","t","1588769","A","Official value",""
"QCL","Crops and livestock products","643","Russian Federation","5510","Production","21111.01","Meat of cattle with the bone, fresh or chilled","2017","2017","t","1569267","A","Official value",""
"QCL","Crops and livestock products","643","Russian Federation","5510","Production","21111.01","Meat of cattle with the bone, fresh or chilled","2018","2018","t","1608136","A","Official value",""
"QCL","Crops and livestock products","643","Russian Federation","5510","Production","21111.01","Meat of cattle with the bone, fresh or chilled","2019","2019","t","1625163","A","Official value",""
"QCL","Crops and livestock products","643","Russian Federation","5510","Production","21111.01","Meat of cattle with the bone, fresh or chilled","2020","2020","t","1633742","A","Official value",""
"QCL","Crops and livestock products","643","Russian Federation","5510","Production","21111.01","Meat of cattle with the bone, fresh or chilled","2021","2021","t","1673546","A","Official value",""
"QCL","Crops and livestock products","643","Russian Federation","5510","Production","21111.01","Meat of cattle with the bone, fresh or chilled","2022","2022","t","1620730","A","Official value",""
"QCL","Crops and livestock products","643","Russian Federation","5510","Production","21111.01","Meat of cattle with the bone, fresh or chilled","2023","2023","t","1659600","A","Official value",""
"QCL","Crops and livestock products","643","Russian Federation","5510","Production","21111.01","Meat of cattle with the bone, fresh or chilled","2024","2024","t","1692987.76","I","Value imputed by a receiving agency",""
"QCL","Crops and livestock products","646","Rwanda","5510","Production","21111.01","Meat of cattle with the bone, fresh or chilled","2005","2005","t","23920","E","Estimated value",""
"QCL","Crops and livestock products","646","Rwanda","5510","Production","21111.01","Meat of cattle with the bone, fresh or chilled","2006","2006","t","28600","E","Estimated value",""
"QCL","Crops and livestock products","646","Rwanda","5510","Production","21111.01","Meat of cattle with the bone, fresh or chilled","2007","2007","t","31200","E","Estimated value",""
"QCL","Crops and livestock products","646","Rwanda","5510","Production","21111.01","Meat of cattle with the bone, fresh or chilled","2008","2008","t","36920","E","Estimated value",""
"QCL","Crops and livestock products","646","Rwanda","5510","Production","21111.01","Meat of cattle with the bone, fresh or chilled","2009","2009","t","35360","E","Estimated value",""
"QCL","Crops and livestock products","646","Rwanda","5510","Production","21111.01","Meat of cattle with the bone, fresh or chilled","2010","2010","t","27538","A","Official value",""
"QCL","Crops and livestock products","646","Rwanda","5510","Production","21111.01","Meat of cattle with the bone, fresh or chilled","2011","2011","t","28311","A","Official value",""
"QCL","Crops and livestock products","646","Rwanda","5510","Production","21111.01","Meat of cattle with the bone, fresh or chilled","2012","2012","t","29021","A","Official value",""
"QCL","Crops and livestock products","646","Rwanda","5510","Production","21111.01","Meat of cattle with the bone, fresh or chilled","2013","2013","t","29807","A","Official value",""
"QCL","Crops and livestock products","646","Rwanda","5510","Production","21111.01","Meat of cattle with the bone, fresh or chilled","2014","2014","t","32209","A","Official value",""
"QCL","Crops and livestock products","646","Rwanda","5510","Production","21111.01","Meat of cattle with the bone, fresh or chilled","2015","2015","t","36581.98","I","Value imputed by a receiving agency",""
"QCL","Crops and livestock products","646","Rwanda","5510","Production","21111.01","Meat of cattle with the bone, fresh or chilled","2016","2016","t","32005.6","I","Value imputed by a receiving agency",""
"QCL","Crops and livestock products","646","Rwanda","5510","Production","21111.01","Meat of cattle with the bone, fresh or chilled","2017","2017","t","29720.35","I","Value imputed by a receiving agency",""
"QCL","Crops and livestock products","646","Rwanda","5510","Production","21111.01","Meat of cattle with the bone, fresh or chilled","2018","2018","t","33087.52","I","Value imputed by a receiving agency",""
"QCL","Crops and livestock products","646","Rwanda","5510","Production","21111.01","Meat of cattle with the bone, fresh or chilled","2019","2019","t","35850.62","I","Value imputed by a receiving agency",""
"QCL","Crops and livestock products","646","Rwanda","5510","Production","21111.01","Meat of cattle with the bone, fresh or chilled","2020","2020","t","41392.35","I","Value imputed by a receiving agency",""
"QCL","Crops and livestock products","646","Rwanda","5510","Production","21111.01","Meat of cattle with the bone, fresh or chilled","2021","2021","t","39608.42","I","Value imputed by a receiving agency",""
"QCL","Crops and livestock products","646","Rwanda","5510","Production","21111.01","Meat of cattle with the bone, fresh or chilled","2022","2022","t","38100.09","I","Value imputed by a receiving agency",""
"QCL","Crops and livestock products","646","Rwanda","5510","Production","21111.01","Meat of cattle with the bone, fresh or chilled","2023","2023","t","39227.41","I","Value imputed by a receiving agency",""
"QCL","Crops and livestock products","646","Rwanda","5510","Production","21111.01","Meat of cattle with the bone, fresh or chilled","2024","2024","t","42094.2","I","Value imputed by a receiving agency",""
"QCL","Crops and livestock products","659","Saint Kitts and Nevis","5510","Production","21111.01","Meat of cattle with the bone, fresh or chilled","2005","2005","t","93.22","E","Estimated value",""
"QCL","Crops and livestock products","659","Saint Kitts and Nevis","5510","Production","21111.01","Meat of cattle with the bone, fresh or chilled","2006","2006","t","60.2","A","Official value",""
"QCL","Crops and livestock products","659","Saint Kitts and Nevis","5510","Production","21111.01","Meat of cattle with the bone, fresh or chilled","2007","2007","t","90.4","A","Official value",""
"QCL","Crops and livestock products","659","Saint Kitts and Nevis","5510","Production","21111.01","Meat of cattle with the bone, fresh or chilled","2008","2008","t","118.7","A","Official value",""
"QCL","Crops and livestock products","659","Saint Kitts and Nevis","5510","Production","21111.01","Meat of cattle with the bone, fresh or chilled","2009","2009","t","105","A","Official value",""
"QCL","Crops and livestock products","659","Saint Kitts and Nevis","5510","Production","21111.01","Meat of cattle with the bone, fresh or chilled","2010","2010","t","98","A","Official value",""
"QCL","Crops and livestock products","659","Saint Kitts and Nevis","5510","Production","21111.01","Meat of cattle with the bone, fresh or chilled","2011","2011","t","78","A","Official value",""
"QCL","Crops and livestock products","659","Saint Kitts and Nevis","5510","Production","21111.01","Meat of cattle with the bone, fresh or chilled","2012","2012","t","61.45","A","Official value",""
"QCL","Crops and livestock products","659","Saint Kitts and Nevis","5510","Production","21111.01","Meat of cattle with the bone, fresh or chilled","2013","2013","t","50.9","A","Official value",""
"QCL","Crops and livestock products","659","Saint Kitts and Nevis","5510","Production","21111.01","Meat of cattle with the bone, fresh or chilled","2014","2014","t","49","A","Official value",""
"QCL","Crops and livestock products","659","Saint Kitts and Nevis","5510","Production","21111.01","Meat of cattle with the bone, fresh or chilled","2015","2015","t","51.02","A","Official value",""
"QCL","Crops and livestock products","659","Saint Kitts and Nevis","5510","Production","21111.01","Meat of cattle with the bone, fresh or chilled","2016","2016","t","46","E","Estimated value",""
"QCL","Crops and livestock products","659","Saint Kitts and Nevis","5510","Production","21111.01","Meat of cattle with the bone, fresh or chilled","2017","2017","t","48.55","A","Official value",""
"QCL","Crops and livestock products","659","Saint Kitts and Nevis","5510","Production","21111.01","Meat of cattle with the bone, fresh or chilled","2018","2018","t","51.2","A","Official value",""
"QCL","Crops and livestock products","659","Saint Kitts and Nevis","5510","Production","21111.01","Meat of cattle with the bone, fresh or chilled","2019","2019","t","54.96","A","Official value",""
"QCL","Crops and livestock products","659","Saint Kitts and Nevis","5510","Production","21111.01","Meat of cattle with the bone, fresh or chilled","2020","2020","t","45","A","Official value",""
"QCL","Crops and livestock products","659","Saint Kitts and Nevis","5510","Production","21111.01","Meat of cattle with the bone, fresh or chilled","2021","2021","t","43.15","I","Value imputed by a receiving agency",""
"QCL","Crops and livestock products","659","Saint Kitts and Nevis","5510","Production","21111.01","Meat of cattle with the bone, fresh or chilled","2022","2022","t","43.3","I","Value imputed by a receiving agency",""
"QCL","Crops and livestock products","659","Saint Kitts and Nevis","5510","Production","21111.01","Meat of cattle with the bone, fresh or chilled","2023","2023","t","48","A","Official value",""
"QCL","Crops and livestock products","659","Saint Kitts and Nevis","5510","Production","21111.01","Meat of cattle with the bone, fresh or chilled","2024","2024","t","42.73","I","Value imputed by a receiving agency",""
"QCL","Crops and livestock products","662","Saint Lucia","5510","Production","21111.01","Meat of cattle with the bone, fresh or chilled","2005","2005","t","418.6","E","Estimated value",""
"QCL","Crops and livestock products","662","Saint Lucia","5510","Production","21111.01","Meat of cattle with the bone, fresh or chilled","2006","2006","t","436.8","E","Estimated value",""
"QCL","Crops and livestock products","662","Saint Lucia","5510","Production","21111.01","Meat of cattle with the bone, fresh or chilled","2007","2007","t","436.8","E","Estimated value",""
"QCL","Crops and livestock products","662","Saint Lucia","5510","Production","21111.01","Meat of cattle with the bone, fresh or chilled","2008","2008","t","455","E","Estimated value",""
"QCL","Crops and livestock products","662","Saint Lucia","5510","Production","21111.01","Meat of cattle with the bone, fresh or chilled","2009","2009","t","455","E","Estimated value",""
"QCL","Crops and livestock products","662","Saint Lucia","5510","Production","21111.01","Meat of cattle with the bone, fresh or chilled","2010","2010","t","455","E","Estimated value",""
"QCL","Crops and livestock products","662","Saint Lucia","5510","Production","21111.01","Meat of cattle with the bone, fresh or chilled","2011","2011","t","455","E","Estimated value",""
"QCL","Crops and livestock products","662","Saint Lucia","5510","Production","21111.01","Meat of cattle with the bone, fresh or chilled","2012","2012","t","436.46","I","Value imputed by a receiving agency",""
"QCL","Crops and livestock products","662","Saint Lucia","5510","Production","21111.01","Meat of cattle with the bone, fresh or chilled","2013","2013","t","431.82","I","Value imputed by a receiving agency",""
"QCL","Crops and livestock products","662","Saint Lucia","5510","Production","21111.01","Meat of cattle with the bone, fresh or chilled","2014","2014","t","434.03","I","Value imputed by a receiving agency",""
"QCL","Crops and livestock products","662","Saint Lucia","5510","Production","21111.01","Meat of cattle with the bone, fresh or chilled","2015","2015","t","430.77","I","Value imputed by a receiving agency",""
"QCL","Crops and livestock products","662","Saint Lucia","5510","Production","21111.01","Meat of cattle with the bone, fresh or chilled","2016","2016","t","426.83","I","Value imputed by a receiving agency",""
"QCL","Crops and livestock products","662","Saint Lucia","5510","Production","21111.01","Meat of cattle with the bone, fresh or chilled","2017","2017","t","419.85","I","Value imputed by a receiving agency",""
"QCL","Crops and livestock products","662","Saint Lucia","5510","Production","21111.01","Meat of cattle with the bone, fresh or chilled","2018","2018","t","417","I","Value imputed by a receiving agency",""
"QCL","Crops and livestock products","662","Saint Lucia","5510","Production","21111.01","Meat of cattle with the bone, fresh or chilled","2019","2019","t","411.78","I","Value imputed by a receiving agency",""
"QCL","Crops and livestock products","662","Saint Lucia","5510","Production","21111.01","Meat of cattle with the bone, fresh or chilled","2020","2020","t","405.79","I","Value imputed by a receiving agency",""
"QCL","Crops and livestock products","662","Saint Lucia","5510","Production","21111.01","Meat of cattle with the bone, fresh or chilled","2021","2021","t","407.35","I","Value imputed by a receiving agency",""
"QCL","Crops and livestock products","662","Saint Lucia","5510","Production","21111.01","Meat of cattle with the bone, fresh or chilled","2022","2022","t","407.24","I","Value imputed by a receiving agency",""
"QCL","Crops and livestock products","662","Saint Lucia","5510","Production","21111.01","Meat of cattle with the bone, fresh or chilled","2023","2023","t","405.48","I","Value imputed by a receiving agency",""
"QCL","Crops and livestock products","662","Saint Lucia","5510","Production","21111.01","Meat of cattle with the bone, fresh or chilled","2024","2024","t","403.73","I","Value imputed by a receiving agency",""
"QCL","Crops and livestock products","670","Saint Vincent and the Grenadines","5510","Production","21111.01","Meat of cattle with the bone, fresh or chilled","2005","2005","t","182.45","E","Estimated value",""
"QCL","Crops and livestock products","670","Saint Vincent and the Grenadines","5510","Production","21111.01","Meat of cattle with the bone, fresh or chilled","2006","2006","t","181","E","Estimated value",""
"QCL","Crops and livestock products","670","Saint Vincent and the Grenadines","5510","Production","21111.01","Meat of cattle with the bone, fresh or chilled","2007","2007","t","199.1","E","Estimated value",""
"QCL","Crops and livestock products","670","Saint Vincent and the Grenadines","5510","Production","21111.01","Meat of cattle with the bone, fresh or chilled","2008","2008","t","199.1","E","Estimated value",""
"QCL","Crops and livestock products","670","Saint Vincent and the Grenadines","5510","Production","21111.01","Meat of cattle with the bone, fresh or chilled","2009","2009","t","208.15","E","Estimated value",""
"QCL","Crops and livestock products","670","Saint Vincent and the Grenadines","5510","Production","21111.01","Meat of cattle with the bone, fresh or chilled","2010","2010","t","213","A","Official value",""
"QCL","Crops and livestock products","670","Saint Vincent and the Grenadines","5510","Production","21111.01","Meat of cattle with the bone, fresh or chilled","2011","2011","t","220","A","Official value",""
"QCL","Crops and livestock products","670","Saint Vincent and the Grenadines","5510","Production","21111.01","Meat of cattle with the bone, fresh or chilled","2012","2012","t","208","A","Official value",""
"QCL","Crops and livestock products","670","Saint Vincent and the Grenadines","5510","Production","21111.01","Meat of cattle with the bone, fresh or chilled","2013","2013","t","206","A","Official value",""
"QCL","Crops and livestock products","670","Saint Vincent and the Grenadines","5510","Production","21111.01","Meat of cattle with the bone, fresh or chilled","2014","2014","t","212","A","Official value",""
"QCL","Crops and livestock products","670","Saint Vincent and the Grenadines","5510","Production","21111.01","Meat of cattle with the bone, fresh or chilled","2015","2015","t","213","A","Official value",""
"QCL","Crops and livestock products","670","Saint Vincent and the Grenadines","5510","Production","21111.01","Meat of cattle with the bone, fresh or chilled","2016","2016","t","201","A","Official value",""
"QCL","Crops and livestock products","670","Saint Vincent and the Grenadines","5510","Production","21111.01","Meat of cattle with the bone, fresh or chilled","2017","2017","t","202","A","Official value",""
"QCL","Crops and livestock products","670","Saint Vincent and the Grenadines","5510","Production","21111.01","Meat of cattle with the bone, fresh or chilled","2018","2018","t","207","A","Official value",""
"QCL","Crops and livestock products","670","Saint Vincent and the Grenadines","5510","Production","21111.01","Meat of cattle with the bone, fresh or chilled","2019","2019","t","172.33","I","Value imputed by a receiving agency",""
"QCL","Crops and livestock products","670","Saint Vincent and the Grenadines","5510","Production","21111.01","Meat of cattle with the bone, fresh or chilled","2020","2020","t","191.1","I","Value imputed by a receiving agency",""
"QCL","Crops and livestock products","670","Saint Vincent and the Grenadines","5510","Production","21111.01","Meat of cattle with the bone, fresh or chilled","2021","2021","t","149","A","Official value",""
"QCL","Crops and livestock products","670","Saint Vincent and the Grenadines","5510","Production","21111.01","Meat of cattle with the bone, fresh or chilled","2022","2022","t","236","A","Official value",""
"QCL","Crops and livestock products","670","Saint Vincent and the Grenadines","5510","Production","21111.01","Meat of cattle with the bone, fresh or chilled","2023","2023","t","209","A","Official value",""
"QCL","Crops and livestock products","670","Saint Vincent and the Grenadines","5510","Production","21111.01","Meat of cattle with the bone, fresh or chilled","2024","2024","t","155","A","Official value",""
"QCL","Crops and livestock products","882","Samoa","5510","Production","21111.01","Meat of cattle with the bone, fresh or chilled","2005","2005","t","1100","E","Estimated value",""
"QCL","Crops and livestock products","882","Samoa","5510","Production","21111.01","Meat of cattle with the bone, fresh or chilled","2006","2006","t","1100","E","Estimated value",""
"QCL","Crops and livestock products","882","Samoa","5510","Production","21111.01","Meat of cattle with the bone, fresh or chilled","2007","2007","t","1100","E","Estimated value",""
"QCL","Crops and livestock products","882","Samoa","5510","Production","21111.01","Meat of cattle with the bone, fresh or chilled","2008","2008","t","1100","E","Estimated value",""
"QCL","Crops and livestock products","882","Samoa","5510","Production","21111.01","Meat of cattle with the bone, fresh or chilled","2009","2009","t","1285.82","I","Value imputed by a receiving agency",""
"QCL","Crops and livestock products","882","Samoa","5510","Production","21111.01","Meat of cattle with the bone, fresh or chilled","2010","2010","t","1335.98","I","Value imputed by a receiving agency",""
"QCL","Crops and livestock products","882","Samoa","5510","Production","21111.01","Meat of cattle with the bone, fresh or chilled","2011","2011","t","1408.35","I","Value imputed by a receiving agency",""
"QCL","Crops and livestock products","882","Samoa","5510","Production","21111.01","Meat of cattle with the bone, fresh or chilled","2012","2012","t","1423.57","I","Value imputed by a receiving agency",""
"QCL","Crops and livestock products","882","Samoa","5510","Production","21111.01","Meat of cattle with the bone, fresh or chilled","2013","2013","t","1337.4","I","Value imputed by a receiving agency",""
"QCL","Crops and livestock products","882","Samoa","5510","Production","21111.01","Meat of cattle with the bone, fresh or chilled","2014","2014","t","1273.98","I","Value imputed by a receiving agency",""
"QCL","Crops and livestock products","882","Samoa","5510","Production","21111.01","Meat of cattle with the bone, fresh or chilled","2015","2015","t","1369.67","I","Value imputed by a receiving agency",""
"QCL","Crops and livestock products","882","Samoa","5510","Production","21111.01","Meat of cattle with the bone, fresh or chilled","2016","2016","t","1715.17","I","Value imputed by a receiving agency",""
"QCL","Crops and livestock products","882","Samoa","5510","Production","21111.01","Meat of cattle with the bone, fresh or chilled","2017","2017","t","1644.11","I","Value imputed by a receiving agency",""
"QCL","Crops and livestock products","882","Samoa","5510","Production","21111.01","Meat of cattle with the bone, fresh or chilled","2018","2018","t","1495.2","I","Value imputed by a receiving agency",""
"QCL","Crops and livestock products","882","Samoa","5510","Production","21111.01","Meat of cattle with the bone, fresh or chilled","2019","2019","t","1283.84","I","Value imputed by a receiving agency",""
"QCL","Crops and livestock products","882","Samoa","5510","Production","21111.01","Meat of cattle with the bone, fresh or chilled","2020","2020","t","1183.46","I","Value imputed by a receiving agency",""
"QCL","Crops and livestock products","882","Samoa","5510","Production","21111.01","Meat of cattle with the bone, fresh or chilled","2021","2021","t","1388.06","I","Value imputed by a receiving agency",""
"QCL","Crops and livestock products","882","Samoa","5510","Production","21111.01","Meat of cattle with the bone, fresh or chilled","2022","2022","t","1325","I","Value imputed by a receiving agency",""
"QCL","Crops and livestock products","882","Samoa","5510","Production","21111.01","Meat of cattle with the bone, fresh or chilled","2023","2023","t","1309.05","I","Value imputed by a receiving agency",""
"QCL","Crops and livestock products","882","Samoa","5510","Production","21111.01","Meat of cattle with the bone, fresh or chilled","2024","2024","t","1293.19","I","Value imputed by a receiving agency",""
"QCL","Crops and livestock products","678","Sao Tome and Principe","5510","Production","21111.01","Meat of cattle with the bone, fresh or chilled","2005","2005","t","125","E","Estimated value",""
"QCL","Crops and livestock products","678","Sao Tome and Principe","5510","Production","21111.01","Meat of cattle with the bone, fresh or chilled","2006","2006","t","120","X","Value from external organization","Unofficial figure"
"QCL","Crops and livestock products","678","Sao Tome and Principe","5510","Production","21111.01","Meat of cattle with the bone, fresh or chilled","2007","2007","t","128","E","Estimated value",""
"QCL","Crops and livestock products","678","Sao Tome and Principe","5510","Production","21111.01","Meat of cattle with the bone, fresh or chilled","2008","2008","t","128","E","Estimated value",""
"QCL","Crops and livestock products","678","Sao Tome and Principe","5510","Production","21111.01","Meat of cattle with the bone, fresh or chilled","2009","2009","t","132","E","Estimated value",""
"QCL","Crops and livestock products","678","Sao Tome and Principe","5510","Production","21111.01","Meat of cattle with the bone, fresh or chilled","2010","2010","t","134","A","Official value",""
"QCL","Crops and livestock products","678","Sao Tome and Principe","5510","Production","21111.01","Meat of cattle with the bone, fresh or chilled","2011","2011","t","137","E","Estimated value",""
"QCL","Crops and livestock products","678","Sao Tome and Principe","5510","Production","21111.01","Meat of cattle with the bone, fresh or chilled","2012","2012","t","140","E","Estimated value",""
"QCL","Crops and livestock products","678","Sao Tome and Principe","5510","Production","21111.01","Meat of cattle with the bone, fresh or chilled","2013","2013","t","144","E","Estimated value",""
"QCL","Crops and livestock products","678","Sao Tome and Principe","5510","Production","21111.01","Meat of cattle with the bone, fresh or chilled","2014","2014","t","167.04","I","Value imputed by a receiving agency",""
"QCL","Crops and livestock products","678","Sao Tome and Principe","5510","Production","21111.01","Meat of cattle with the bone, fresh or chilled","2015","2015","t","167.19","I","Value imputed by a receiving agency",""
"QCL","Crops and livestock products","678","Sao Tome and Principe","5510","Production","21111.01","Meat of cattle with the bone, fresh or chilled","2016","2016","t","217.52","I","Value imputed by a receiving agency",""
"QCL","Crops and livestock products","678","Sao Tome and Principe","5510","Production","21111.01","Meat of cattle with the bone, fresh or chilled","2017","2017","t","195.4","E","Estimated value",""
"QCL","Crops and livestock products","678","Sao Tome and Principe","5510","Production","21111.01","Meat of cattle with the bone, fresh or chilled","2018","2018","t","213.17","E","Estimated value",""
"QCL","Crops and livestock products","678","Sao Tome and Principe","5510","Production","21111.01","Meat of cattle with the bone, fresh or chilled","2019","2019","t","222","E","Estimated value",""
"QCL","Crops and livestock products","678","Sao Tome and Principe","5510","Production","21111.01","Meat of cattle with the bone, fresh or chilled","2020","2020","t","228.26","E","Estimated value",""
"QCL","Crops and livestock products","678","Sao Tome and Principe","5510","Production","21111.01","Meat of cattle with the bone, fresh or chilled","2021","2021","t","256.47","E","Estimated value",""
"QCL","Crops and livestock products","678","Sao Tome and Principe","5510","Production","21111.01","Meat of cattle with the bone, fresh or chilled","2022","2022","t","289.98","E","Estimated value",""
"QCL","Crops and livestock products","678","Sao Tome and Principe","5510","Production","21111.01","Meat of cattle with the bone, fresh or chilled","2023","2023","t","391.33","I","Value imputed by a receiving agency",""
"QCL","Crops and livestock products","678","Sao Tome and Principe","5510","Production","21111.01","Meat of cattle with the bone, fresh or chilled","2024","2024","t","420.21","I","Value imputed by a receiving agency",""
"QCL","Crops and livestock products","682","Saudi Arabia","5510","Production","21111.01","Meat of cattle with the bone, fresh or chilled","2005","2005","t","22400","A","Official value",""
"QCL","Crops and livestock products","682","Saudi Arabia","5510","Production","21111.01","Meat of cattle with the bone, fresh or chilled","2006","2006","t","24000","E","Estimated value",""
"QCL","Crops and livestock products","682","Saudi Arabia","5510","Production","21111.01","Meat of cattle with the bone, fresh or chilled","2007","2007","t","29000","E","Estimated value",""
"QCL","Crops and livestock products","682","Saudi Arabia","5510","Production","21111.01","Meat of cattle with the bone, fresh or chilled","2008","2008","t","29000","E","Estimated value",""
"QCL","Crops and livestock products","682","Saudi Arabia","5510","Production","21111.01","Meat of cattle with the bone, fresh or chilled","2009","2009","t","42100","E","Estimated value",""
"QCL","Crops and livestock products","682","Saudi Arabia","5510","Production","21111.01","Meat of cattle with the bone, fresh or chilled","2010","2010","t","44000","E","Estimated value",""
"QCL","Crops and livestock products","682","Saudi Arabia","5510","Production","21111.01","Meat of cattle with the bone, fresh or chilled","2011","2011","t","43600","E","Estimated value",""
"QCL","Crops and livestock products","682","Saudi Arabia","5510","Production","21111.01","Meat of cattle with the bone, fresh or chilled","2012","2012","t","51000","E","Estimated value",""
"QCL","Crops and livestock products","682","Saudi Arabia","5510","Production","21111.01","Meat of cattle with the bone, fresh or chilled","2013","2013","t","52000","E","Estimated value",""
"QCL","Crops and livestock products","682","Saudi Arabia","5510","Production","21111.01","Meat of cattle with the bone, fresh or chilled","2014","2014","t","31000","A","Official value",""
"QCL","Crops and livestock products","682","Saudi Arabia","5510","Production","21111.01","Meat of cattle with the bone, fresh or chilled","2015","2015","t","31000","A","Official value",""
"QCL","Crops and livestock products","682","Saudi Arabia","5510","Production","21111.01","Meat of cattle with the bone, fresh or chilled","2016","2016","t","33000","A","Official value",""
"QCL","Crops and livestock products","682","Saudi Arabia","5510","Production","21111.01","Meat of cattle with the bone, fresh or chilled","2017","2017","t","34000","A","Official value",""
"QCL","Crops and livestock products","682","Saudi Arabia","5510","Production","21111.01","Meat of cattle with the bone, fresh or chilled","2018","2018","t","36000","A","Official value",""
"QCL","Crops and livestock products","682","Saudi Arabia","5510","Production","21111.01","Meat of cattle with the bone, fresh or chilled","2019","2019","t","38000","A","Official value",""
"QCL","Crops and livestock products","682","Saudi Arabia","5510","Production","21111.01","Meat of cattle with the bone, fresh or chilled","2020","2020","t","40000","A","Official value",""
"QCL","Crops and livestock products","682","Saudi Arabia","5510","Production","21111.01","Meat of cattle with the bone, fresh or chilled","2021","2021","t","40000","X","Value from external organization","Unofficial figure"
"QCL","Crops and livestock products","682","Saudi Arabia","5510","Production","21111.01","Meat of cattle with the bone, fresh or chilled","2022","2022","t","42000","X","Value from external organization","Unofficial figure"
"QCL","Crops and livestock products","682","Saudi Arabia","5510","Production","21111.01","Meat of cattle with the bone, fresh or chilled","2023","2023","t","42000","X","Value from external organization","Unofficial figure"
"QCL","Crops and livestock products","682","Saudi Arabia","5510","Production","21111.01","Meat of cattle with the bone, fresh or chilled","2024","2024","t","43000","X","Value from external organization","Unofficial figure"
"QCL","Crops and livestock products","686","Senegal","5510","Production","21111.01","Meat of cattle with the bone, fresh or chilled","2005","2005","t","47196","A","Official value",""
"QCL","Crops and livestock products","686","Senegal","5510","Production","21111.01","Meat of cattle with the bone, fresh or chilled","2006","2006","t","50004","A","Official value",""
"QCL","Crops and livestock products","686","Senegal","5510","Production","21111.01","Meat of cattle with the bone, fresh or chilled","2007","2007","t","39472","A","Official value",""
"QCL","Crops and livestock products","686","Senegal","5510","Production","21111.01","Meat of cattle with the bone, fresh or chilled","2008","2008","t","52366","A","Official value",""
"QCL","Crops and livestock products","686","Senegal","5510","Production","21111.01","Meat of cattle with the bone, fresh or chilled","2009","2009","t","59464","A","Official value",""
"QCL","Crops and livestock products","686","Senegal","5510","Production","21111.01","Meat of cattle with the bone, fresh or chilled","2010","2010","t","61079","A","Official value",""
"QCL","Crops and livestock products","686","Senegal","5510","Production","21111.01","Meat of cattle with the bone, fresh or chilled","2011","2011","t","65052","A","Official value",""
"QCL","Crops and livestock products","686","Senegal","5510","Production","21111.01","Meat of cattle with the bone, fresh or chilled","2012","2012","t","76927","A","Official value",""
"QCL","Crops and livestock products","686","Senegal","5510","Production","21111.01","Meat of cattle with the bone, fresh or chilled","2013","2013","t","79533","A","Official value",""
"QCL","Crops and livestock products","686","Senegal","5510","Production","21111.01","Meat of cattle with the bone, fresh or chilled","2014","2014","t","74516","A","Official value",""
"QCL","Crops and livestock products","686","Senegal","5510","Production","21111.01","Meat of cattle with the bone, fresh or chilled","2015","2015","t","70164.65","I","Value imputed by a receiving agency",""
"QCL","Crops and livestock products","686","Senegal","5510","Production","21111.01","Meat of cattle with the bone, fresh or chilled","2016","2016","t","70530.72","I","Value imputed by a receiving agency",""
"QCL","Crops and livestock products","686","Senegal","5510","Production","21111.01","Meat of cattle with the bone, fresh or chilled","2017","2017","t","75263","A","Official value",""
"QCL","Crops and livestock products","686","Senegal","5510","Production","21111.01","Meat of cattle with the bone, fresh or chilled","2018","2018","t","76450.75","A","Official value",""
"QCL","Crops and livestock products","686","Senegal","5510","Production","21111.01","Meat of cattle with the bone, fresh or chilled","2019","2019","t","79755.3","A","Official value",""
"QCL","Crops and livestock products","686","Senegal","5510","Production","21111.01","Meat of cattle with the bone, fresh or chilled","2020","2020","t","87490.14","A","Official value",""
"QCL","Crops and livestock products","686","Senegal","5510","Production","21111.01","Meat of cattle with the bone, fresh or chilled","2021","2021","t","87750","A","Official value",""
"QCL","Crops and livestock products","686","Senegal","5510","Production","21111.01","Meat of cattle with the bone, fresh or chilled","2022","2022","t","90051","A","Official value",""
"QCL","Crops and livestock products","686","Senegal","5510","Production","21111.01","Meat of cattle with the bone, fresh or chilled","2023","2023","t","84774.55","I","Value imputed by a receiving agency",""
"QCL","Crops and livestock products","686","Senegal","5510","Production","21111.01","Meat of cattle with the bone, fresh or chilled","2024","2024","t","79495.9","I","Value imputed by a receiving agency",""
"QCL","Crops and livestock products","688","Serbia","5510","Production","21111.01","Meat of cattle with the bone, fresh or chilled","2006","2006","t","83482","A","Official value",""
"QCL","Crops and livestock products","688","Serbia","5510","Production","21111.01","Meat of cattle with the bone, fresh or chilled","2007","2007","t","94593","A","Official value",""
"QCL","Crops and livestock products","688","Serbia","5510","Production","21111.01","Meat of cattle with the bone, fresh or chilled","2008","2008","t","98676","A","Official value",""
"QCL","Crops and livestock products","688","Serbia","5510","Production","21111.01","Meat of cattle with the bone, fresh or chilled","2009","2009","t","99987","A","Official value",""
"QCL","Crops and livestock products","688","Serbia","5510","Production","21111.01","Meat of cattle with the bone, fresh or chilled","2010","2010","t","95587","A","Official value",""
"QCL","Crops and livestock products","688","Serbia","5510","Production","21111.01","Meat of cattle with the bone, fresh or chilled","2011","2011","t","80645","A","Official value",""
"QCL","Crops and livestock products","688","Serbia","5510","Production","21111.01","Meat of cattle with the bone, fresh or chilled","2012","2012","t","78508","A","Official value",""
"QCL","Crops and livestock products","688","Serbia","5510","Production","21111.01","Meat of cattle with the bone, fresh or chilled","2013","2013","t","68467","A","Official value",""
"QCL","Crops and livestock products","688","Serbia","5510","Production","21111.01","Meat of cattle with the bone, fresh or chilled","2014","2014","t","73492","A","Official value",""
"QCL","Crops and livestock products","688","Serbia","5510","Production","21111.01","Meat of cattle with the bone, fresh or chilled","2015","2015","t","66032","A","Official value",""
"QCL","Crops and livestock products","688","Serbia","5510","Production","21111.01","Meat of cattle with the bone, fresh or chilled","2016","2016","t","71014","A","Official value",""
"QCL","Crops and livestock products","688","Serbia","5510","Production","21111.01","Meat of cattle with the bone, fresh or chilled","2017","2017","t","62033","A","Official value",""
"QCL","Crops and livestock products","688","Serbia","5510","Production","21111.01","Meat of cattle with the bone, fresh or chilled","2018","2018","t","71158","A","Official value",""
"QCL","Crops and livestock products","688","Serbia","5510","Production","21111.01","Meat of cattle with the bone, fresh or chilled","2019","2019","t","65008","A","Official value",""
"QCL","Crops and livestock products","688","Serbia","5510","Production","21111.01","Meat of cattle with the bone, fresh or chilled","2020","2020","t","66926","A","Official value",""
"QCL","Crops and livestock products","688","Serbia","5510","Production","21111.01","Meat of cattle with the bone, fresh or chilled","2021","2021","t","69785","A","Official value",""
"QCL","Crops and livestock products","688","Serbia","5510","Production","21111.01","Meat of cattle with the bone, fresh or chilled","2022","2022","t","74044","A","Official value",""
"QCL","Crops and livestock products","688","Serbia","5510","Production","21111.01","Meat of cattle with the bone, fresh or chilled","2023","2023","t","74989","A","Official value",""
"QCL","Crops and livestock products","688","Serbia","5510","Production","21111.01","Meat of cattle with the bone, fresh or chilled","2024","2024","t","75048","A","Official value",""
"QCL","Crops and livestock products","891","Serbia and Montenegro","5510","Production","21111.01","Meat of cattle with the bone, fresh or chilled","2005","2005","t","156000","A","Official value",""
"QCL","Crops and livestock products","690","Seychelles","5510","Production","21111.01","Meat of cattle with the bone, fresh or chilled","2005","2005","t","20","E","Estimated value",""
"QCL","Crops and livestock products","690","Seychelles","5510","Production","21111.01","Meat of cattle with the bone, fresh or chilled","2006","2006","t","13","E","Estimated value",""
"QCL","Crops and livestock products","690","Seychelles","5510","Production","21111.01","Meat of cattle with the bone, fresh or chilled","2007","2007","t","17","E","Estimated value",""
"QCL","Crops and livestock products","690","Seychelles","5510","Production","21111.01","Meat of cattle with the bone, fresh or chilled","2008","2008","t","12","E","Estimated value",""
"QCL","Crops and livestock products","690","Seychelles","5510","Production","21111.01","Meat of cattle with the bone, fresh or chilled","2009","2009","t","8","E","Estimated value",""
"QCL","Crops and livestock products","690","Seychelles","5510","Production","21111.01","Meat of cattle with the bone, fresh or chilled","2010","2010","t","6.99","A","Official value",""
"QCL","Crops and livestock products","690","Seychelles","5510","Production","21111.01","Meat of cattle with the bone, fresh or chilled","2011","2011","t","3","E","Estimated value",""
"QCL","Crops and livestock products","690","Seychelles","5510","Production","21111.01","Meat of cattle with the bone, fresh or chilled","2012","2012","t","5","E","Estimated value",""
"QCL","Crops and livestock products","690","Seychelles","5510","Production","21111.01","Meat of cattle with the bone, fresh or chilled","2013","2013","t","10","E","Estimated value",""
"QCL","Crops and livestock products","690","Seychelles","5510","Production","21111.01","Meat of cattle with the bone, fresh or chilled","2014","2014","t","14","E","Estimated value",""
"QCL","Crops and livestock products","690","Seychelles","5510","Production","21111.01","Meat of cattle with the bone, fresh or chilled","2015","2015","t","10.49","I","Value imputed by a receiving agency",""
"QCL","Crops and livestock products","690","Seychelles","5510","Production","21111.01","Meat of cattle with the bone, fresh or chilled","2016","2016","t","10.69","E","Estimated value",""
"QCL","Crops and livestock products","690","Seychelles","5510","Production","21111.01","Meat of cattle with the bone, fresh or chilled","2017","2017","t","10.62","E","Estimated value",""
"QCL","Crops and livestock products","690","Seychelles","5510","Production","21111.01","Meat of cattle with the bone, fresh or chilled","2018","2018","t","9.07","I","Value imputed by a receiving agency",""
"QCL","Crops and livestock products","690","Seychelles","5510","Production","21111.01","Meat of cattle with the bone, fresh or chilled","2019","2019","t","11.85","I","Value imputed by a receiving agency",""
"QCL","Crops and livestock products","690","Seychelles","5510","Production","21111.01","Meat of cattle with the bone, fresh or chilled","2020","2020","t","20","E","Estimated value",""
"QCL","Crops and livestock products","690","Seychelles","5510","Production","21111.01","Meat of cattle with the bone, fresh or chilled","2021","2021","t","30","E","Estimated value",""
"QCL","Crops and livestock products","690","Seychelles","5510","Production","21111.01","Meat of cattle with the bone, fresh or chilled","2022","2022","t","17.59","I","Value imputed by a receiving agency",""
"QCL","Crops and livestock products","690","Seychelles","5510","Production","21111.01","Meat of cattle with the bone, fresh or chilled","2023","2023","t","11.19","I","Value imputed by a receiving agency",""
"QCL","Crops and livestock products","690","Seychelles","5510","Production","21111.01","Meat of cattle with the bone, fresh or chilled","2024","2024","t","17.05","I","Value imputed by a receiving agency",""
"QCL","Crops and livestock products","694","Sierra Leone","5510","Production","21111.01","Meat of cattle with the bone, fresh or chilled","2005","2005","t","4137.75","I","Value imputed by a receiving agency",""
"QCL","Crops and livestock products","694","Sierra Leone","5510","Production","21111.01","Meat of cattle with the bone, fresh or chilled","2006","2006","t","5490","E","Estimated value",""
"QCL","Crops and livestock products","694","Sierra Leone","5510","Production","21111.01","Meat of cattle with the bone, fresh or chilled","2007","2007","t","5362.81","I","Value imputed by a receiving agency",""
"QCL","Crops and livestock products","694","Sierra Leone","5510","Production","21111.01","Meat of cattle with the bone, fresh or chilled","2008","2008","t","6497.5","I","Value imputed by a receiving agency",""
"QCL","Crops and livestock products","694","Sierra Leone","5510","Production","21111.01","Meat of cattle with the bone, fresh or chilled","2009","2009","t","8500","E","Estimated value",""
"QCL","Crops and livestock products","694","Sierra Leone","5510","Production","21111.01","Meat of cattle with the bone, fresh or chilled","2010","2010","t","8804.68","I","Value imputed by a receiving agency",""
"QCL","Crops and livestock products","694","Sierra Leone","5510","Production","21111.01","Meat of cattle with the bone, fresh or chilled","2011","2011","t","9434.56","I","Value imputed by a receiving agency",""
"QCL","Crops and livestock products","694","Sierra Leone","5510","Production","21111.01","Meat of cattle with the bone, fresh or chilled","2012","2012","t","10041.82","I","Value imputed by a receiving agency",""
"QCL","Crops and livestock products","694","Sierra Leone","5510","Production","21111.01","Meat of cattle with the bone, fresh or chilled","2013","2013","t","10951.16","I","Value imputed by a receiving agency",""
"QCL","Crops and livestock products","694","Sierra Leone","5510","Production","21111.01","Meat of cattle with the bone, fresh or chilled","2014","2014","t","11523.73","I","Value imputed by a receiving agency",""
"QCL","Crops and livestock products","694","Sierra Leone","5510","Production","21111.01","Meat of cattle with the bone, fresh or chilled","2015","2015","t","10256.53","I","Value imputed by a receiving agency",""
"QCL","Crops and livestock products","694","Sierra Leone","5510","Production","21111.01","Meat of cattle with the bone, fresh or chilled","2016","2016","t","9514.49","I","Value imputed by a receiving agency",""
"QCL","Crops and livestock products","694","Sierra Leone","5510","Production","21111.01","Meat of cattle with the bone, fresh or chilled","2017","2017","t","9395.12","I","Value imputed by a receiving agency",""
"QCL","Crops and livestock products","694","Sierra Leone","5510","Production","21111.01","Meat of cattle with the bone, fresh or chilled","2018","2018","t","9766.32","I","Value imputed by a receiving agency",""
"QCL","Crops and livestock products","694","Sierra Leone","5510","Production","21111.01","Meat of cattle with the bone, fresh or chilled","2019","2019","t","10184.29","I","Value imputed by a receiving agency",""
"QCL","Crops and livestock products","694","Sierra Leone","5510","Production","21111.01","Meat of cattle with the bone, fresh or chilled","2020","2020","t","10041.55","I","Value imputed by a receiving agency",""
"QCL","Crops and livestock products","694","Sierra Leone","5510","Production","21111.01","Meat of cattle with the bone, fresh or chilled","2021","2021","t","11394.08","I","Value imputed by a receiving agency",""
"QCL","Crops and livestock products","694","Sierra Leone","5510","Production","21111.01","Meat of cattle with the bone, fresh or chilled","2022","2022","t","12658.96","I","Value imputed by a receiving agency",""
"QCL","Crops and livestock products","694","Sierra Leone","5510","Production","21111.01","Meat of cattle with the bone, fresh or chilled","2023","2023","t","11108.44","I","Value imputed by a receiving agency",""
"QCL","Crops and livestock products","694","Sierra Leone","5510","Production","21111.01","Meat of cattle with the bone, fresh or chilled","2024","2024","t","11276.86","I","Value imputed by a receiving agency",""
"QCL","Crops and livestock products","702","Singapore","5510","Production","21111.01","Meat of cattle with the bone, fresh or chilled","2005","2005","t","41","E","Estimated value",""
"QCL","Crops and livestock products","702","Singapore","5510","Production","21111.01","Meat of cattle with the bone, fresh or chilled","2006","2006","t","42","E","Estimated value",""
"QCL","Crops and livestock products","702","Singapore","5510","Production","21111.01","Meat of cattle with the bone, fresh or chilled","2007","2007","t","42","E","Estimated value",""
"QCL","Crops and livestock products","702","Singapore","5510","Production","21111.01","Meat of cattle with the bone, fresh or chilled","2008","2008","t","42","E","Estimated value",""
"QCL","Crops and livestock products","702","Singapore","5510","Production","21111.01","Meat of cattle with the bone, fresh or chilled","2009","2009","t","42","E","Estimated value",""
"QCL","Crops and livestock products","702","Singapore","5510","Production","21111.01","Meat of cattle with the bone, fresh or chilled","2010","2010","t","45","E","Estimated value",""
"QCL","Crops and livestock products","702","Singapore","5510","Production","21111.01","Meat of cattle with the bone, fresh or chilled","2011","2011","t","45","E","Estimated value",""
"QCL","Crops and livestock products","702","Singapore","5510","Production","21111.01","Meat of cattle with the bone, fresh or chilled","2012","2012","t","50","E","Estimated value",""
"QCL","Crops and livestock products","702","Singapore","5510","Production","21111.01","Meat of cattle with the bone, fresh or chilled","2013","2013","t","50","E","Estimated value",""
"QCL","Crops and livestock products","702","Singapore","5510","Production","21111.01","Meat of cattle with the bone, fresh or chilled","2014","2014","t","37.54","I","Value imputed by a receiving agency",""
"QCL","Crops and livestock products","702","Singapore","5510","Production","21111.01","Meat of cattle with the bone, fresh or chilled","2015","2015","t","36.04","I","Value imputed by a receiving agency",""
"QCL","Crops and livestock products","702","Singapore","5510","Production","21111.01","Meat of cattle with the bone, fresh or chilled","2016","2016","t","43.49","E","Estimated value",""
"QCL","Crops and livestock products","702","Singapore","5510","Production","21111.01","Meat of cattle with the bone, fresh or chilled","2017","2017","t","35.82","I","Value imputed by a receiving agency",""
"QCL","Crops and livestock products","702","Singapore","5510","Production","21111.01","Meat of cattle with the bone, fresh or chilled","2018","2018","t","34.31","I","Value imputed by a receiving agency",""
"QCL","Crops and livestock products","702","Singapore","5510","Production","21111.01","Meat of cattle with the bone, fresh or chilled","2019","2019","t","33.77","I","Value imputed by a receiving agency",""
"QCL","Crops and livestock products","702","Singapore","5510","Production","21111.01","Meat of cattle with the bone, fresh or chilled","2020","2020","t","33.06","I","Value imputed by a receiving agency",""
"QCL","Crops and livestock products","702","Singapore","5510","Production","21111.01","Meat of cattle with the bone, fresh or chilled","2021","2021","t","35","I","Value imputed by a receiving agency",""
"QCL","Crops and livestock products","702","Singapore","5510","Production","21111.01","Meat of cattle with the bone, fresh or chilled","2022","2022","t","34.49","I","Value imputed by a receiving agency",""
"QCL","Crops and livestock products","702","Singapore","5510","Production","21111.01","Meat of cattle with the bone, fresh or chilled","2023","2023","t","34.19","I","Value imputed by a receiving agency",""
"QCL","Crops and livestock products","702","Singapore","5510","Production","21111.01","Meat of cattle with the bone, fresh or chilled","2024","2024","t","33.9","I","Value imputed by a receiving agency",""
"QCL","Crops and livestock products","703","Slovakia","5510","Production","21111.01","Meat of cattle with the bone, fresh or chilled","2005","2005","t","26385","A","Official value",""
"QCL","Crops and livestock products","703","Slovakia","5510","Production","21111.01","Meat of cattle with the bone, fresh or chilled","2006","2006","t","21413","A","Official value",""
"QCL","Crops and livestock products","703","Slovakia","5510","Production","21111.01","Meat of cattle with the bone, fresh or chilled","2007","2007","t","22989","A","Official value",""
"QCL","Crops and livestock products","703","Slovakia","5510","Production","21111.01","Meat of cattle with the bone, fresh or chilled","2008","2008","t","19862","A","Official value",""
"QCL","Crops and livestock products","703","Slovakia","5510","Production","21111.01","Meat of cattle with the bone, fresh or chilled","2009","2009","t","17672","A","Official value",""
"QCL","Crops and livestock products","703","Slovakia","5510","Production","21111.01","Meat of cattle with the bone, fresh or chilled","2010","2010","t","15611","A","Official value",""
"QCL","Crops and livestock products","703","Slovakia","5510","Production","21111.01","Meat of cattle with the bone, fresh or chilled","2011","2011","t","13177","A","Official value",""
"QCL","Crops and livestock products","703","Slovakia","5510","Production","21111.01","Meat of cattle with the bone, fresh or chilled","2012","2012","t","13177","A","Official value",""
"QCL","Crops and livestock products","703","Slovakia","5510","Production","21111.01","Meat of cattle with the bone, fresh or chilled","2013","2013","t","11721","A","Official value",""
"QCL","Crops and livestock products","703","Slovakia","5510","Production","21111.01","Meat of cattle with the bone, fresh or chilled","2014","2014","t","11597.37","A","Official value",""
"QCL","Crops and livestock products","703","Slovakia","5510","Production","21111.01","Meat of cattle with the bone, fresh or chilled","2015","2015","t","10711","A","Official value",""
"QCL","Crops and livestock products","703","Slovakia","5510","Production","21111.01","Meat of cattle with the bone, fresh or chilled","2016","2016","t","10261","A","Official value",""
"QCL","Crops and livestock products","703","Slovakia","5510","Production","21111.01","Meat of cattle with the bone, fresh or chilled","2017","2017","t","10534","A","Official value",""
"QCL","Crops and livestock products","703","Slovakia","5510","Production","21111.01","Meat of cattle with the bone, fresh or chilled","2018","2018","t","10670","A","Official value",""
"QCL","Crops and livestock products","703","Slovakia","5510","Production","21111.01","Meat of cattle with the bone, fresh or chilled","2019","2019","t","10710","A","Official value",""
"QCL","Crops and livestock products","703","Slovakia","5510","Production","21111.01","Meat of cattle with the bone, fresh or chilled","2020","2020","t","10920","A","Official value",""
"QCL","Crops and livestock products","703","Slovakia","5510","Production","21111.01","Meat of cattle with the bone, fresh or chilled","2021","2021","t","11930","A","Official value",""
"QCL","Crops and livestock products","703","Slovakia","5510","Production","21111.01","Meat of cattle with the bone, fresh or chilled","2022","2022","t","10850","A","Official value",""
"QCL","Crops and livestock products","703","Slovakia","5510","Production","21111.01","Meat of cattle with the bone, fresh or chilled","2023","2023","t","10320","A","Official value",""
"QCL","Crops and livestock products","703","Slovakia","5510","Production","21111.01","Meat of cattle with the bone, fresh or chilled","2024","2024","t","10060","A","Official value",""
"QCL","Crops and livestock products","705","Slovenia","5510","Production","21111.01","Meat of cattle with the bone, fresh or chilled","2005","2005","t","37382","A","Official value",""
"QCL","Crops and livestock products","705","Slovenia","5510","Production","21111.01","Meat of cattle with the bone, fresh or chilled","2006","2006","t","37908","A","Official value",""
"QCL","Crops and livestock products","705","Slovenia","5510","Production","21111.01","Meat of cattle with the bone, fresh or chilled","2007","2007","t","36203","A","Official value",""
"QCL","Crops and livestock products","705","Slovenia","5510","Production","21111.01","Meat of cattle with the bone, fresh or chilled","2008","2008","t","36943","A","Official value",""
"QCL","Crops and livestock products","705","Slovenia","5510","Production","21111.01","Meat of cattle with the bone, fresh or chilled","2009","2009","t","35260","A","Official value",""
"QCL","Crops and livestock products","705","Slovenia","5510","Production","21111.01","Meat of cattle with the bone, fresh or chilled","2010","2010","t","35772","A","Official value",""
"QCL","Crops and livestock products","705","Slovenia","5510","Production","21111.01","Meat of cattle with the bone, fresh or chilled","2011","2011","t","35571","A","Official value",""
"QCL","Crops and livestock products","705","Slovenia","5510","Production","21111.01","Meat of cattle with the bone, fresh or chilled","2012","2012","t","33089","A","Official value",""
"QCL","Crops and livestock products","705","Slovenia","5510","Production","21111.01","Meat of cattle with the bone, fresh or chilled","2013","2013","t","32104","A","Official value",""
"QCL","Crops and livestock products","705","Slovenia","5510","Production","21111.01","Meat of cattle with the bone, fresh or chilled","2014","2014","t","31566","A","Official value",""
"QCL","Crops and livestock products","705","Slovenia","5510","Production","21111.01","Meat of cattle with the bone, fresh or chilled","2015","2015","t","33583","A","Official value",""
"QCL","Crops and livestock products","705","Slovenia","5510","Production","21111.01","Meat of cattle with the bone, fresh or chilled","2016","2016","t","35656","A","Official value",""
"QCL","Crops and livestock products","705","Slovenia","5510","Production","21111.01","Meat of cattle with the bone, fresh or chilled","2017","2017","t","35795","A","Official value",""
"QCL","Crops and livestock products","705","Slovenia","5510","Production","21111.01","Meat of cattle with the bone, fresh or chilled","2018","2018","t","34870","A","Official value",""
"QCL","Crops and livestock products","705","Slovenia","5510","Production","21111.01","Meat of cattle with the bone, fresh or chilled","2019","2019","t","35740","A","Official value",""
"QCL","Crops and livestock products","705","Slovenia","5510","Production","21111.01","Meat of cattle with the bone, fresh or chilled","2020","2020","t","36500","A","Official value",""
"QCL","Crops and livestock products","705","Slovenia","5510","Production","21111.01","Meat of cattle with the bone, fresh or chilled","2021","2021","t","37540","A","Official value",""
"QCL","Crops and livestock products","705","Slovenia","5510","Production","21111.01","Meat of cattle with the bone, fresh or chilled","2022","2022","t","36080","A","Official value",""
"QCL","Crops and livestock products","705","Slovenia","5510","Production","21111.01","Meat of cattle with the bone, fresh or chilled","2023","2023","t","33270","A","Official value",""
"QCL","Crops and livestock products","705","Slovenia","5510","Production","21111.01","Meat of cattle with the bone, fresh or chilled","2024","2024","t","31940","A","Official value",""
"QCL","Crops and livestock products","090","Solomon Islands","5510","Production","21111.01","Meat of cattle with the bone, fresh or chilled","2005","2005","t","693.75","E","Estimated value",""
"QCL","Crops and livestock products","090","Solomon Islands","5510","Production","21111.01","Meat of cattle with the bone, fresh or chilled","2006","2006","t","721.5","E","Estimated value",""
"QCL","Crops and livestock products","090","Solomon Islands","5510","Production","21111.01","Meat of cattle with the bone, fresh or chilled","2007","2007","t","740","E","Estimated value",""
"QCL","Crops and livestock products","090","Solomon Islands","5510","Production","21111.01","Meat of cattle with the bone, fresh or chilled","2008","2008","t","740","E","Estimated value",""
"QCL","Crops and livestock products","090","Solomon Islands","5510","Production","21111.01","Meat of cattle with the bone, fresh or chilled","2009","2009","t","740","E","Estimated value",""
"QCL","Crops and livestock products","090","Solomon Islands","5510","Production","21111.01","Meat of cattle with the bone, fresh or chilled","2010","2010","t","740","E","Estimated value",""
"QCL","Crops and livestock products","090","Solomon Islands","5510","Production","21111.01","Meat of cattle with the bone, fresh or chilled","2011","2011","t","740","E","Estimated value",""
"QCL","Crops and livestock products","090","Solomon Islands","5510","Production","21111.01","Meat of cattle with the bone, fresh or chilled","2012","2012","t","748.98","I","Value imputed by a receiving agency",""
"QCL","Crops and livestock products","090","Solomon Islands","5510","Production","21111.01","Meat of cattle with the bone, fresh or chilled","2013","2013","t","757.88","I","Value imputed by a receiving agency",""
"QCL","Crops and livestock products","090","Solomon Islands","5510","Production","21111.01","Meat of cattle with the bone, fresh or chilled","2014","2014","t","751.76","I","Value imputed by a receiving agency",""
"QCL","Crops and livestock products","090","Solomon Islands","5510","Production","21111.01","Meat of cattle with the bone, fresh or chilled","2015","2015","t","754.86","I","Value imputed by a receiving agency",""
"QCL","Crops and livestock products","090","Solomon Islands","5510","Production","21111.01","Meat of cattle with the bone, fresh or chilled","2016","2016","t","752.11","I","Value imputed by a receiving agency",""
"QCL","Crops and livestock products","090","Solomon Islands","5510","Production","21111.01","Meat of cattle with the bone, fresh or chilled","2017","2017","t","753.2","I","Value imputed by a receiving agency",""
"QCL","Crops and livestock products","090","Solomon Islands","5510","Production","21111.01","Meat of cattle with the bone, fresh or chilled","2018","2018","t","753.66","I","Value imputed by a receiving agency",""
"QCL","Crops and livestock products","090","Solomon Islands","5510","Production","21111.01","Meat of cattle with the bone, fresh or chilled","2019","2019","t","755.14","I","Value imputed by a receiving agency",""
"QCL","Crops and livestock products","090","Solomon Islands","5510","Production","21111.01","Meat of cattle with the bone, fresh or chilled","2020","2020","t","755.29","I","Value imputed by a receiving agency",""
"QCL","Crops and livestock products","090","Solomon Islands","5510","Production","21111.01","Meat of cattle with the bone, fresh or chilled","2021","2021","t","763.48","I","Value imputed by a receiving agency",""
"QCL","Crops and livestock products","090","Solomon Islands","5510","Production","21111.01","Meat of cattle with the bone, fresh or chilled","2022","2022","t","766.16","I","Value imputed by a receiving agency",""
"QCL","Crops and livestock products","090","Solomon Islands","5510","Production","21111.01","Meat of cattle with the bone, fresh or chilled","2023","2023","t","769.21","I","Value imputed by a receiving agency",""
"QCL","Crops and livestock products","090","Solomon Islands","5510","Production","21111.01","Meat of cattle with the bone, fresh or chilled","2024","2024","t","772.26","I","Value imputed by a receiving agency",""
"QCL","Crops and livestock products","706","Somalia","5510","Production","21111.01","Meat of cattle with the bone, fresh or chilled","2005","2005","t","67650","E","Estimated value",""
"QCL","Crops and livestock products","706","Somalia","5510","Production","21111.01","Meat of cattle with the bone, fresh or chilled","2006","2006","t","66000","E","Estimated value",""
"QCL","Crops and livestock products","706","Somalia","5510","Production","21111.01","Meat of cattle with the bone, fresh or chilled","2007","2007","t","59400","E","Estimated value",""
"QCL","Crops and livestock products","706","Somalia","5510","Production","21111.01","Meat of cattle with the bone, fresh or chilled","2008","2008","t","58850","E","Estimated value",""
"QCL","Crops and livestock products","706","Somalia","5510","Production","21111.01","Meat of cattle with the bone, fresh or chilled","2009","2009","t","58300","E","Estimated value",""
"QCL","Crops and livestock products","706","Somalia","5510","Production","21111.01","Meat of cattle with the bone, fresh or chilled","2010","2010","t","59180","E","Estimated value",""
"QCL","Crops and livestock products","706","Somalia","5510","Production","21111.01","Meat of cattle with the bone, fresh or chilled","2011","2011","t","59620","E","Estimated value",""
"QCL","Crops and livestock products","706","Somalia","5510","Production","21111.01","Meat of cattle with the bone, fresh or chilled","2012","2012","t","59840","E","Estimated value",""
"QCL","Crops and livestock products","706","Somalia","5510","Production","21111.01","Meat of cattle with the bone, fresh or chilled","2013","2013","t","60500","E","Estimated value",""
"QCL","Crops and livestock products","706","Somalia","5510","Production","21111.01","Meat of cattle with the bone, fresh or chilled","2014","2014","t","59335.23","I","Value imputed by a receiving agency",""
"QCL","Crops and livestock products","706","Somalia","5510","Production","21111.01","Meat of cattle with the bone, fresh or chilled","2015","2015","t","58498.15","I","Value imputed by a receiving agency",""
"QCL","Crops and livestock products","706","Somalia","5510","Production","21111.01","Meat of cattle with the bone, fresh or chilled","2016","2016","t","57150.31","I","Value imputed by a receiving agency",""
"QCL","Crops and livestock products","706","Somalia","5510","Production","21111.01","Meat of cattle with the bone, fresh or chilled","2017","2017","t","57225.54","I","Value imputed by a receiving agency",""
"QCL","Crops and livestock products","706","Somalia","5510","Production","21111.01","Meat of cattle with the bone, fresh or chilled","2018","2018","t","56950.89","I","Value imputed by a receiving agency",""
"QCL","Crops and livestock products","706","Somalia","5510","Production","21111.01","Meat of cattle with the bone, fresh or chilled","2019","2019","t","56000","E","Estimated value",""
"QCL","Crops and livestock products","706","Somalia","5510","Production","21111.01","Meat of cattle with the bone, fresh or chilled","2020","2020","t","55000","E","Estimated value",""
"QCL","Crops and livestock products","706","Somalia","5510","Production","21111.01","Meat of cattle with the bone, fresh or chilled","2021","2021","t","27913.86","I","Value imputed by a receiving agency",""
"QCL","Crops and livestock products","706","Somalia","5510","Production","21111.01","Meat of cattle with the bone, fresh or chilled","2022","2022","t","55402.54","E","Estimated value",""
"QCL","Crops and livestock products","706","Somalia","5510","Production","21111.01","Meat of cattle with the bone, fresh or chilled","2023","2023","t","55436","E","Estimated value",""
"QCL","Crops and livestock products","706","Somalia","5510","Production","21111.01","Meat of cattle with the bone, fresh or chilled","2024","2024","t","55480.62","E","Estimated value",""
"QCL","Crops and livestock products","710","South Africa","5510","Production","21111.01","Meat of cattle with the bone, fresh or chilled","2005","2005","t","746000","A","Official value",""
"QCL","Crops and livestock products","710","South Africa","5510","Production","21111.01","Meat of cattle with the bone, fresh or chilled","2006","2006","t","832000","A","Official value",""
"QCL","Crops and livestock products","710","South Africa","5510","Production","21111.01","Meat of cattle with the bone, fresh or chilled","2007","2007","t","829000","A","Official value",""
"QCL","Crops and livestock products","710","South Africa","5510","Production","21111.01","Meat of cattle with the bone, fresh or chilled","2008","2008","t","798000","A","Official value",""
"QCL","Crops and livestock products","710","South Africa","5510","Production","21111.01","Meat of cattle with the bone, fresh or chilled","2009","2009","t","803000","A","Official value",""
"QCL","Crops and livestock products","710","South Africa","5510","Production","21111.01","Meat of cattle with the bone, fresh or chilled","2010","2010","t","897000","A","Official value",""
"QCL","Crops and livestock products","710","South Africa","5510","Production","21111.01","Meat of cattle with the bone, fresh or chilled","2011","2011","t","878000","A","Official value",""
"QCL","Crops and livestock products","710","South Africa","5510","Production","21111.01","Meat of cattle with the bone, fresh or chilled","2012","2012","t","875000","A","Official value",""
"QCL","Crops and livestock products","710","South Africa","5510","Production","21111.01","Meat of cattle with the bone, fresh or chilled","2013","2013","t","953106.72","A","Official value",""
"QCL","Crops and livestock products","710","South Africa","5510","Production","21111.01","Meat of cattle with the bone, fresh or chilled","2014","2014","t","1000658.54","A","Official value",""
"QCL","Crops and livestock products","710","South Africa","5510","Production","21111.01","Meat of cattle with the bone, fresh or chilled","2015","2015","t","1072800","A","Official value",""
"QCL","Crops and livestock products","710","South Africa","5510","Production","21111.01","Meat of cattle with the bone, fresh or chilled","2016","2016","t","1089686","A","Official value",""
"QCL","Crops and livestock products","710","South Africa","5510","Production","21111.01","Meat of cattle with the bone, fresh or chilled","2017","2017","t","1014071","A","Official value",""
"QCL","Crops and livestock products","710","South Africa","5510","Production","21111.01","Meat of cattle with the bone, fresh or chilled","2018","2018","t","1003214","A","Official value",""
"QCL","Crops and livestock products","710","South Africa","5510","Production","21111.01","Meat of cattle with the bone, fresh or chilled","2019","2019","t","1036820","A","Official value",""
"QCL","Crops and livestock products","710","South Africa","5510","Production","21111.01","Meat of cattle with the bone, fresh or chilled","2020","2020","t","1041360","A","Official value",""
"QCL","Crops and livestock products","710","South Africa","5510","Production","21111.01","Meat of cattle with the bone, fresh or chilled","2021","2021","t","1053160","A","Official value",""
"QCL","Crops and livestock products","710","South Africa","5510","Production","21111.01","Meat of cattle with the bone, fresh or chilled","2022","2022","t","1008270","A","Official value",""
"QCL","Crops and livestock products","710","South Africa","5510","Production","21111.01","Meat of cattle with the bone, fresh or chilled","2023","2023","t","1032360","A","Official value",""
"QCL","Crops and livestock products","710","South Africa","5510","Production","21111.01","Meat of cattle with the bone, fresh or chilled","2024","2024","t","1101970","A","Official value",""
"QCL","Crops and livestock products","728","South Sudan","5510","Production","21111.01","Meat of cattle with the bone, fresh or chilled","2012","2012","t","85949.65","I","Value imputed by a receiving agency",""
"QCL","Crops and livestock products","728","South Sudan","5510","Production","21111.01","Meat of cattle with the bone, fresh or chilled","2013","2013","t","89995.49","I","Value imputed by a receiving agency",""
"QCL","Crops and livestock products","728","South Sudan","5510","Production","21111.01","Meat of cattle with the bone, fresh or chilled","2014","2014","t","94398.25","I","Value imputed by a receiving agency",""
"QCL","Crops and livestock products","728","South Sudan","5510","Production","21111.01","Meat of cattle with the bone, fresh or chilled","2015","2015","t","98459.04","I","Value imputed by a receiving agency",""
"QCL","Crops and livestock products","728","South Sudan","5510","Production","21111.01","Meat of cattle with the bone, fresh or chilled","2016","2016","t","108589.71","I","Value imputed by a receiving agency",""
"QCL","Crops and livestock products","728","South Sudan","5510","Production","21111.01","Meat of cattle with the bone, fresh or chilled","2017","2017","t","113199.14","E","Estimated value",""
"QCL","Crops and livestock products","728","South Sudan","5510","Production","21111.01","Meat of cattle with the bone, fresh or chilled","2018","2018","t","132301.2","I","Value imputed by a receiving agency",""
"QCL","Crops and livestock products","728","South Sudan","5510","Production","21111.01","Meat of cattle with the bone, fresh or chilled","2019","2019","t","142663.22","I","Value imputed by a receiving agency",""
"QCL","Crops and livestock products","728","South Sudan","5510","Production","21111.01","Meat of cattle with the bone, fresh or chilled","2020","2020","t","133218.88","I","Value imputed by a receiving agency",""
"QCL","Crops and livestock products","728","South Sudan","5510","Production","21111.01","Meat of cattle with the bone, fresh or chilled","2021","2021","t","126517.34","I","Value imputed by a receiving agency",""
"QCL","Crops and livestock products","728","South Sudan","5510","Production","21111.01","Meat of cattle with the bone, fresh or chilled","2022","2022","t","128322.69","I","Value imputed by a receiving agency",""
"QCL","Crops and livestock products","728","South Sudan","5510","Production","21111.01","Meat of cattle with the bone, fresh or chilled","2023","2023","t","130698.57","I","Value imputed by a receiving agency",""
"QCL","Crops and livestock products","728","South Sudan","5510","Production","21111.01","Meat of cattle with the bone, fresh or chilled","2024","2024","t","132346.43","I","Value imputed by a receiving agency",""
"QCL","Crops and livestock products","724","Spain","5510","Production","21111.01","Meat of cattle with the bone, fresh or chilled","2005","2005","t","715329","A","Official value",""
"QCL","Crops and livestock products","724","Spain","5510","Production","21111.01","Meat of cattle with the bone, fresh or chilled","2006","2006","t","670048","A","Official value",""
"QCL","Crops and livestock products","724","Spain","5510","Production","21111.01","Meat of cattle with the bone, fresh or chilled","2007","2007","t","620166","A","Official value",""
"QCL","Crops and livestock products","724","Spain","5510","Production","21111.01","Meat of cattle with the bone, fresh or chilled","2008","2008","t","658332","A","Official value",""
"QCL","Crops and livestock products","724","Spain","5510","Production","21111.01","Meat of cattle with the bone, fresh or chilled","2009","2009","t","598431","A","Official value",""
"QCL","Crops and livestock products","724","Spain","5510","Production","21111.01","Meat of cattle with the bone, fresh or chilled","2010","2010","t","606596","A","Official value",""
"QCL","Crops and livestock products","724","Spain","5510","Production","21111.01","Meat of cattle with the bone, fresh or chilled","2011","2011","t","604113","A","Official value",""
"QCL","Crops and livestock products","724","Spain","5510","Production","21111.01","Meat of cattle with the bone, fresh or chilled","2012","2012","t","591319","A","Official value",""
"QCL","Crops and livestock products","724","Spain","5510","Production","21111.01","Meat of cattle with the bone, fresh or chilled","2013","2013","t","580840","A","Official value",""
"QCL","Crops and livestock products","724","Spain","5510","Production","21111.01","Meat of cattle with the bone, fresh or chilled","2014","2014","t","585218","A","Official value",""
"QCL","Crops and livestock products","724","Spain","5510","Production","21111.01","Meat of cattle with the bone, fresh or chilled","2015","2015","t","626104","A","Official value",""
"QCL","Crops and livestock products","724","Spain","5510","Production","21111.01","Meat of cattle with the bone, fresh or chilled","2016","2016","t","637012.74","A","Official value",""
"QCL","Crops and livestock products","724","Spain","5510","Production","21111.01","Meat of cattle with the bone, fresh or chilled","2017","2017","t","643860.64","A","Official value",""
"QCL","Crops and livestock products","724","Spain","5510","Production","21111.01","Meat of cattle with the bone, fresh or chilled","2018","2018","t","669010","A","Official value",""
"QCL","Crops and livestock products","724","Spain","5510","Production","21111.01","Meat of cattle with the bone, fresh or chilled","2019","2019","t","695170","A","Official value",""
"QCL","Crops and livestock products","724","Spain","5510","Production","21111.01","Meat of cattle with the bone, fresh or chilled","2020","2020","t","677740","A","Official value",""
"QCL","Crops and livestock products","724","Spain","5510","Production","21111.01","Meat of cattle with the bone, fresh or chilled","2021","2021","t","717880","A","Official value",""
"QCL","Crops and livestock products","724","Spain","5510","Production","21111.01","Meat of cattle with the bone, fresh or chilled","2022","2022","t","731530","A","Official value",""
"QCL","Crops and livestock products","724","Spain","5510","Production","21111.01","Meat of cattle with the bone, fresh or chilled","2023","2023","t","697830","A","Official value",""
"QCL","Crops and livestock products","724","Spain","5510","Production","21111.01","Meat of cattle with the bone, fresh or chilled","2024","2024","t","718450","A","Official value",""
"QCL","Crops and livestock products","144","Sri Lanka","5510","Production","21111.01","Meat of cattle with the bone, fresh or chilled","2005","2005","t","29280","A","Official value",""
"QCL","Crops and livestock products","144","Sri Lanka","5510","Production","21111.01","Meat of cattle with the bone, fresh or chilled","2006","2006","t","26250","A","Official value",""
"QCL","Crops and livestock products","144","Sri Lanka","5510","Production","21111.01","Meat of cattle with the bone, fresh or chilled","2007","2007","t","23520","A","Official value",""
"QCL","Crops and livestock products","144","Sri Lanka","5510","Production","21111.01","Meat of cattle with the bone, fresh or chilled","2008","2008","t","22280","A","Official value",""
"QCL","Crops and livestock products","144","Sri Lanka","5510","Production","21111.01","Meat of cattle with the bone, fresh or chilled","2009","2009","t","22860","A","Official value",""
"QCL","Crops and livestock products","144","Sri Lanka","5510","Production","21111.01","Meat of cattle with the bone, fresh or chilled","2010","2010","t","28490","A","Official value",""
"QCL","Crops and livestock products","144","Sri Lanka","5510","Production","21111.01","Meat of cattle with the bone, fresh or chilled","2011","2011","t","22695","E","Estimated value",""
"QCL","Crops and livestock products","144","Sri Lanka","5510","Production","21111.01","Meat of cattle with the bone, fresh or chilled","2012","2012","t","23650","A","Official value",""
"QCL","Crops and livestock products","144","Sri Lanka","5510","Production","21111.01","Meat of cattle with the bone, fresh or chilled","2013","2013","t","23200","A","Official value",""
"QCL","Crops and livestock products","144","Sri Lanka","5510","Production","21111.01","Meat of cattle with the bone, fresh or chilled","2014","2014","t","20550","A","Official value",""
"QCL","Crops and livestock products","144","Sri Lanka","5510","Production","21111.01","Meat of cattle with the bone, fresh or chilled","2015","2015","t","22530","E","Estimated value",""
"QCL","Crops and livestock products","144","Sri Lanka","5510","Production","21111.01","Meat of cattle with the bone, fresh or chilled","2016","2016","t","22440","E","Estimated value",""
"QCL","Crops and livestock products","144","Sri Lanka","5510","Production","21111.01","Meat of cattle with the bone, fresh or chilled","2017","2017","t","20850","E","Estimated value",""
"QCL","Crops and livestock products","144","Sri Lanka","5510","Production","21111.01","Meat of cattle with the bone, fresh or chilled","2018","2018","t","20850","E","Estimated value",""
"QCL","Crops and livestock products","144","Sri Lanka","5510","Production","21111.01","Meat of cattle with the bone, fresh or chilled","2019","2019","t","20900","E","Estimated value",""
"QCL","Crops and livestock products","144","Sri Lanka","5510","Production","21111.01","Meat of cattle with the bone, fresh or chilled","2020","2020","t","20680","E","Estimated value",""
"QCL","Crops and livestock products","144","Sri Lanka","5510","Production","21111.01","Meat of cattle with the bone, fresh or chilled","2021","2021","t","19500","E","Estimated value",""
"QCL","Crops and livestock products","144","Sri Lanka","5510","Production","21111.01","Meat of cattle with the bone, fresh or chilled","2022","2022","t","19330","E","Estimated value",""
"QCL","Crops and livestock products","144","Sri Lanka","5510","Production","21111.01","Meat of cattle with the bone, fresh or chilled","2023","2023","t","19100","E","Estimated value",""
"QCL","Crops and livestock products","144","Sri Lanka","5510","Production","21111.01","Meat of cattle with the bone, fresh or chilled","2024","2024","t","20900","E","Estimated value",""
"QCL","Crops and livestock products","729","Sudan","5510","Production","21111.01","Meat of cattle with the bone, fresh or chilled","2012","2012","t","358000","E","Estimated value",""
"QCL","Crops and livestock products","729","Sudan","5510","Production","21111.01","Meat of cattle with the bone, fresh or chilled","2013","2013","t","358000","E","Estimated value",""
"QCL","Crops and livestock products","729","Sudan","5510","Production","21111.01","Meat of cattle with the bone, fresh or chilled","2014","2014","t","365000","E","Estimated value",""
"QCL","Crops and livestock products","729","Sudan","5510","Production","21111.01","Meat of cattle with the bone, fresh or chilled","2015","2015","t","366229.8","I","Value imputed by a receiving agency",""
"QCL","Crops and livestock products","729","Sudan","5510","Production","21111.01","Meat of cattle with the bone, fresh or chilled","2016","2016","t","370851.78","I","Value imputed by a receiving agency",""
"QCL","Crops and livestock products","729","Sudan","5510","Production","21111.01","Meat of cattle with the bone, fresh or chilled","2017","2017","t","378625.66","I","Value imputed by a receiving agency",""
"QCL","Crops and livestock products","729","Sudan","5510","Production","21111.01","Meat of cattle with the bone, fresh or chilled","2018","2018","t","387537.39","I","Value imputed by a receiving agency",""
"QCL","Crops and livestock products","729","Sudan","5510","Production","21111.01","Meat of cattle with the bone, fresh or chilled","2019","2019","t","388546.74","I","Value imputed by a receiving agency",""
"QCL","Crops and livestock products","729","Sudan","5510","Production","21111.01","Meat of cattle with the bone, fresh or chilled","2020","2020","t","389548.04","I","Value imputed by a receiving agency",""
"QCL","Crops and livestock products","729","Sudan","5510","Production","21111.01","Meat of cattle with the bone, fresh or chilled","2021","2021","t","372679.48","I","Value imputed by a receiving agency",""
"QCL","Crops and livestock products","729","Sudan","5510","Production","21111.01","Meat of cattle with the bone, fresh or chilled","2022","2022","t","357616.64","I","Value imputed by a receiving agency",""
"QCL","Crops and livestock products","729","Sudan","5510","Production","21111.01","Meat of cattle with the bone, fresh or chilled","2023","2023","t","360493.8","I","Value imputed by a receiving agency",""
"QCL","Crops and livestock products","729","Sudan","5510","Production","21111.01","Meat of cattle with the bone, fresh or chilled","2024","2024","t","366281.51","I","Value imputed by a receiving agency",""
"QCL","Crops and livestock products","736","Sudan (former)","5510","Production","21111.01","Meat of cattle with the bone, fresh or chilled","2005","2005","t","350000","E","Estimated value",""
"QCL","Crops and livestock products","736","Sudan (former)","5510","Production","21111.01","Meat of cattle with the bone, fresh or chilled","2006","2006","t","350000","E","Estimated value",""
"QCL","Crops and livestock products","736","Sudan (former)","5510","Production","21111.01","Meat of cattle with the bone, fresh or chilled","2007","2007","t","340000","E","Estimated value",""
"QCL","Crops and livestock products","736","Sudan (former)","5510","Production","21111.01","Meat of cattle with the bone, fresh or chilled","2008","2008","t","340000","E","Estimated value",""
"QCL","Crops and livestock products","736","Sudan (former)","5510","Production","21111.01","Meat of cattle with the bone, fresh or chilled","2009","2009","t","341000","E","Estimated value",""
"QCL","Crops and livestock products","736","Sudan (former)","5510","Production","21111.01","Meat of cattle with the bone, fresh or chilled","2010","2010","t","343000","E","Estimated value",""
"QCL","Crops and livestock products","736","Sudan (former)","5510","Production","21111.01","Meat of cattle with the bone, fresh or chilled","2011","2011","t","345000","E","Estimated value",""
"QCL","Crops and livestock products","740","Suriname","5510","Production","21111.01","Meat of cattle with the bone, fresh or chilled","2005","2005","t","1338","A","Official value",""
"QCL","Crops and livestock products","740","Suriname","5510","Production","21111.01","Meat of cattle with the bone, fresh or chilled","2006","2006","t","1610","A","Official value",""
"QCL","Crops and livestock products","740","Suriname","5510","Production","21111.01","Meat of cattle with the bone, fresh or chilled","2007","2007","t","1594","A","Official value",""
"QCL","Crops and livestock products","740","Suriname","5510","Production","21111.01","Meat of cattle with the bone, fresh or chilled","2008","2008","t","1726","A","Official value",""
"QCL","Crops and livestock products","740","Suriname","5510","Production","21111.01","Meat of cattle with the bone, fresh or chilled","2009","2009","t","1891","A","Official value",""
"QCL","Crops and livestock products","740","Suriname","5510","Production","21111.01","Meat of cattle with the bone, fresh or chilled","2010","2010","t","1882","A","Official value",""
"QCL","Crops and livestock products","740","Suriname","5510","Production","21111.01","Meat of cattle with the bone, fresh or chilled","2011","2011","t","1940","A","Official value",""
"QCL","Crops and livestock products","740","Suriname","5510","Production","21111.01","Meat of cattle with the bone, fresh or chilled","2012","2012","t","1850","A","Official value",""
"QCL","Crops and livestock products","740","Suriname","5510","Production","21111.01","Meat of cattle with the bone, fresh or chilled","2013","2013","t","1674","A","Official value",""
"QCL","Crops and livestock products","740","Suriname","5510","Production","21111.01","Meat of cattle with the bone, fresh or chilled","2014","2014","t","1660","A","Official value",""
"QCL","Crops and livestock products","740","Suriname","5510","Production","21111.01","Meat of cattle with the bone, fresh or chilled","2015","2015","t","1474","A","Official value",""
"QCL","Crops and livestock products","740","Suriname","5510","Production","21111.01","Meat of cattle with the bone, fresh or chilled","2016","2016","t","1934","A","Official value",""
"QCL","Crops and livestock products","740","Suriname","5510","Production","21111.01","Meat of cattle with the bone, fresh or chilled","2017","2017","t","1903","A","Official value",""
"QCL","Crops and livestock products","740","Suriname","5510","Production","21111.01","Meat of cattle with the bone, fresh or chilled","2018","2018","t","1616","A","Official value",""
"QCL","Crops and livestock products","740","Suriname","5510","Production","21111.01","Meat of cattle with the bone, fresh or chilled","2019","2019","t","1656","A","Official value",""
"QCL","Crops and livestock products","740","Suriname","5510","Production","21111.01","Meat of cattle with the bone, fresh or chilled","2020","2020","t","1783","A","Official value",""
"QCL","Crops and livestock products","740","Suriname","5510","Production","21111.01","Meat of cattle with the bone, fresh or chilled","2021","2021","t","1821","A","Official value",""
"QCL","Crops and livestock products","740","Suriname","5510","Production","21111.01","Meat of cattle with the bone, fresh or chilled","2022","2022","t","1749.51","I","Value imputed by a receiving agency",""
"QCL","Crops and livestock products","740","Suriname","5510","Production","21111.01","Meat of cattle with the bone, fresh or chilled","2023","2023","t","1650.1","I","Value imputed by a receiving agency",""
"QCL","Crops and livestock products","740","Suriname","5510","Production","21111.01","Meat of cattle with the bone, fresh or chilled","2024","2024","t","1488.48","I","Value imputed by a receiving agency",""
"QCL","Crops and livestock products","752","Sweden","5510","Production","21111.01","Meat of cattle with the bone, fresh or chilled","2005","2005","t","135940","A","Official value",""
"QCL","Crops and livestock products","752","Sweden","5510","Production","21111.01","Meat of cattle with the bone, fresh or chilled","2006","2006","t","137410","A","Official value",""
"QCL","Crops and livestock products","752","Sweden","5510","Production","21111.01","Meat of cattle with the bone, fresh or chilled","2007","2007","t","133540","A","Official value",""
"QCL","Crops and livestock products","752","Sweden","5510","Production","21111.01","Meat of cattle with the bone, fresh or chilled","2008","2008","t","128790","A","Official value",""
"QCL","Crops and livestock products","752","Sweden","5510","Production","21111.01","Meat of cattle with the bone, fresh or chilled","2009","2009","t","139830","A","Official value",""
"QCL","Crops and livestock products","752","Sweden","5510","Production","21111.01","Meat of cattle with the bone, fresh or chilled","2010","2010","t","137800","A","Official value",""
"QCL","Crops and livestock products","752","Sweden","5510","Production","21111.01","Meat of cattle with the bone, fresh or chilled","2011","2011","t","137880","A","Official value",""
"QCL","Crops and livestock products","752","Sweden","5510","Production","21111.01","Meat of cattle with the bone, fresh or chilled","2012","2012","t","125340","A","Official value",""
"QCL","Crops and livestock products","752","Sweden","5510","Production","21111.01","Meat of cattle with the bone, fresh or chilled","2013","2013","t","125880","A","Official value",""
"QCL","Crops and livestock products","752","Sweden","5510","Production","21111.01","Meat of cattle with the bone, fresh or chilled","2014","2014","t","131620","A","Official value",""
"QCL","Crops and livestock products","752","Sweden","5510","Production","21111.01","Meat of cattle with the bone, fresh or chilled","2015","2015","t","143980","A","Official value",""
"QCL","Crops and livestock products","752","Sweden","5510","Production","21111.01","Meat of cattle with the bone, fresh or chilled","2016","2016","t","131250","A","Official value",""
"QCL","Crops and livestock products","752","Sweden","5510","Production","21111.01","Meat of cattle with the bone, fresh or chilled","2017","2017","t","132070","A","Official value",""
"QCL","Crops and livestock products","752","Sweden","5510","Production","21111.01","Meat of cattle with the bone, fresh or chilled","2018","2018","t","138420","A","Official value",""
"QCL","Crops and livestock products","752","Sweden","5510","Production","21111.01","Meat of cattle with the bone, fresh or chilled","2019","2019","t","141150","A","Official value",""
"QCL","Crops and livestock products","752","Sweden","5510","Production","21111.01","Meat of cattle with the bone, fresh or chilled","2020","2020","t","142520","A","Official value",""
"QCL","Crops and livestock products","752","Sweden","5510","Production","21111.01","Meat of cattle with the bone, fresh or chilled","2021","2021","t","137370","A","Official value",""
"QCL","Crops and livestock products","752","Sweden","5510","Production","21111.01","Meat of cattle with the bone, fresh or chilled","2022","2022","t","136750","A","Official value",""
"QCL","Crops and livestock products","752","Sweden","5510","Production","21111.01","Meat of cattle with the bone, fresh or chilled","2023","2023","t","139640","A","Official value",""
"QCL","Crops and livestock products","752","Sweden","5510","Production","21111.01","Meat of cattle with the bone, fresh or chilled","2024","2024","t","140970","A","Official value",""
"QCL","Crops and livestock products","756","Switzerland","5510","Production","21111.01","Meat of cattle with the bone, fresh or chilled","2005","2005","t","132763","A","Official value",""
"QCL","Crops and livestock products","756","Switzerland","5510","Production","21111.01","Meat of cattle with the bone, fresh or chilled","2006","2006","t","135336","A","Official value",""
"QCL","Crops and livestock products","756","Switzerland","5510","Production","21111.01","Meat of cattle with the bone, fresh or chilled","2007","2007","t","133453","A","Official value",""
"QCL","Crops and livestock products","756","Switzerland","5510","Production","21111.01","Meat of cattle with the bone, fresh or chilled","2008","2008","t","135960","A","Official value",""
"QCL","Crops and livestock products","756","Switzerland","5510","Production","21111.01","Meat of cattle with the bone, fresh or chilled","2009","2009","t","142182","A","Official value",""
"QCL","Crops and livestock products","756","Switzerland","5510","Production","21111.01","Meat of cattle with the bone, fresh or chilled","2010","2010","t","143475","A","Official value",""
"QCL","Crops and livestock products","756","Switzerland","5510","Production","21111.01","Meat of cattle with the bone, fresh or chilled","2011","2011","t","144490","A","Official value",""
"QCL","Crops and livestock products","756","Switzerland","5510","Production","21111.01","Meat of cattle with the bone, fresh or chilled","2012","2012","t","144922","A","Official value",""
"QCL","Crops and livestock products","756","Switzerland","5510","Production","21111.01","Meat of cattle with the bone, fresh or chilled","2013","2013","t","143600","A","Official value",""
"QCL","Crops and livestock products","756","Switzerland","5510","Production","21111.01","Meat of cattle with the bone, fresh or chilled","2014","2014","t","143854","A","Official value",""
"QCL","Crops and livestock products","756","Switzerland","5510","Production","21111.01","Meat of cattle with the bone, fresh or chilled","2015","2015","t","141909","A","Official value",""
"QCL","Crops and livestock products","756","Switzerland","5510","Production","21111.01","Meat of cattle with the bone, fresh or chilled","2016","2016","t","144456","A","Official value",""
"QCL","Crops and livestock products","756","Switzerland","5510","Production","21111.01","Meat of cattle with the bone, fresh or chilled","2017","2017","t","139744","A","Official value",""
"QCL","Crops and livestock products","756","Switzerland","5510","Production","21111.01","Meat of cattle with the bone, fresh or chilled","2018","2018","t","147971","A","Official value",""
"QCL","Crops and livestock products","756","Switzerland","5510","Production","21111.01","Meat of cattle with the bone, fresh or chilled","2019","2019","t","145671","A","Official value",""
"QCL","Crops and livestock products","756","Switzerland","5510","Production","21111.01","Meat of cattle with the bone, fresh or chilled","2020","2020","t","144384","A","Official value",""
"QCL","Crops and livestock products","756","Switzerland","5510","Production","21111.01","Meat of cattle with the bone, fresh or chilled","2021","2021","t","144056","A","Official value",""
"QCL","Crops and livestock products","756","Switzerland","5510","Production","21111.01","Meat of cattle with the bone, fresh or chilled","2022","2022","t","142291","A","Official value",""
"QCL","Crops and livestock products","756","Switzerland","5510","Production","21111.01","Meat of cattle with the bone, fresh or chilled","2023","2023","t","143843","A","Official value",""
"QCL","Crops and livestock products","756","Switzerland","5510","Production","21111.01","Meat of cattle with the bone, fresh or chilled","2024","2024","t","144057","A","Official value",""
"QCL","Crops and livestock products","760","Syrian Arab Republic","5510","Production","21111.01","Meat of cattle with the bone, fresh or chilled","2005","2005","t","55167","A","Official value",""
"QCL","Crops and livestock products","760","Syrian Arab Republic","5510","Production","21111.01","Meat of cattle with the bone, fresh or chilled","2006","2006","t","60304","A","Official value",""
"QCL","Crops and livestock products","760","Syrian Arab Republic","5510","Production","21111.01","Meat of cattle with the bone, fresh or chilled","2007","2007","t","65541","A","Official value",""
"QCL","Crops and livestock products","760","Syrian Arab Republic","5510","Production","21111.01","Meat of cattle with the bone, fresh or chilled","2008","2008","t","63751","A","Official value",""
"QCL","Crops and livestock products","760","Syrian Arab Republic","5510","Production","21111.01","Meat of cattle with the bone, fresh or chilled","2009","2009","t","63008","A","Official value",""
"QCL","Crops and livestock products","760","Syrian Arab Republic","5510","Production","21111.01","Meat of cattle with the bone, fresh or chilled","2010","2010","t","61599","A","Official value",""
"QCL","Crops and livestock products","760","Syrian Arab Republic","5510","Production","21111.01","Meat of cattle with the bone, fresh or chilled","2011","2011","t","70883","A","Official value",""
"QCL","Crops and livestock products","760","Syrian Arab Republic","5510","Production","21111.01","Meat of cattle with the bone, fresh or chilled","2012","2012","t","68238","A","Official value",""
"QCL","Crops and livestock products","760","Syrian Arab Republic","5510","Production","21111.01","Meat of cattle with the bone, fresh or chilled","2013","2013","t","69880","A","Official value",""
"QCL","Crops and livestock products","760","Syrian Arab Republic","5510","Production","21111.01","Meat of cattle with the bone, fresh or chilled","2014","2014","t","64830","A","Official value",""
"QCL","Crops and livestock products","760","Syrian Arab Republic","5510","Production","21111.01","Meat of cattle with the bone, fresh or chilled","2015","2015","t","57859","A","Official value",""
"QCL","Crops and livestock products","760","Syrian Arab Republic","5510","Production","21111.01","Meat of cattle with the bone, fresh or chilled","2016","2016","t","57666","A","Official value",""
"QCL","Crops and livestock products","760","Syrian Arab Republic","5510","Production","21111.01","Meat of cattle with the bone, fresh or chilled","2017","2017","t","53459","A","Official value",""
"QCL","Crops and livestock products","760","Syrian Arab Republic","5510","Production","21111.01","Meat of cattle with the bone, fresh or chilled","2018","2018","t","49369","A","Official value",""
"QCL","Crops and livestock products","760","Syrian Arab Republic","5510","Production","21111.01","Meat of cattle with the bone, fresh or chilled","2019","2019","t","51931.86","A","Official value",""
"QCL","Crops and livestock products","760","Syrian Arab Republic","5510","Production","21111.01","Meat of cattle with the bone, fresh or chilled","2020","2020","t","64391.91","A","Official value",""
"QCL","Crops and livestock products","760","Syrian Arab Republic","5510","Production","21111.01","Meat of cattle with the bone, fresh or chilled","2021","2021","t","63044.11","A","Official value",""
"QCL","Crops and livestock products","760","Syrian Arab Republic","5510","Production","21111.01","Meat of cattle with the bone, fresh or chilled","2022","2022","t","50102","A","Official value",""
"QCL","Crops and livestock products","760","Syrian Arab Republic","5510","Production","21111.01","Meat of cattle with the bone, fresh or chilled","2023","2023","t","42175","A","Official value",""
"QCL","Crops and livestock products","760","Syrian Arab Republic","5510","Production","21111.01","Meat of cattle with the bone, fresh or chilled","2024","2024","t","41649","A","Official value",""
"QCL","Crops and livestock products","762","Tajikistan","5510","Production","21111.01","Meat of cattle with the bone, fresh or chilled","2005","2005","t","26700","A","Official value",""
"QCL","Crops and livestock products","762","Tajikistan","5510","Production","21111.01","Meat of cattle with the bone, fresh or chilled","2006","2006","t","23700","A","Official value",""
"QCL","Crops and livestock products","762","Tajikistan","5510","Production","21111.01","Meat of cattle with the bone, fresh or chilled","2007","2007","t","25200","A","Official value",""
"QCL","Crops and livestock products","762","Tajikistan","5510","Production","21111.01","Meat of cattle with the bone, fresh or chilled","2008","2008","t","25100","A","Official value",""
"QCL","Crops and livestock products","762","Tajikistan","5510","Production","21111.01","Meat of cattle with the bone, fresh or chilled","2009","2009","t","25976","A","Official value",""
"QCL","Crops and livestock products","762","Tajikistan","5510","Production","21111.01","Meat of cattle with the bone, fresh or chilled","2010","2010","t","28642","A","Official value",""
"QCL","Crops and livestock products","762","Tajikistan","5510","Production","21111.01","Meat of cattle with the bone, fresh or chilled","2011","2011","t","29300","A","Official value",""
"QCL","Crops and livestock products","762","Tajikistan","5510","Production","21111.01","Meat of cattle with the bone, fresh or chilled","2012","2012","t","30683","A","Official value",""
"QCL","Crops and livestock products","762","Tajikistan","5510","Production","21111.01","Meat of cattle with the bone, fresh or chilled","2013","2013","t","38500","A","Official value",""
"QCL","Crops and livestock products","762","Tajikistan","5510","Production","21111.01","Meat of cattle with the bone, fresh or chilled","2014","2014","t","44200","A","Official value",""
"QCL","Crops and livestock products","762","Tajikistan","5510","Production","21111.01","Meat of cattle with the bone, fresh or chilled","2015","2015","t","100000","E","Estimated value",""
"QCL","Crops and livestock products","762","Tajikistan","5510","Production","21111.01","Meat of cattle with the bone, fresh or chilled","2016","2016","t","150000","E","Estimated value",""
"QCL","Crops and livestock products","762","Tajikistan","5510","Production","21111.01","Meat of cattle with the bone, fresh or chilled","2017","2017","t","248768.8","A","Official value",""
"QCL","Crops and livestock products","762","Tajikistan","5510","Production","21111.01","Meat of cattle with the bone, fresh or chilled","2018","2018","t","261926.7","A","Official value",""
"QCL","Crops and livestock products","762","Tajikistan","5510","Production","21111.01","Meat of cattle with the bone, fresh or chilled","2019","2019","t","272520.9","A","Official value",""
"QCL","Crops and livestock products","762","Tajikistan","5510","Production","21111.01","Meat of cattle with the bone, fresh or chilled","2020","2020","t","270000","E","Estimated value",""
"QCL","Crops and livestock products","762","Tajikistan","5510","Production","21111.01","Meat of cattle with the bone, fresh or chilled","2021","2021","t","270000","E","Estimated value",""
"QCL","Crops and livestock products","762","Tajikistan","5510","Production","21111.01","Meat of cattle with the bone, fresh or chilled","2022","2022","t","270000","E","Estimated value",""
"QCL","Crops and livestock products","762","Tajikistan","5510","Production","21111.01","Meat of cattle with the bone, fresh or chilled","2023","2023","t","302021.41","E","Estimated value",""
"QCL","Crops and livestock products","762","Tajikistan","5510","Production","21111.01","Meat of cattle with the bone, fresh or chilled","2024","2024","t","313638.54","E","Estimated value",""
"QCL","Crops and livestock products","764","Thailand","5510","Production","21111.01","Meat of cattle with the bone, fresh or chilled","2005","2005","t","110766","A","Official value",""
"QCL","Crops and livestock products","764","Thailand","5510","Production","21111.01","Meat of cattle with the bone, fresh or chilled","2006","2006","t","118141","A","Official value",""
"QCL","Crops and livestock products","764","Thailand","5510","Production","21111.01","Meat of cattle with the bone, fresh or chilled","2007","2007","t","141950","A","Official value",""
"QCL","Crops and livestock products","764","Thailand","5510","Production","21111.01","Meat of cattle with the bone, fresh or chilled","2008","2008","t","141582","X","Value from external organization","Unofficial figure"
"QCL","Crops and livestock products","764","Thailand","5510","Production","21111.01","Meat of cattle with the bone, fresh or chilled","2009","2009","t","145200","X","Value from external organization","Unofficial figure"
"QCL","Crops and livestock products","764","Thailand","5510","Production","21111.01","Meat of cattle with the bone, fresh or chilled","2010","2010","t","154958","A","Official value",""
"QCL","Crops and livestock products","764","Thailand","5510","Production","21111.01","Meat of cattle with the bone, fresh or chilled","2011","2011","t","149039","A","Official value",""
"QCL","Crops and livestock products","764","Thailand","5510","Production","21111.01","Meat of cattle with the bone, fresh or chilled","2012","2012","t","140713","A","Official value",""
"QCL","Crops and livestock products","764","Thailand","5510","Production","21111.01","Meat of cattle with the bone, fresh or chilled","2013","2013","t","136425","A","Official value",""
"QCL","Crops and livestock products","764","Thailand","5510","Production","21111.01","Meat of cattle with the bone, fresh or chilled","2014","2014","t","133616","A","Official value",""
"QCL","Crops and livestock products","764","Thailand","5510","Production","21111.01","Meat of cattle with the bone, fresh or chilled","2015","2015","t","144702.05","I","Value imputed by a receiving agency",""
"QCL","Crops and livestock products","764","Thailand","5510","Production","21111.01","Meat of cattle with the bone, fresh or chilled","2016","2016","t","140000","E","Estimated value",""
"QCL","Crops and livestock products","764","Thailand","5510","Production","21111.01","Meat of cattle with the bone, fresh or chilled","2017","2017","t","145000","E","Estimated value",""
"QCL","Crops and livestock products","764","Thailand","5510","Production","21111.01","Meat of cattle with the bone, fresh or chilled","2018","2018","t","140000","E","Estimated value",""
"QCL","Crops and livestock products","764","Thailand","5510","Production","21111.01","Meat of cattle with the bone, fresh or chilled","2019","2019","t","143000","E","Estimated value",""
"QCL","Crops and livestock products","764","Thailand","5510","Production","21111.01","Meat of cattle with the bone, fresh or chilled","2020","2020","t","123662.58","I","Value imputed by a receiving agency",""
"QCL","Crops and livestock products","764","Thailand","5510","Production","21111.01","Meat of cattle with the bone, fresh or chilled","2021","2021","t","133924.85","E","Estimated value",""
"QCL","Crops and livestock products","764","Thailand","5510","Production","21111.01","Meat of cattle with the bone, fresh or chilled","2022","2022","t","127028.94","E","Estimated value",""
"QCL","Crops and livestock products","764","Thailand","5510","Production","21111.01","Meat of cattle with the bone, fresh or chilled","2023","2023","t","118908.33","E","Estimated value",""
"QCL","Crops and livestock products","764","Thailand","5510","Production","21111.01","Meat of cattle with the bone, fresh or chilled","2024","2024","t","112425.2","E","Estimated value",""
"QCL","Crops and livestock products","626","Timor-Leste","5510","Production","21111.01","Meat of cattle with the bone, fresh or chilled","2005","2005","t","927","E","Estimated value",""
"QCL","Crops and livestock products","626","Timor-Leste","5510","Production","21111.01","Meat of cattle with the bone, fresh or chilled","2006","2006","t","947.6","I","Value imputed by a receiving agency",""
"QCL","Crops and livestock products","626","Timor-Leste","5510","Production","21111.01","Meat of cattle with the bone, fresh or chilled","2007","2007","t","968.2","I","Value imputed by a receiving agency",""
"QCL","Crops and livestock products","626","Timor-Leste","5510","Production","21111.01","Meat of cattle with the bone, fresh or chilled","2008","2008","t","988.8","I","Value imputed by a receiving agency",""
"QCL","Crops and livestock products","626","Timor-Leste","5510","Production","21111.01","Meat of cattle with the bone, fresh or chilled","2009","2009","t","1009.4","I","Value imputed by a receiving agency",""
"QCL","Crops and livestock products","626","Timor-Leste","5510","Production","21111.01","Meat of cattle with the bone, fresh or chilled","2010","2010","t","1040.3","I","Value imputed by a receiving agency",""
"QCL","Crops and livestock products","626","Timor-Leste","5510","Production","21111.01","Meat of cattle with the bone, fresh or chilled","2011","2011","t","1091.8","I","Value imputed by a receiving agency",""
"QCL","Crops and livestock products","626","Timor-Leste","5510","Production","21111.01","Meat of cattle with the bone, fresh or chilled","2012","2012","t","1112.4","I","Value imputed by a receiving agency",""
"QCL","Crops and livestock products","626","Timor-Leste","5510","Production","21111.01","Meat of cattle with the bone, fresh or chilled","2013","2013","t","1133","I","Value imputed by a receiving agency",""
"QCL","Crops and livestock products","626","Timor-Leste","5510","Production","21111.01","Meat of cattle with the bone, fresh or chilled","2014","2014","t","1080.65","I","Value imputed by a receiving agency",""
"QCL","Crops and livestock products","626","Timor-Leste","5510","Production","21111.01","Meat of cattle with the bone, fresh or chilled","2015","2015","t","1316.96","I","Value imputed by a receiving agency",""
"QCL","Crops and livestock products","626","Timor-Leste","5510","Production","21111.01","Meat of cattle with the bone, fresh or chilled","2016","2016","t","1339.2","I","Value imputed by a receiving agency",""
"QCL","Crops and livestock products","626","Timor-Leste","5510","Production","21111.01","Meat of cattle with the bone, fresh or chilled","2017","2017","t","1370.14","I","Value imputed by a receiving agency",""
"QCL","Crops and livestock products","626","Timor-Leste","5510","Production","21111.01","Meat of cattle with the bone, fresh or chilled","2018","2018","t","1387.3","I","Value imputed by a receiving agency",""
"QCL","Crops and livestock products","626","Timor-Leste","5510","Production","21111.01","Meat of cattle with the bone, fresh or chilled","2019","2019","t","1763.44","I","Value imputed by a receiving agency",""
"QCL","Crops and livestock products","626","Timor-Leste","5510","Production","21111.01","Meat of cattle with the bone, fresh or chilled","2020","2020","t","1407.24","I","Value imputed by a receiving agency",""
"QCL","Crops and livestock products","626","Timor-Leste","5510","Production","21111.01","Meat of cattle with the bone, fresh or chilled","2021","2021","t","1220.29","I","Value imputed by a receiving agency",""
"QCL","Crops and livestock products","626","Timor-Leste","5510","Production","21111.01","Meat of cattle with the bone, fresh or chilled","2022","2022","t","1277.43","I","Value imputed by a receiving agency",""
"QCL","Crops and livestock products","626","Timor-Leste","5510","Production","21111.01","Meat of cattle with the bone, fresh or chilled","2023","2023","t","1308.82","I","Value imputed by a receiving agency",""
"QCL","Crops and livestock products","626","Timor-Leste","5510","Production","21111.01","Meat of cattle with the bone, fresh or chilled","2024","2024","t","1275.34","I","Value imputed by a receiving agency",""
"QCL","Crops and livestock products","768","Togo","5510","Production","21111.01","Meat of cattle with the bone, fresh or chilled","2005","2005","t","8200","E","Estimated value",""
"QCL","Crops and livestock products","768","Togo","5510","Production","21111.01","Meat of cattle with the bone, fresh or chilled","2006","2006","t","8325","E","Estimated value",""
"QCL","Crops and livestock products","768","Togo","5510","Production","21111.01","Meat of cattle with the bone, fresh or chilled","2007","2007","t","8531.25","E","Estimated value",""
"QCL","Crops and livestock products","768","Togo","5510","Production","21111.01","Meat of cattle with the bone, fresh or chilled","2008","2008","t","8800","E","Estimated value",""
"QCL","Crops and livestock products","768","Togo","5510","Production","21111.01","Meat of cattle with the bone, fresh or chilled","2009","2009","t","9085","E","Estimated value",""
"QCL","Crops and livestock products","768","Togo","5510","Production","21111.01","Meat of cattle with the bone, fresh or chilled","2010","2010","t","9250","E","Estimated value",""
"QCL","Crops and livestock products","768","Togo","5510","Production","21111.01","Meat of cattle with the bone, fresh or chilled","2011","2011","t","9375","E","Estimated value",""
"QCL","Crops and livestock products","768","Togo","5510","Production","21111.01","Meat of cattle with the bone, fresh or chilled","2012","2012","t","9625","E","Estimated value",""
"QCL","Crops and livestock products","768","Togo","5510","Production","21111.01","Meat of cattle with the bone, fresh or chilled","2013","2013","t","9812.5","E","Estimated value",""
"QCL","Crops and livestock products","768","Togo","5510","Production","21111.01","Meat of cattle with the bone, fresh or chilled","2014","2014","t","4636","A","Official value",""
"QCL","Crops and livestock products","768","Togo","5510","Production","21111.01","Meat of cattle with the bone, fresh or chilled","2015","2015","t","4683","A","Official value",""
"QCL","Crops and livestock products","768","Togo","5510","Production","21111.01","Meat of cattle with the bone, fresh or chilled","2016","2016","t","4730","A","Official value",""
"QCL","Crops and livestock products","768","Togo","5510","Production","21111.01","Meat of cattle with the bone, fresh or chilled","2017","2017","t","4777","A","Official value",""
"QCL","Crops and livestock products","768","Togo","5510","Production","21111.01","Meat of cattle with the bone, fresh or chilled","2018","2018","t","4803","A","Official value",""
"QCL","Crops and livestock products","768","Togo","5510","Production","21111.01","Meat of cattle with the bone, fresh or chilled","2019","2019","t","4873","A","Official value",""
"QCL","Crops and livestock products","768","Togo","5510","Production","21111.01","Meat of cattle with the bone, fresh or chilled","2020","2020","t","5850.49","A","Official value",""
"QCL","Crops and livestock products","768","Togo","5510","Production","21111.01","Meat of cattle with the bone, fresh or chilled","2021","2021","t","6877.75","A","Official value",""
"QCL","Crops and livestock products","768","Togo","5510","Production","21111.01","Meat of cattle with the bone, fresh or chilled","2022","2022","t","7868.91","A","Official value",""
"QCL","Crops and livestock products","768","Togo","5510","Production","21111.01","Meat of cattle with the bone, fresh or chilled","2023","2023","t","8698.99","I","Value imputed by a receiving agency",""
"QCL","Crops and livestock products","768","Togo","5510","Production","21111.01","Meat of cattle with the bone, fresh or chilled","2024","2024","t","8800","E","Estimated value",""
"QCL","Crops and livestock products","776","Tonga","5510","Production","21111.01","Meat of cattle with the bone, fresh or chilled","2005","2005","t","342","E","Estimated value",""
"QCL","Crops and livestock products","776","Tonga","5510","Production","21111.01","Meat of cattle with the bone, fresh or chilled","2006","2006","t","351.5","E","Estimated value",""
"QCL","Crops and livestock products","776","Tonga","5510","Production","21111.01","Meat of cattle with the bone, fresh or chilled","2007","2007","t","361","E","Estimated value",""
"QCL","Crops and livestock products","776","Tonga","5510","Production","21111.01","Meat of cattle with the bone, fresh or chilled","2008","2008","t","361","E","Estimated value",""
"QCL","Crops and livestock products","776","Tonga","5510","Production","21111.01","Meat of cattle with the bone, fresh or chilled","2009","2009","t","361","E","Estimated value",""
"QCL","Crops and livestock products","776","Tonga","5510","Production","21111.01","Meat of cattle with the bone, fresh or chilled","2010","2010","t","349.01","I","Value imputed by a receiving agency",""
"QCL","Crops and livestock products","776","Tonga","5510","Production","21111.01","Meat of cattle with the bone, fresh or chilled","2011","2011","t","348.46","I","Value imputed by a receiving agency",""
"QCL","Crops and livestock products","776","Tonga","5510","Production","21111.01","Meat of cattle with the bone, fresh or chilled","2012","2012","t","370","E","Estimated value",""
"QCL","Crops and livestock products","776","Tonga","5510","Production","21111.01","Meat of cattle with the bone, fresh or chilled","2013","2013","t","358.37","I","Value imputed by a receiving agency",""
"QCL","Crops and livestock products","776","Tonga","5510","Production","21111.01","Meat of cattle with the bone, fresh or chilled","2014","2014","t","350.83","I","Value imputed by a receiving agency",""
"QCL","Crops and livestock products","776","Tonga","5510","Production","21111.01","Meat of cattle with the bone, fresh or chilled","2015","2015","t","345.49","I","Value imputed by a receiving agency",""
"QCL","Crops and livestock products","776","Tonga","5510","Production","21111.01","Meat of cattle with the bone, fresh or chilled","2016","2016","t","346.72","I","Value imputed by a receiving agency",""
"QCL","Crops and livestock products","776","Tonga","5510","Production","21111.01","Meat of cattle with the bone, fresh or chilled","2017","2017","t","352.6","I","Value imputed by a receiving agency",""
"QCL","Crops and livestock products","776","Tonga","5510","Production","21111.01","Meat of cattle with the bone, fresh or chilled","2018","2018","t","353.54","I","Value imputed by a receiving agency",""
"QCL","Crops and livestock products","776","Tonga","5510","Production","21111.01","Meat of cattle with the bone, fresh or chilled","2019","2019","t","351.81","I","Value imputed by a receiving agency",""
"QCL","Crops and livestock products","776","Tonga","5510","Production","21111.01","Meat of cattle with the bone, fresh or chilled","2020","2020","t","348.02","I","Value imputed by a receiving agency",""
"QCL","Crops and livestock products","776","Tonga","5510","Production","21111.01","Meat of cattle with the bone, fresh or chilled","2021","2021","t","349.56","I","Value imputed by a receiving agency",""
"QCL","Crops and livestock products","776","Tonga","5510","Production","21111.01","Meat of cattle with the bone, fresh or chilled","2022","2022","t","347.74","I","Value imputed by a receiving agency",""
"QCL","Crops and livestock products","776","Tonga","5510","Production","21111.01","Meat of cattle with the bone, fresh or chilled","2023","2023","t","346.81","I","Value imputed by a receiving agency",""
"QCL","Crops and livestock products","776","Tonga","5510","Production","21111.01","Meat of cattle with the bone, fresh or chilled","2024","2024","t","345.87","I","Value imputed by a receiving agency",""
"QCL","Crops and livestock products","780","Trinidad and Tobago","5510","Production","21111.01","Meat of cattle with the bone, fresh or chilled","2005","2005","t","765","E","Estimated value",""
"QCL","Crops and livestock products","780","Trinidad and Tobago","5510","Production","21111.01","Meat of cattle with the bone, fresh or chilled","2006","2006","t","600","E","Estimated value",""
"QCL","Crops and livestock products","780","Trinidad and Tobago","5510","Production","21111.01","Meat of cattle with the bone, fresh or chilled","2007","2007","t","500","E","Estimated value",""
"QCL","Crops and livestock products","780","Trinidad and Tobago","5510","Production","21111.01","Meat of cattle with the bone, fresh or chilled","2008","2008","t","700","E","Estimated value",""
"QCL","Crops and livestock products","780","Trinidad and Tobago","5510","Production","21111.01","Meat of cattle with the bone, fresh or chilled","2009","2009","t","1250","E","Estimated value",""
"QCL","Crops and livestock products","780","Trinidad and Tobago","5510","Production","21111.01","Meat of cattle with the bone, fresh or chilled","2010","2010","t","1155","E","Estimated value",""
"QCL","Crops and livestock products","780","Trinidad and Tobago","5510","Production","21111.01","Meat of cattle with the bone, fresh or chilled","2011","2011","t","975","E","Estimated value",""
"QCL","Crops and livestock products","780","Trinidad and Tobago","5510","Production","21111.01","Meat of cattle with the bone, fresh or chilled","2012","2012","t","993","E","Estimated value",""
"QCL","Crops and livestock products","780","Trinidad and Tobago","5510","Production","21111.01","Meat of cattle with the bone, fresh or chilled","2013","2013","t","1008","E","Estimated value",""
"QCL","Crops and livestock products","780","Trinidad and Tobago","5510","Production","21111.01","Meat of cattle with the bone, fresh or chilled","2014","2014","t","1002.47","I","Value imputed by a receiving agency",""
"QCL","Crops and livestock products","780","Trinidad and Tobago","5510","Production","21111.01","Meat of cattle with the bone, fresh or chilled","2015","2015","t","995.05","I","Value imputed by a receiving agency",""
"QCL","Crops and livestock products","780","Trinidad and Tobago","5510","Production","21111.01","Meat of cattle with the bone, fresh or chilled","2016","2016","t","1001.17","I","Value imputed by a receiving agency",""
"QCL","Crops and livestock products","780","Trinidad and Tobago","5510","Production","21111.01","Meat of cattle with the bone, fresh or chilled","2017","2017","t","1010.88","I","Value imputed by a receiving agency",""
"QCL","Crops and livestock products","780","Trinidad and Tobago","5510","Production","21111.01","Meat of cattle with the bone, fresh or chilled","2018","2018","t","996.43","I","Value imputed by a receiving agency",""
"QCL","Crops and livestock products","780","Trinidad and Tobago","5510","Production","21111.01","Meat of cattle with the bone, fresh or chilled","2019","2019","t","999.51","I","Value imputed by a receiving agency",""
"QCL","Crops and livestock products","780","Trinidad and Tobago","5510","Production","21111.01","Meat of cattle with the bone, fresh or chilled","2020","2020","t","1000.81","I","Value imputed by a receiving agency",""
"QCL","Crops and livestock products","780","Trinidad and Tobago","5510","Production","21111.01","Meat of cattle with the bone, fresh or chilled","2021","2021","t","1001.92","I","Value imputed by a receiving agency",""
"QCL","Crops and livestock products","780","Trinidad and Tobago","5510","Production","21111.01","Meat of cattle with the bone, fresh or chilled","2022","2022","t","1005","E","Estimated value",""
"QCL","Crops and livestock products","780","Trinidad and Tobago","5510","Production","21111.01","Meat of cattle with the bone, fresh or chilled","2023","2023","t","1012.5","E","Estimated value",""
"QCL","Crops and livestock products","780","Trinidad and Tobago","5510","Production","21111.01","Meat of cattle with the bone, fresh or chilled","2024","2024","t","1020","E","Estimated value",""
"QCL","Crops and livestock products","788","Tunisia","5510","Production","21111.01","Meat of cattle with the bone, fresh or chilled","2005","2005","t","45800","A","Official value",""
"QCL","Crops and livestock products","788","Tunisia","5510","Production","21111.01","Meat of cattle with the bone, fresh or chilled","2006","2006","t","48800","A","Official value",""
"QCL","Crops and livestock products","788","Tunisia","5510","Production","21111.01","Meat of cattle with the bone, fresh or chilled","2007","2007","t","52400","A","Official value",""
"QCL","Crops and livestock products","788","Tunisia","5510","Production","21111.01","Meat of cattle with the bone, fresh or chilled","2008","2008","t","54000","A","Official value",""
"QCL","Crops and livestock products","788","Tunisia","5510","Production","21111.01","Meat of cattle with the bone, fresh or chilled","2009","2009","t","51600","A","Official value",""
"QCL","Crops and livestock products","788","Tunisia","5510","Production","21111.01","Meat of cattle with the bone, fresh or chilled","2010","2010","t","55800","A","Official value",""
"QCL","Crops and livestock products","788","Tunisia","5510","Production","21111.01","Meat of cattle with the bone, fresh or chilled","2011","2011","t","54300","A","Official value",""
"QCL","Crops and livestock products","788","Tunisia","5510","Production","21111.01","Meat of cattle with the bone, fresh or chilled","2012","2012","t","54600","A","Official value",""
"QCL","Crops and livestock products","788","Tunisia","5510","Production","21111.01","Meat of cattle with the bone, fresh or chilled","2013","2013","t","56000","A","Official value",""
"QCL","Crops and livestock products","788","Tunisia","5510","Production","21111.01","Meat of cattle with the bone, fresh or chilled","2014","2014","t","58000","A","Official value",""
"QCL","Crops and livestock products","788","Tunisia","5510","Production","21111.01","Meat of cattle with the bone, fresh or chilled","2015","2015","t","59300","A","Official value",""
"QCL","Crops and livestock products","788","Tunisia","5510","Production","21111.01","Meat of cattle with the bone, fresh or chilled","2016","2016","t","59300","A","Official value",""
"QCL","Crops and livestock products","788","Tunisia","5510","Production","21111.01","Meat of cattle with the bone, fresh or chilled","2017","2017","t","52000","A","Official value",""
"QCL","Crops and livestock products","788","Tunisia","5510","Production","21111.01","Meat of cattle with the bone, fresh or chilled","2018","2018","t","51500","A","Official value",""
"QCL","Crops and livestock products","788","Tunisia","5510","Production","21111.01","Meat of cattle with the bone, fresh or chilled","2019","2019","t","44700","A","Official value",""
"QCL","Crops and livestock products","788","Tunisia","5510","Production","21111.01","Meat of cattle with the bone, fresh or chilled","2020","2020","t","49400","A","Official value",""
"QCL","Crops and livestock products","788","Tunisia","5510","Production","21111.01","Meat of cattle with the bone, fresh or chilled","2021","2021","t","49900","A","Official value",""
"QCL","Crops and livestock products","788","Tunisia","5510","Production","21111.01","Meat of cattle with the bone, fresh or chilled","2022","2022","t","50490","A","Official value",""
"QCL","Crops and livestock products","788","Tunisia","5510","Production","21111.01","Meat of cattle with the bone, fresh or chilled","2023","2023","t","45899.18","I","Value imputed by a receiving agency",""
"QCL","Crops and livestock products","788","Tunisia","5510","Production","21111.01","Meat of cattle with the bone, fresh or chilled","2024","2024","t","41793.32","I","Value imputed by a receiving agency",""
"QCL","Crops and livestock products","792","Türkiye","5510","Production","21111.01","Meat of cattle with the bone, fresh or chilled","2005","2005","t","491559.92","A","Official value",""
"QCL","Crops and livestock products","792","Türkiye","5510","Production","21111.01","Meat of cattle with the bone, fresh or chilled","2006","2006","t","514042","A","Official value",""
"QCL","Crops and livestock products","792","Türkiye","5510","Production","21111.01","Meat of cattle with the bone, fresh or chilled","2007","2007","t","549512.86","A","Official value",""
"QCL","Crops and livestock products","792","Türkiye","5510","Production","21111.01","Meat of cattle with the bone, fresh or chilled","2008","2008","t","581497.48","A","Official value",""
"QCL","Crops and livestock products","792","Türkiye","5510","Production","21111.01","Meat of cattle with the bone, fresh or chilled","2009","2009","t","608183.48","A","Official value",""
"QCL","Crops and livestock products","792","Türkiye","5510","Production","21111.01","Meat of cattle with the bone, fresh or chilled","2010","2010","t","647067.39","A","Official value",""
"QCL","Crops and livestock products","792","Türkiye","5510","Production","21111.01","Meat of cattle with the bone, fresh or chilled","2011","2011","t","710652.09","A","Official value",""
"QCL","Crops and livestock products","792","Türkiye","5510","Production","21111.01","Meat of cattle with the bone, fresh or chilled","2012","2012","t","790034.43","A","Official value",""
"QCL","Crops and livestock products","792","Türkiye","5510","Production","21111.01","Meat of cattle with the bone, fresh or chilled","2013","2013","t","798783.9","A","Official value",""
"QCL","Crops and livestock products","792","Türkiye","5510","Production","21111.01","Meat of cattle with the bone, fresh or chilled","2014","2014","t","815673.78","A","Official value",""
"QCL","Crops and livestock products","792","Türkiye","5510","Production","21111.01","Meat of cattle with the bone, fresh or chilled","2015","2015","t","862098.12","A","Official value",""
"QCL","Crops and livestock products","792","Türkiye","5510","Production","21111.01","Meat of cattle with the bone, fresh or chilled","2016","2016","t","956180.38","A","Official value",""
"QCL","Crops and livestock products","792","Türkiye","5510","Production","21111.01","Meat of cattle with the bone, fresh or chilled","2017","2017","t","1093840.65","A","Official value",""
"QCL","Crops and livestock products","792","Türkiye","5510","Production","21111.01","Meat of cattle with the bone, fresh or chilled","2018","2018","t","1281234.27","A","Official value",""
"QCL","Crops and livestock products","792","Türkiye","5510","Production","21111.01","Meat of cattle with the bone, fresh or chilled","2019","2019","t","1330169.28","A","Official value",""
"QCL","Crops and livestock products","792","Türkiye","5510","Production","21111.01","Meat of cattle with the bone, fresh or chilled","2020","2020","t","1341445.52","A","Official value",""
"QCL","Crops and livestock products","792","Türkiye","5510","Production","21111.01","Meat of cattle with the bone, fresh or chilled","2021","2021","t","1460719.27","A","Official value",""
"QCL","Crops and livestock products","792","Türkiye","5510","Production","21111.01","Meat of cattle with the bone, fresh or chilled","2022","2022","t","1572747.15","A","Official value",""
"QCL","Crops and livestock products","792","Türkiye","5510","Production","21111.01","Meat of cattle with the bone, fresh or chilled","2023","2023","t","1670606.03","A","Official value",""
"QCL","Crops and livestock products","792","Türkiye","5510","Production","21111.01","Meat of cattle with the bone, fresh or chilled","2024","2024","t","1483042.41","A","Official value",""
"QCL","Crops and livestock products","795","Turkmenistan","5510","Production","21111.01","Meat of cattle with the bone, fresh or chilled","2005","2005","t","103000","E","Estimated value",""
"QCL","Crops and livestock products","795","Turkmenistan","5510","Production","21111.01","Meat of cattle with the bone, fresh or chilled","2006","2006","t","102000","E","Estimated value",""
"QCL","Crops and livestock products","795","Turkmenistan","5510","Production","21111.01","Meat of cattle with the bone, fresh or chilled","2007","2007","t","138000","X","Value from external organization","Unofficial figure"
"QCL","Crops and livestock products","795","Turkmenistan","5510","Production","21111.01","Meat of cattle with the bone, fresh or chilled","2008","2008","t","136000","X","Value from external organization","Unofficial figure"
"QCL","Crops and livestock products","795","Turkmenistan","5510","Production","21111.01","Meat of cattle with the bone, fresh or chilled","2009","2009","t","140000","X","Value from external organization","Unofficial figure"
"QCL","Crops and livestock products","795","Turkmenistan","5510","Production","21111.01","Meat of cattle with the bone, fresh or chilled","2010","2010","t","140735.18","I","Value imputed by a receiving agency",""
"QCL","Crops and livestock products","795","Turkmenistan","5510","Production","21111.01","Meat of cattle with the bone, fresh or chilled","2011","2011","t","144612.89","I","Value imputed by a receiving agency",""
"QCL","Crops and livestock products","795","Turkmenistan","5510","Production","21111.01","Meat of cattle with the bone, fresh or chilled","2012","2012","t","148858.61","I","Value imputed by a receiving agency",""
"QCL","Crops and livestock products","795","Turkmenistan","5510","Production","21111.01","Meat of cattle with the bone, fresh or chilled","2013","2013","t","153299.86","I","Value imputed by a receiving agency",""
"QCL","Crops and livestock products","795","Turkmenistan","5510","Production","21111.01","Meat of cattle with the bone, fresh or chilled","2014","2014","t","157459.18","I","Value imputed by a receiving agency",""
"QCL","Crops and livestock products","795","Turkmenistan","5510","Production","21111.01","Meat of cattle with the bone, fresh or chilled","2015","2015","t","161171.8","I","Value imputed by a receiving agency",""
"QCL","Crops and livestock products","795","Turkmenistan","5510","Production","21111.01","Meat of cattle with the bone, fresh or chilled","2016","2016","t","171071.09","A","Official value",""
"QCL","Crops and livestock products","795","Turkmenistan","5510","Production","21111.01","Meat of cattle with the bone, fresh or chilled","2017","2017","t","175497.35","A","Official value",""
"QCL","Crops and livestock products","795","Turkmenistan","5510","Production","21111.01","Meat of cattle with the bone, fresh or chilled","2018","2018","t","174366.44","A","Official value",""
"QCL","Crops and livestock products","795","Turkmenistan","5510","Production","21111.01","Meat of cattle with the bone, fresh or chilled","2019","2019","t","175109","A","Official value",""
"QCL","Crops and livestock products","795","Turkmenistan","5510","Production","21111.01","Meat of cattle with the bone, fresh or chilled","2020","2020","t","177034","A","Official value",""
"QCL","Crops and livestock products","795","Turkmenistan","5510","Production","21111.01","Meat of cattle with the bone, fresh or chilled","2021","2021","t","173336.66","A","Official value",""
"QCL","Crops and livestock products","795","Turkmenistan","5510","Production","21111.01","Meat of cattle with the bone, fresh or chilled","2022","2022","t","173147.82","A","Official value",""
"QCL","Crops and livestock products","795","Turkmenistan","5510","Production","21111.01","Meat of cattle with the bone, fresh or chilled","2023","2023","t","187235.39","A","Official value",""
"QCL","Crops and livestock products","795","Turkmenistan","5510","Production","21111.01","Meat of cattle with the bone, fresh or chilled","2024","2024","t","209347.02","A","Official value",""
"QCL","Crops and livestock products","800","Uganda","5510","Production","21111.01","Meat of cattle with the bone, fresh or chilled","2005","2005","t","147000","A","Official value",""
"QCL","Crops and livestock products","800","Uganda","5510","Production","21111.01","Meat of cattle with the bone, fresh or chilled","2006","2006","t","160000","A","Official value",""
"QCL","Crops and livestock products","800","Uganda","5510","Production","21111.01","Meat of cattle with the bone, fresh or chilled","2007","2007","t","174150","A","Official value",""
"QCL","Crops and livestock products","800","Uganda","5510","Production","21111.01","Meat of cattle with the bone, fresh or chilled","2008","2008","t","169950","A","Official value",""
"QCL","Crops and livestock products","800","Uganda","5510","Production","21111.01","Meat of cattle with the bone, fresh or chilled","2009","2009","t","175049","A","Official value",""
"QCL","Crops and livestock products","800","Uganda","5510","Production","21111.01","Meat of cattle with the bone, fresh or chilled","2010","2010","t","180300","A","Official value",""
"QCL","Crops and livestock products","800","Uganda","5510","Production","21111.01","Meat of cattle with the bone, fresh or chilled","2011","2011","t","185709","A","Official value",""
"QCL","Crops and livestock products","800","Uganda","5510","Production","21111.01","Meat of cattle with the bone, fresh or chilled","2012","2012","t","191280","A","Official value",""
"QCL","Crops and livestock products","800","Uganda","5510","Production","21111.01","Meat of cattle with the bone, fresh or chilled","2013","2013","t","199008","A","Official value",""
"QCL","Crops and livestock products","800","Uganda","5510","Production","21111.01","Meat of cattle with the bone, fresh or chilled","2014","2014","t","202929","A","Official value",""
"QCL","Crops and livestock products","800","Uganda","5510","Production","21111.01","Meat of cattle with the bone, fresh or chilled","2015","2015","t","209017","A","Official value",""
"QCL","Crops and livestock products","800","Uganda","5510","Production","21111.01","Meat of cattle with the bone, fresh or chilled","2016","2016","t","214033","A","Official value",""
"QCL","Crops and livestock products","800","Uganda","5510","Production","21111.01","Meat of cattle with the bone, fresh or chilled","2017","2017","t","211358","A","Official value",""
"QCL","Crops and livestock products","800","Uganda","5510","Production","21111.01","Meat of cattle with the bone, fresh or chilled","2018","2018","t","217065","A","Official value",""
"QCL","Crops and livestock products","800","Uganda","5510","Production","21111.01","Meat of cattle with the bone, fresh or chilled","2019","2019","t","195000","A","Official value",""
"QCL","Crops and livestock products","800","Uganda","5510","Production","21111.01","Meat of cattle with the bone, fresh or chilled","2020","2020","t","216000","A","Official value",""
"QCL","Crops and livestock products","800","Uganda","5510","Production","21111.01","Meat of cattle with the bone, fresh or chilled","2021","2021","t","228000","A","Official value",""
"QCL","Crops and livestock products","800","Uganda","5510","Production","21111.01","Meat of cattle with the bone, fresh or chilled","2022","2022","t","231000","A","Official value",""
"QCL","Crops and livestock products","800","Uganda","5510","Production","21111.01","Meat of cattle with the bone, fresh or chilled","2023","2023","t","225045","A","Official value",""
"QCL","Crops and livestock products","800","Uganda","5510","Production","21111.01","Meat of cattle with the bone, fresh or chilled","2024","2024","t","237542.63","I","Value imputed by a receiving agency",""
"QCL","Crops and livestock products","804","Ukraine","5510","Production","21111.01","Meat of cattle with the bone, fresh or chilled","2005","2005","t","561800","A","Official value",""
"QCL","Crops and livestock products","804","Ukraine","5510","Production","21111.01","Meat of cattle with the bone, fresh or chilled","2006","2006","t","567400","A","Official value",""
"QCL","Crops and livestock products","804","Ukraine","5510","Production","21111.01","Meat of cattle with the bone, fresh or chilled","2007","2007","t","546100","A","Official value",""
"QCL","Crops and livestock products","804","Ukraine","5510","Production","21111.01","Meat of cattle with the bone, fresh or chilled","2008","2008","t","479700","A","Official value",""
"QCL","Crops and livestock products","804","Ukraine","5510","Production","21111.01","Meat of cattle with the bone, fresh or chilled","2009","2009","t","453500","A","Official value",""
"QCL","Crops and livestock products","804","Ukraine","5510","Production","21111.01","Meat of cattle with the bone, fresh or chilled","2010","2010","t","427700","A","Official value",""
"QCL","Crops and livestock products","804","Ukraine","5510","Production","21111.01","Meat of cattle with the bone, fresh or chilled","2011","2011","t","399100","A","Official value",""
"QCL","Crops and livestock products","804","Ukraine","5510","Production","21111.01","Meat of cattle with the bone, fresh or chilled","2012","2012","t","388500","A","Official value",""
"QCL","Crops and livestock products","804","Ukraine","5510","Production","21111.01","Meat of cattle with the bone, fresh or chilled","2013","2013","t","427800","A","Official value",""
"QCL","Crops and livestock products","804","Ukraine","5510","Production","21111.01","Meat of cattle with the bone, fresh or chilled","2014","2014","t","412700","A","Official value",""
"QCL","Crops and livestock products","804","Ukraine","5510","Production","21111.01","Meat of cattle with the bone, fresh or chilled","2015","2015","t","384000","A","Official value",""
"QCL","Crops and livestock products","804","Ukraine","5510","Production","21111.01","Meat of cattle with the bone, fresh or chilled","2016","2016","t","376000","A","Official value",""
"QCL","Crops and livestock products","804","Ukraine","5510","Production","21111.01","Meat of cattle with the bone, fresh or chilled","2017","2017","t","363500","A","Official value",""
"QCL","Crops and livestock products","804","Ukraine","5510","Production","21111.01","Meat of cattle with the bone, fresh or chilled","2018","2018","t","358900","A","Official value",""
"QCL","Crops and livestock products","804","Ukraine","5510","Production","21111.01","Meat of cattle with the bone, fresh or chilled","2019","2019","t","369500","A","Official value",""
"QCL","Crops and livestock products","804","Ukraine","5510","Production","21111.01","Meat of cattle with the bone, fresh or chilled","2020","2020","t","345400","A","Official value",""
"QCL","Crops and livestock products","804","Ukraine","5510","Production","21111.01","Meat of cattle with the bone, fresh or chilled","2021","2021","t","310500","A","Official value",""
"QCL","Crops and livestock products","804","Ukraine","5510","Production","21111.01","Meat of cattle with the bone, fresh or chilled","2022","2022","t","268600","A","Official value",""
"QCL","Crops and livestock products","804","Ukraine","5510","Production","21111.01","Meat of cattle with the bone, fresh or chilled","2023","2023","t","256900","A","Official value",""
"QCL","Crops and livestock products","804","Ukraine","5510","Production","21111.01","Meat of cattle with the bone, fresh or chilled","2024","2024","t","244500","A","Official value",""
"QCL","Crops and livestock products","784","United Arab Emirates","5510","Production","21111.01","Meat of cattle with the bone, fresh or chilled","2005","2005","t","7050","E","Estimated value",""
"QCL","Crops and livestock products","784","United Arab Emirates","5510","Production","21111.01","Meat of cattle with the bone, fresh or chilled","2006","2006","t","5000","E","Estimated value",""
"QCL","Crops and livestock products","784","United Arab Emirates","5510","Production","21111.01","Meat of cattle with the bone, fresh or chilled","2007","2007","t","7500","E","Estimated value",""
"QCL","Crops and livestock products","784","United Arab Emirates","5510","Production","21111.01","Meat of cattle with the bone, fresh or chilled","2008","2008","t","11250","E","Estimated value",""
"QCL","Crops and livestock products","784","United Arab Emirates","5510","Production","21111.01","Meat of cattle with the bone, fresh or chilled","2009","2009","t","14750","E","Estimated value",""
"QCL","Crops and livestock products","784","United Arab Emirates","5510","Production","21111.01","Meat of cattle with the bone, fresh or chilled","2010","2010","t","15000","E","Estimated value",""
"QCL","Crops and livestock products","784","United Arab Emirates","5510","Production","21111.01","Meat of cattle with the bone, fresh or chilled","2011","2011","t","15375","E","Estimated value",""
"QCL","Crops and livestock products","784","United Arab Emirates","5510","Production","21111.01","Meat of cattle with the bone, fresh or chilled","2012","2012","t","15750","E","Estimated value",""
"QCL","Crops and livestock products","784","United Arab Emirates","5510","Production","21111.01","Meat of cattle with the bone, fresh or chilled","2013","2013","t","16000","E","Estimated value",""
"QCL","Crops and livestock products","784","United Arab Emirates","5510","Production","21111.01","Meat of cattle with the bone, fresh or chilled","2014","2014","t","14880.99","I","Value imputed by a receiving agency",""
"QCL","Crops and livestock products","784","United Arab Emirates","5510","Production","21111.01","Meat of cattle with the bone, fresh or chilled","2015","2015","t","18500.94","I","Value imputed by a receiving agency",""
"QCL","Crops and livestock products","784","United Arab Emirates","5510","Production","21111.01","Meat of cattle with the bone, fresh or chilled","2016","2016","t","18666.02","I","Value imputed by a receiving agency",""
"QCL","Crops and livestock products","784","United Arab Emirates","5510","Production","21111.01","Meat of cattle with the bone, fresh or chilled","2017","2017","t","18397.83","I","Value imputed by a receiving agency",""
"QCL","Crops and livestock products","784","United Arab Emirates","5510","Production","21111.01","Meat of cattle with the bone, fresh or chilled","2018","2018","t","18020","A","Official value",""
"QCL","Crops and livestock products","784","United Arab Emirates","5510","Production","21111.01","Meat of cattle with the bone, fresh or chilled","2019","2019","t","18530","A","Official value",""
"QCL","Crops and livestock products","784","United Arab Emirates","5510","Production","21111.01","Meat of cattle with the bone, fresh or chilled","2020","2020","t","18090","A","Official value",""
"QCL","Crops and livestock products","784","United Arab Emirates","5510","Production","21111.01","Meat of cattle with the bone, fresh or chilled","2021","2021","t","19888.2","I","Value imputed by a receiving agency",""
"QCL","Crops and livestock products","784","United Arab Emirates","5510","Production","21111.01","Meat of cattle with the bone, fresh or chilled","2022","2022","t","20269","I","Value imputed by a receiving agency",""
"QCL","Crops and livestock products","784","United Arab Emirates","5510","Production","21111.01","Meat of cattle with the bone, fresh or chilled","2023","2023","t","21295.78","I","Value imputed by a receiving agency",""
"QCL","Crops and livestock products","784","United Arab Emirates","5510","Production","21111.01","Meat of cattle with the bone, fresh or chilled","2024","2024","t","22004.76","I","Value imputed by a receiving agency",""
"QCL","Crops and livestock products","826","United Kingdom of Great Britain and Northern Ireland","5510","Production","21111.01","Meat of cattle with the bone, fresh or chilled","2005","2005","t","762000","A","Official value",""
"QCL","Crops and livestock products","826","United Kingdom of Great Britain and Northern Ireland","5510","Production","21111.01","Meat of cattle with the bone, fresh or chilled","2006","2006","t","847281","A","Official value",""
"QCL","Crops and livestock products","826","United Kingdom of Great Britain and Northern Ireland","5510","Production","21111.01","Meat of cattle with the bone, fresh or chilled","2007","2007","t","882000","A","Official value",""
"QCL","Crops and livestock products","826","United Kingdom of Great Britain and Northern Ireland","5510","Production","21111.01","Meat of cattle with the bone, fresh or chilled","2008","2008","t","862000","A","Official value",""
"QCL","Crops and livestock products","826","United Kingdom of Great Britain and Northern Ireland","5510","Production","21111.01","Meat of cattle with the bone, fresh or chilled","2009","2009","t","833000","A","Official value",""
"QCL","Crops and livestock products","826","United Kingdom of Great Britain and Northern Ireland","5510","Production","21111.01","Meat of cattle with the bone, fresh or chilled","2010","2010","t","908000","A","Official value",""
"QCL","Crops and livestock products","826","United Kingdom of Great Britain and Northern Ireland","5510","Production","21111.01","Meat of cattle with the bone, fresh or chilled","2011","2011","t","936000","A","Official value",""
"QCL","Crops and livestock products","826","United Kingdom of Great Britain and Northern Ireland","5510","Production","21111.01","Meat of cattle with the bone, fresh or chilled","2012","2012","t","885000","A","Official value",""
"QCL","Crops and livestock products","826","United Kingdom of Great Britain and Northern Ireland","5510","Production","21111.01","Meat of cattle with the bone, fresh or chilled","2013","2013","t","847000","A","Official value",""
"QCL","Crops and livestock products","826","United Kingdom of Great Britain and Northern Ireland","5510","Production","21111.01","Meat of cattle with the bone, fresh or chilled","2014","2014","t","877000","A","Official value",""
"QCL","Crops and livestock products","826","United Kingdom of Great Britain and Northern Ireland","5510","Production","21111.01","Meat of cattle with the bone, fresh or chilled","2015","2015","t","885000","A","Official value",""
"QCL","Crops and livestock products","826","United Kingdom of Great Britain and Northern Ireland","5510","Production","21111.01","Meat of cattle with the bone, fresh or chilled","2016","2016","t","915000","A","Official value",""
"QCL","Crops and livestock products","826","United Kingdom of Great Britain and Northern Ireland","5510","Production","21111.01","Meat of cattle with the bone, fresh or chilled","2017","2017","t","905000","A","Official value",""
"QCL","Crops and livestock products","826","United Kingdom of Great Britain and Northern Ireland","5510","Production","21111.01","Meat of cattle with the bone, fresh or chilled","2018","2018","t","922000","A","Official value",""
"QCL","Crops and livestock products","826","United Kingdom of Great Britain and Northern Ireland","5510","Production","21111.01","Meat of cattle with the bone, fresh or chilled","2019","2019","t","914000","A","Official value",""
"QCL","Crops and livestock products","826","United Kingdom of Great Britain and Northern Ireland","5510","Production","21111.01","Meat of cattle with the bone, fresh or chilled","2020","2020","t","932000","A","Official value",""
"QCL","Crops and livestock products","826","United Kingdom of Great Britain and Northern Ireland","5510","Production","21111.01","Meat of cattle with the bone, fresh or chilled","2021","2021","t","906200","A","Official value",""
"QCL","Crops and livestock products","826","United Kingdom of Great Britain and Northern Ireland","5510","Production","21111.01","Meat of cattle with the bone, fresh or chilled","2022","2022","t","923400","A","Official value",""
"QCL","Crops and livestock products","826","United Kingdom of Great Britain and Northern Ireland","5510","Production","21111.01","Meat of cattle with the bone, fresh or chilled","2023","2023","t","900600","A","Official value",""
"QCL","Crops and livestock products","826","United Kingdom of Great Britain and Northern Ireland","5510","Production","21111.01","Meat of cattle with the bone, fresh or chilled","2024","2024","t","934300","A","Official value",""
"QCL","Crops and livestock products","834","United Republic of Tanzania","5510","Production","21111.01","Meat of cattle with the bone, fresh or chilled","2005","2005","t","204520","A","Official value",""
"QCL","Crops and livestock products","834","United Republic of Tanzania","5510","Production","21111.01","Meat of cattle with the bone, fresh or chilled","2006","2006","t","208046","A","Official value",""
"QCL","Crops and livestock products","834","United Republic of Tanzania","5510","Production","21111.01","Meat of cattle with the bone, fresh or chilled","2007","2007","t","180629","A","Official value",""
"QCL","Crops and livestock products","834","United Republic of Tanzania","5510","Production","21111.01","Meat of cattle with the bone, fresh or chilled","2008","2008","t","218976","A","Official value",""
"QCL","Crops and livestock products","834","United Republic of Tanzania","5510","Production","21111.01","Meat of cattle with the bone, fresh or chilled","2009","2009","t","225178","A","Official value",""
"QCL","Crops and livestock products","834","United Republic of Tanzania","5510","Production","21111.01","Meat of cattle with the bone, fresh or chilled","2010","2010","t","243943","A","Official value",""
"QCL","Crops and livestock products","834","United Republic of Tanzania","5510","Production","21111.01","Meat of cattle with the bone, fresh or chilled","2011","2011","t","262606","A","Official value",""
"QCL","Crops and livestock products","834","United Republic of Tanzania","5510","Production","21111.01","Meat of cattle with the bone, fresh or chilled","2012","2012","t","289835","A","Official value",""
"QCL","Crops and livestock products","834","United Republic of Tanzania","5510","Production","21111.01","Meat of cattle with the bone, fresh or chilled","2013","2013","t","299581","A","Official value",""
"QCL","Crops and livestock products","834","United Republic of Tanzania","5510","Production","21111.01","Meat of cattle with the bone, fresh or chilled","2014","2014","t","309353","A","Official value",""
"QCL","Crops and livestock products","834","United Republic of Tanzania","5510","Production","21111.01","Meat of cattle with the bone, fresh or chilled","2015","2015","t","319112","A","Official value",""
"QCL","Crops and livestock products","834","United Republic of Tanzania","5510","Production","21111.01","Meat of cattle with the bone, fresh or chilled","2016","2016","t","323775","A","Official value",""
"QCL","Crops and livestock products","834","United Republic of Tanzania","5510","Production","21111.01","Meat of cattle with the bone, fresh or chilled","2017","2017","t","394604","A","Official value",""
"QCL","Crops and livestock products","834","United Republic of Tanzania","5510","Production","21111.01","Meat of cattle with the bone, fresh or chilled","2018","2018","t","471692","A","Official value",""
"QCL","Crops and livestock products","834","United Republic of Tanzania","5510","Production","21111.01","Meat of cattle with the bone, fresh or chilled","2019","2019","t","506798","A","Official value",""
"QCL","Crops and livestock products","834","United Republic of Tanzania","5510","Production","21111.01","Meat of cattle with the bone, fresh or chilled","2020","2020","t","508355","A","Official value",""
"QCL","Crops and livestock products","834","United Republic of Tanzania","5510","Production","21111.01","Meat of cattle with the bone, fresh or chilled","2021","2021","t","526351","A","Official value",""
"QCL","Crops and livestock products","834","United Republic of Tanzania","5510","Production","21111.01","Meat of cattle with the bone, fresh or chilled","2022","2022","t","544984","A","Official value",""
"QCL","Crops and livestock products","834","United Republic of Tanzania","5510","Production","21111.01","Meat of cattle with the bone, fresh or chilled","2023","2023","t","612809","A","Official value",""
"QCL","Crops and livestock products","834","United Republic of Tanzania","5510","Production","21111.01","Meat of cattle with the bone, fresh or chilled","2024","2024","t","666227","A","Official value",""
"QCL","Crops and livestock products","840","United States of America","5510","Production","21111.01","Meat of cattle with the bone, fresh or chilled","2005","2005","t","11180612","A","Official value",""
"QCL","Crops and livestock products","840","United States of America","5510","Production","21111.01","Meat of cattle with the bone, fresh or chilled","2006","2006","t","11242845","A","Official value",""
"QCL","Crops and livestock products","840","United States of America","5510","Production","21111.01","Meat of cattle with the bone, fresh or chilled","2007","2007","t","11909626","A","Official value",""
"QCL","Crops and livestock products","840","United States of America","5510","Production","21111.01","Meat of cattle with the bone, fresh or chilled","2008","2008","t","12030872","A","Official value",""
"QCL","Crops and livestock products","840","United States of America","5510","Production","21111.01","Meat of cattle with the bone, fresh or chilled","2009","2009","t","12091245","A","Official value",""
"QCL","Crops and livestock products","840","United States of America","5510","Production","21111.01","Meat of cattle with the bone, fresh or chilled","2010","2010","t","11818953","A","Official value",""
"QCL","Crops and livestock products","840","United States of America","5510","Production","21111.01","Meat of cattle with the bone, fresh or chilled","2011","2011","t","11969954","A","Official value",""
"QCL","Crops and livestock products","840","United States of America","5510","Production","21111.01","Meat of cattle with the bone, fresh or chilled","2012","2012","t","11916067","A","Official value",""
"QCL","Crops and livestock products","840","United States of America","5510","Production","21111.01","Meat of cattle with the bone, fresh or chilled","2013","2013","t","11788608","A","Official value",""
"QCL","Crops and livestock products","840","United States of America","5510","Production","21111.01","Meat of cattle with the bone, fresh or chilled","2014","2014","t","11698116","A","Official value",""
"QCL","Crops and livestock products","840","United States of America","5510","Production","21111.01","Meat of cattle with the bone, fresh or chilled","2015","2015","t","10817307","A","Official value",""
"QCL","Crops and livestock products","840","United States of America","5510","Production","21111.01","Meat of cattle with the bone, fresh or chilled","2016","2016","t","11507221","A","Official value",""
"QCL","Crops and livestock products","840","United States of America","5510","Production","21111.01","Meat of cattle with the bone, fresh or chilled","2017","2017","t","11943486","A","Official value",""
"QCL","Crops and livestock products","840","United States of America","5510","Production","21111.01","Meat of cattle with the bone, fresh or chilled","2018","2018","t","12255874","A","Official value",""
"QCL","Crops and livestock products","840","United States of America","5510","Production","21111.01","Meat of cattle with the bone, fresh or chilled","2019","2019","t","12384649","A","Official value",""
"QCL","Crops and livestock products","840","United States of America","5510","Production","21111.01","Meat of cattle with the bone, fresh or chilled","2020","2020","t","12388505","A","Official value",""
"QCL","Crops and livestock products","840","United States of America","5510","Production","21111.01","Meat of cattle with the bone, fresh or chilled","2021","2021","t","12733653","A","Official value",""
"QCL","Crops and livestock products","840","United States of America","5510","Production","21111.01","Meat of cattle with the bone, fresh or chilled","2022","2022","t","12889961","A","Official value",""
"QCL","Crops and livestock products","840","United States of America","5510","Production","21111.01","Meat of cattle with the bone, fresh or chilled","2023","2023","t","12286638","A","Official value",""
"QCL","Crops and livestock products","840","United States of America","5510","Production","21111.01","Meat of cattle with the bone, fresh or chilled","2024","2024","t","12289768","A","Official value",""
"QCL","Crops and livestock products","858","Uruguay","5510","Production","21111.01","Meat of cattle with the bone, fresh or chilled","2005","2005","t","590000","E","Estimated value",""
"QCL","Crops and livestock products","858","Uruguay","5510","Production","21111.01","Meat of cattle with the bone, fresh or chilled","2006","2006","t","600000","X","Value from external organization","Unofficial figure"
"QCL","Crops and livestock products","858","Uruguay","5510","Production","21111.01","Meat of cattle with the bone, fresh or chilled","2007","2007","t","522982","A","Official value",""
"QCL","Crops and livestock products","858","Uruguay","5510","Production","21111.01","Meat of cattle with the bone, fresh or chilled","2008","2008","t","526869","A","Official value",""
"QCL","Crops and livestock products","858","Uruguay","5510","Production","21111.01","Meat of cattle with the bone, fresh or chilled","2009","2009","t","491213","A","Official value",""
"QCL","Crops and livestock products","858","Uruguay","5510","Production","21111.01","Meat of cattle with the bone, fresh or chilled","2010","2010","t","524000","A","Official value",""
"QCL","Crops and livestock products","858","Uruguay","5510","Production","21111.01","Meat of cattle with the bone, fresh or chilled","2011","2011","t","485814","A","Official value",""
"QCL","Crops and livestock products","858","Uruguay","5510","Production","21111.01","Meat of cattle with the bone, fresh or chilled","2012","2012","t","510160","A","Official value",""
"QCL","Crops and livestock products","858","Uruguay","5510","Production","21111.01","Meat of cattle with the bone, fresh or chilled","2013","2013","t","491700","A","Official value",""
"QCL","Crops and livestock products","858","Uruguay","5510","Production","21111.01","Meat of cattle with the bone, fresh or chilled","2014","2014","t","517500","A","Official value",""
"QCL","Crops and livestock products","858","Uruguay","5510","Production","21111.01","Meat of cattle with the bone, fresh or chilled","2015","2015","t","536769.21","A","Official value",""
"QCL","Crops and livestock products","858","Uruguay","5510","Production","21111.01","Meat of cattle with the bone, fresh or chilled","2016","2016","t","564877.59","A","Official value",""
"QCL","Crops and livestock products","858","Uruguay","5510","Production","21111.01","Meat of cattle with the bone, fresh or chilled","2017","2017","t","594122.19","A","Official value",""
"QCL","Crops and livestock products","858","Uruguay","5510","Production","21111.01","Meat of cattle with the bone, fresh or chilled","2018","2018","t","589732","A","Official value",""
"QCL","Crops and livestock products","858","Uruguay","5510","Production","21111.01","Meat of cattle with the bone, fresh or chilled","2019","2019","t","580320","A","Official value",""
"QCL","Crops and livestock products","858","Uruguay","5510","Production","21111.01","Meat of cattle with the bone, fresh or chilled","2020","2020","t","510160","A","Official value",""
"QCL","Crops and livestock products","858","Uruguay","5510","Production","21111.01","Meat of cattle with the bone, fresh or chilled","2021","2021","t","572522","A","Official value",""
"QCL","Crops and livestock products","858","Uruguay","5510","Production","21111.01","Meat of cattle with the bone, fresh or chilled","2022","2022","t","616485.23","A","Official value",""
"QCL","Crops and livestock products","858","Uruguay","5510","Production","21111.01","Meat of cattle with the bone, fresh or chilled","2023","2023","t","599000","X","Value from external organization","Unofficial figure"
"QCL","Crops and livestock products","858","Uruguay","5510","Production","21111.01","Meat of cattle with the bone, fresh or chilled","2024","2024","t","577892.98","I","Value imputed by a receiving agency",""
"QCL","Crops and livestock products","860","Uzbekistan","5510","Production","21111.01","Meat of cattle with the bone, fresh or chilled","2005","2005","t","518100","A","Official value",""
"QCL","Crops and livestock products","860","Uzbekistan","5510","Production","21111.01","Meat of cattle with the bone, fresh or chilled","2006","2006","t","551590","A","Official value",""
"QCL","Crops and livestock products","860","Uzbekistan","5510","Production","21111.01","Meat of cattle with the bone, fresh or chilled","2007","2007","t","551000","X","Value from external organization","Unofficial figure"
"QCL","Crops and livestock products","860","Uzbekistan","5510","Production","21111.01","Meat of cattle with the bone, fresh or chilled","2008","2008","t","586000","X","Value from external organization","Unofficial figure"
"QCL","Crops and livestock products","860","Uzbekistan","5510","Production","21111.01","Meat of cattle with the bone, fresh or chilled","2009","2009","t","622700","X","Value from external organization","Unofficial figure"
"QCL","Crops and livestock products","860","Uzbekistan","5510","Production","21111.01","Meat of cattle with the bone, fresh or chilled","2010","2010","t","665300","X","Value from external organization","Unofficial figure"
"QCL","Crops and livestock products","860","Uzbekistan","5510","Production","21111.01","Meat of cattle with the bone, fresh or chilled","2011","2011","t","667500","X","Value from external organization","Unofficial figure"
"QCL","Crops and livestock products","860","Uzbekistan","5510","Production","21111.01","Meat of cattle with the bone, fresh or chilled","2012","2012","t","708200","X","Value from external organization","Unofficial figure"
"QCL","Crops and livestock products","860","Uzbekistan","5510","Production","21111.01","Meat of cattle with the bone, fresh or chilled","2013","2013","t","750000","X","Value from external organization","Unofficial figure"
"QCL","Crops and livestock products","860","Uzbekistan","5510","Production","21111.01","Meat of cattle with the bone, fresh or chilled","2014","2014","t","800000","X","Value from external organization","Unofficial figure"
"QCL","Crops and livestock products","860","Uzbekistan","5510","Production","21111.01","Meat of cattle with the bone, fresh or chilled","2015","2015","t","850000","X","Value from external organization","Unofficial figure"
"QCL","Crops and livestock products","860","Uzbekistan","5510","Production","21111.01","Meat of cattle with the bone, fresh or chilled","2016","2016","t","880244.56","I","Value imputed by a receiving agency",""
"QCL","Crops and livestock products","860","Uzbekistan","5510","Production","21111.01","Meat of cattle with the bone, fresh or chilled","2017","2017","t","835000","E","Estimated value",""
"QCL","Crops and livestock products","860","Uzbekistan","5510","Production","21111.01","Meat of cattle with the bone, fresh or chilled","2018","2018","t","1060934.69","I","Value imputed by a receiving agency",""
"QCL","Crops and livestock products","860","Uzbekistan","5510","Production","21111.01","Meat of cattle with the bone, fresh or chilled","2019","2019","t","987013.78","I","Value imputed by a receiving agency",""
"QCL","Crops and livestock products","860","Uzbekistan","5510","Production","21111.01","Meat of cattle with the bone, fresh or chilled","2020","2020","t","991002.94","I","Value imputed by a receiving agency",""
"QCL","Crops and livestock products","860","Uzbekistan","5510","Production","21111.01","Meat of cattle with the bone, fresh or chilled","2021","2021","t","1038435.91","I","Value imputed by a receiving agency",""
"QCL","Crops and livestock products","860","Uzbekistan","5510","Production","21111.01","Meat of cattle with the bone, fresh or chilled","2022","2022","t","1075696.66","I","Value imputed by a receiving agency",""
"QCL","Crops and livestock products","860","Uzbekistan","5510","Production","21111.01","Meat of cattle with the bone, fresh or chilled","2023","2023","t","1121905.62","I","Value imputed by a receiving agency",""
"QCL","Crops and livestock products","860","Uzbekistan","5510","Production","21111.01","Meat of cattle with the bone, fresh or chilled","2024","2024","t","1161390.21","I","Value imputed by a receiving agency",""
"QCL","Crops and livestock products","548","Vanuatu","5510","Production","21111.01","Meat of cattle with the bone, fresh or chilled","2005","2005","t","3195","A","Official value",""
"QCL","Crops and livestock products","548","Vanuatu","5510","Production","21111.01","Meat of cattle with the bone, fresh or chilled","2006","2006","t","3083","A","Official value",""
"QCL","Crops and livestock products","548","Vanuatu","5510","Production","21111.01","Meat of cattle with the bone, fresh or chilled","2007","2007","t","3147","A","Official value",""
"QCL","Crops and livestock products","548","Vanuatu","5510","Production","21111.01","Meat of cattle with the bone, fresh or chilled","2008","2008","t","3297","A","Official value",""
"QCL","Crops and livestock products","548","Vanuatu","5510","Production","21111.01","Meat of cattle with the bone, fresh or chilled","2009","2009","t","2560","A","Official value",""
"QCL","Crops and livestock products","548","Vanuatu","5510","Production","21111.01","Meat of cattle with the bone, fresh or chilled","2010","2010","t","3537","A","Official value",""
"QCL","Crops and livestock products","548","Vanuatu","5510","Production","21111.01","Meat of cattle with the bone, fresh or chilled","2011","2011","t","3214","A","Official value",""
"QCL","Crops and livestock products","548","Vanuatu","5510","Production","21111.01","Meat of cattle with the bone, fresh or chilled","2012","2012","t","3390","A","Official value",""
"QCL","Crops and livestock products","548","Vanuatu","5510","Production","21111.01","Meat of cattle with the bone, fresh or chilled","2013","2013","t","3289","A","Official value",""
"QCL","Crops and livestock products","548","Vanuatu","5510","Production","21111.01","Meat of cattle with the bone, fresh or chilled","2014","2014","t","2987","A","Official value",""
"QCL","Crops and livestock products","548","Vanuatu","5510","Production","21111.01","Meat of cattle with the bone, fresh or chilled","2015","2015","t","2581","A","Official value",""
"QCL","Crops and livestock products","548","Vanuatu","5510","Production","21111.01","Meat of cattle with the bone, fresh or chilled","2016","2016","t","2532","A","Official value",""
"QCL","Crops and livestock products","548","Vanuatu","5510","Production","21111.01","Meat of cattle with the bone, fresh or chilled","2017","2017","t","2314","A","Official value",""
"QCL","Crops and livestock products","548","Vanuatu","5510","Production","21111.01","Meat of cattle with the bone, fresh or chilled","2018","2018","t","1889","A","Official value",""
"QCL","Crops and livestock products","548","Vanuatu","5510","Production","21111.01","Meat of cattle with the bone, fresh or chilled","2019","2019","t","1949","A","Official value",""
"QCL","Crops and livestock products","548","Vanuatu","5510","Production","21111.01","Meat of cattle with the bone, fresh or chilled","2020","2020","t","1743","A","Official value",""
"QCL","Crops and livestock products","548","Vanuatu","5510","Production","21111.01","Meat of cattle with the bone, fresh or chilled","2021","2021","t","2133","A","Official value",""
"QCL","Crops and livestock products","548","Vanuatu","5510","Production","21111.01","Meat of cattle with the bone, fresh or chilled","2022","2022","t","1884","A","Official value",""
"QCL","Crops and livestock products","548","Vanuatu","5510","Production","21111.01","Meat of cattle with the bone, fresh or chilled","2023","2023","t","2006","A","Official value",""
"QCL","Crops and livestock products","548","Vanuatu","5510","Production","21111.01","Meat of cattle with the bone, fresh or chilled","2024","2024","t","2022","A","Official value",""
"QCL","Crops and livestock products","862","Venezuela (Bolivarian Republic of)","5510","Production","21111.01","Meat of cattle with the bone, fresh or chilled","2005","2005","t","424656","A","Official value",""
"QCL","Crops and livestock products","862","Venezuela (Bolivarian Republic of)","5510","Production","21111.01","Meat of cattle with the bone, fresh or chilled","2006","2006","t","515946","A","Official value",""
"QCL","Crops and livestock products","862","Venezuela (Bolivarian Republic of)","5510","Production","21111.01","Meat of cattle with the bone, fresh or chilled","2007","2007","t","480897","A","Official value",""
"QCL","Crops and livestock products","862","Venezuela (Bolivarian Republic of)","5510","Production","21111.01","Meat of cattle with the bone, fresh or chilled","2008","2008","t","482965","A","Official value",""
"QCL","Crops and livestock products","862","Venezuela (Bolivarian Republic of)","5510","Production","21111.01","Meat of cattle with the bone, fresh or chilled","2009","2009","t","492276","A","Official value",""
"QCL","Crops and livestock products","862","Venezuela (Bolivarian Republic of)","5510","Production","21111.01","Meat of cattle with the bone, fresh or chilled","2010","2010","t","469932","A","Official value",""
"QCL","Crops and livestock products","862","Venezuela (Bolivarian Republic of)","5510","Production","21111.01","Meat of cattle with the bone, fresh or chilled","2011","2011","t","488653","A","Official value",""
"QCL","Crops and livestock products","862","Venezuela (Bolivarian Republic of)","5510","Production","21111.01","Meat of cattle with the bone, fresh or chilled","2012","2012","t","584838","A","Official value",""
"QCL","Crops and livestock products","862","Venezuela (Bolivarian Republic of)","5510","Production","21111.01","Meat of cattle with the bone, fresh or chilled","2013","2013","t","577183","A","Official value",""
"QCL","Crops and livestock products","862","Venezuela (Bolivarian Republic of)","5510","Production","21111.01","Meat of cattle with the bone, fresh or chilled","2014","2014","t","524008","A","Official value",""
"QCL","Crops and livestock products","862","Venezuela (Bolivarian Republic of)","5510","Production","21111.01","Meat of cattle with the bone, fresh or chilled","2015","2015","t","434306","A","Official value",""
"QCL","Crops and livestock products","862","Venezuela (Bolivarian Republic of)","5510","Production","21111.01","Meat of cattle with the bone, fresh or chilled","2016","2016","t","436566","A","Official value",""
"QCL","Crops and livestock products","862","Venezuela (Bolivarian Republic of)","5510","Production","21111.01","Meat of cattle with the bone, fresh or chilled","2017","2017","t","436516","A","Official value",""
"QCL","Crops and livestock products","862","Venezuela (Bolivarian Republic of)","5510","Production","21111.01","Meat of cattle with the bone, fresh or chilled","2018","2018","t","405714","A","Official value",""
"QCL","Crops and livestock products","862","Venezuela (Bolivarian Republic of)","5510","Production","21111.01","Meat of cattle with the bone, fresh or chilled","2019","2019","t","361453","A","Official value",""
"QCL","Crops and livestock products","862","Venezuela (Bolivarian Republic of)","5510","Production","21111.01","Meat of cattle with the bone, fresh or chilled","2020","2020","t","346027","A","Official value",""
"QCL","Crops and livestock products","862","Venezuela (Bolivarian Republic of)","5510","Production","21111.01","Meat of cattle with the bone, fresh or chilled","2021","2021","t","371112","A","Official value",""
"QCL","Crops and livestock products","862","Venezuela (Bolivarian Republic of)","5510","Production","21111.01","Meat of cattle with the bone, fresh or chilled","2022","2022","t","386500","A","Official value",""
"QCL","Crops and livestock products","862","Venezuela (Bolivarian Republic of)","5510","Production","21111.01","Meat of cattle with the bone, fresh or chilled","2023","2023","t","370190","A","Official value",""
"QCL","Crops and livestock products","862","Venezuela (Bolivarian Republic of)","5510","Production","21111.01","Meat of cattle with the bone, fresh or chilled","2024","2024","t","379168.96","I","Value imputed by a receiving agency",""
"QCL","Crops and livestock products","704","Viet Nam","5510","Production","21111.01","Meat of cattle with the bone, fresh or chilled","2005","2005","t","78200","E","Estimated value",""
"QCL","Crops and livestock products","704","Viet Nam","5510","Production","21111.01","Meat of cattle with the bone, fresh or chilled","2006","2006","t","87700","E","Estimated value",""
"QCL","Crops and livestock products","704","Viet Nam","5510","Production","21111.01","Meat of cattle with the bone, fresh or chilled","2007","2007","t","113400","E","Estimated value",""
"QCL","Crops and livestock products","704","Viet Nam","5510","Production","21111.01","Meat of cattle with the bone, fresh or chilled","2008","2008","t","124700","E","Estimated value",""
"QCL","Crops and livestock products","704","Viet Nam","5510","Production","21111.01","Meat of cattle with the bone, fresh or chilled","2009","2009","t","144900","E","Estimated value",""
"QCL","Crops and livestock products","704","Viet Nam","5510","Production","21111.01","Meat of cattle with the bone, fresh or chilled","2010","2010","t","153400","E","Estimated value",""
"QCL","Crops and livestock products","704","Viet Nam","5510","Production","21111.01","Meat of cattle with the bone, fresh or chilled","2011","2011","t","158000","E","Estimated value",""
"QCL","Crops and livestock products","704","Viet Nam","5510","Production","21111.01","Meat of cattle with the bone, fresh or chilled","2012","2012","t","161600","E","Estimated value",""
"QCL","Crops and livestock products","704","Viet Nam","5510","Production","21111.01","Meat of cattle with the bone, fresh or chilled","2013","2013","t","157000","E","Estimated value",""
"QCL","Crops and livestock products","704","Viet Nam","5510","Production","21111.01","Meat of cattle with the bone, fresh or chilled","2014","2014","t","161200","E","Estimated value",""
"QCL","Crops and livestock products","704","Viet Nam","5510","Production","21111.01","Meat of cattle with the bone, fresh or chilled","2015","2015","t","190400","E","Estimated value",""
"QCL","Crops and livestock products","704","Viet Nam","5510","Production","21111.01","Meat of cattle with the bone, fresh or chilled","2016","2016","t","196200","E","Estimated value",""
"QCL","Crops and livestock products","704","Viet Nam","5510","Production","21111.01","Meat of cattle with the bone, fresh or chilled","2017","2017","t","216800","E","Estimated value",""
"QCL","Crops and livestock products","704","Viet Nam","5510","Production","21111.01","Meat of cattle with the bone, fresh or chilled","2018","2018","t","227200","E","Estimated value",""
"QCL","Crops and livestock products","704","Viet Nam","5510","Production","21111.01","Meat of cattle with the bone, fresh or chilled","2019","2019","t","234900","E","Estimated value",""
"QCL","Crops and livestock products","704","Viet Nam","5510","Production","21111.01","Meat of cattle with the bone, fresh or chilled","2020","2020","t","242900","E","Estimated value",""
"QCL","Crops and livestock products","704","Viet Nam","5510","Production","21111.01","Meat of cattle with the bone, fresh or chilled","2021","2021","t","265400","E","Estimated value",""
"QCL","Crops and livestock products","704","Viet Nam","5510","Production","21111.01","Meat of cattle with the bone, fresh or chilled","2022","2022","t","265300","E","Estimated value",""
"QCL","Crops and livestock products","704","Viet Nam","5510","Production","21111.01","Meat of cattle with the bone, fresh or chilled","2023","2023","t","269200","E","Estimated value",""
"QCL","Crops and livestock products","704","Viet Nam","5510","Production","21111.01","Meat of cattle with the bone, fresh or chilled","2024","2024","t","270000","E","Estimated value",""
"QCL","Crops and livestock products","887","Yemen","5510","Production","21111.01","Meat of cattle with the bone, fresh or chilled","2005","2005","t","72627","A","Official value",""
"QCL","Crops and livestock products","887","Yemen","5510","Production","21111.01","Meat of cattle with the bone, fresh or chilled","2006","2006","t","72793","A","Official value",""
"QCL","Crops and livestock products","887","Yemen","5510","Production","21111.01","Meat of cattle with the bone, fresh or chilled","2007","2007","t","81936","A","Official value",""
"QCL","Crops and livestock products","887","Yemen","5510","Production","21111.01","Meat of cattle with the bone, fresh or chilled","2008","2008","t","90242","A","Official value",""
"QCL","Crops and livestock products","887","Yemen","5510","Production","21111.01","Meat of cattle with the bone, fresh or chilled","2009","2009","t","96735","A","Official value",""
"QCL","Crops and livestock products","887","Yemen","5510","Production","21111.01","Meat of cattle with the bone, fresh or chilled","2010","2010","t","107512","A","Official value",""
"QCL","Crops and livestock products","887","Yemen","5510","Production","21111.01","Meat of cattle with the bone, fresh or chilled","2011","2011","t","109850","X","Value from external organization","Unofficial figure"
"QCL","Crops and livestock products","887","Yemen","5510","Production","21111.01","Meat of cattle with the bone, fresh or chilled","2012","2012","t","111285.81","I","Value imputed by a receiving agency",""
"QCL","Crops and livestock products","887","Yemen","5510","Production","21111.01","Meat of cattle with the bone, fresh or chilled","2013","2013","t","111787.37","I","Value imputed by a receiving agency",""
"QCL","Crops and livestock products","887","Yemen","5510","Production","21111.01","Meat of cattle with the bone, fresh or chilled","2014","2014","t","77095","A","Official value",""
"QCL","Crops and livestock products","887","Yemen","5510","Production","21111.01","Meat of cattle with the bone, fresh or chilled","2015","2015","t","72126","A","Official value",""
"QCL","Crops and livestock products","887","Yemen","5510","Production","21111.01","Meat of cattle with the bone, fresh or chilled","2016","2016","t","65635","A","Official value",""
"QCL","Crops and livestock products","887","Yemen","5510","Production","21111.01","Meat of cattle with the bone, fresh or chilled","2017","2017","t","63666","A","Official value",""
"QCL","Crops and livestock products","887","Yemen","5510","Production","21111.01","Meat of cattle with the bone, fresh or chilled","2018","2018","t","62393","A","Official value",""
"QCL","Crops and livestock products","887","Yemen","5510","Production","21111.01","Meat of cattle with the bone, fresh or chilled","2019","2019","t","75602.33","A","Official value",""
"QCL","Crops and livestock products","887","Yemen","5510","Production","21111.01","Meat of cattle with the bone, fresh or chilled","2020","2020","t","74143.67","E","Estimated value",""
"QCL","Crops and livestock products","887","Yemen","5510","Production","21111.01","Meat of cattle with the bone, fresh or chilled","2021","2021","t","83351.57","X","Value from external organization","Unofficial figure"
"QCL","Crops and livestock products","887","Yemen","5510","Production","21111.01","Meat of cattle with the bone, fresh or chilled","2022","2022","t","87519","X","Value from external organization","Unofficial figure"
"QCL","Crops and livestock products","887","Yemen","5510","Production","21111.01","Meat of cattle with the bone, fresh or chilled","2023","2023","t","87204","X","Value from external organization","Unofficial figure"
"QCL","Crops and livestock products","887","Yemen","5510","Production","21111.01","Meat of cattle with the bone, fresh or chilled","2024","2024","t","86024.86","E","Estimated value",""
"QCL","Crops and livestock products","894","Zambia","5510","Production","21111.01","Meat of cattle with the bone, fresh or chilled","2005","2005","t","59200","E","Estimated value",""
"QCL","Crops and livestock products","894","Zambia","5510","Production","21111.01","Meat of cattle with the bone, fresh or chilled","2006","2006","t","57600","E","Estimated value",""
"QCL","Crops and livestock products","894","Zambia","5510","Production","21111.01","Meat of cattle with the bone, fresh or chilled","2007","2007","t","58400","E","Estimated value",""
"QCL","Crops and livestock products","894","Zambia","5510","Production","21111.01","Meat of cattle with the bone, fresh or chilled","2008","2008","t","78400","E","Estimated value",""
"QCL","Crops and livestock products","894","Zambia","5510","Production","21111.01","Meat of cattle with the bone, fresh or chilled","2009","2009","t","121600","E","Estimated value",""
"QCL","Crops and livestock products","894","Zambia","5510","Production","21111.01","Meat of cattle with the bone, fresh or chilled","2010","2010","t","153600","E","Estimated value",""
"QCL","Crops and livestock products","894","Zambia","5510","Production","21111.01","Meat of cattle with the bone, fresh or chilled","2011","2011","t","153969.92","E","Estimated value",""
"QCL","Crops and livestock products","894","Zambia","5510","Production","21111.01","Meat of cattle with the bone, fresh or chilled","2012","2012","t","160899.36","E","Estimated value",""
"QCL","Crops and livestock products","894","Zambia","5510","Production","21111.01","Meat of cattle with the bone, fresh or chilled","2013","2013","t","197827.2","E","Estimated value",""
"QCL","Crops and livestock products","894","Zambia","5510","Production","21111.01","Meat of cattle with the bone, fresh or chilled","2014","2014","t","208000","E","Estimated value",""
"QCL","Crops and livestock products","894","Zambia","5510","Production","21111.01","Meat of cattle with the bone, fresh or chilled","2015","2015","t","161000","E","Estimated value",""
"QCL","Crops and livestock products","894","Zambia","5510","Production","21111.01","Meat of cattle with the bone, fresh or chilled","2016","2016","t","159400","E","Estimated value",""
"QCL","Crops and livestock products","894","Zambia","5510","Production","21111.01","Meat of cattle with the bone, fresh or chilled","2017","2017","t","209300","E","Estimated value",""
"QCL","Crops and livestock products","894","Zambia","5510","Production","21111.01","Meat of cattle with the bone, fresh or chilled","2018","2018","t","181980.72","I","Value imputed by a receiving agency",""
"QCL","Crops and livestock products","894","Zambia","5510","Production","21111.01","Meat of cattle with the bone, fresh or chilled","2019","2019","t","186377.87","I","Value imputed by a receiving agency",""
"QCL","Crops and livestock products","894","Zambia","5510","Production","21111.01","Meat of cattle with the bone, fresh or chilled","2020","2020","t","177794.02","I","Value imputed by a receiving agency",""
"QCL","Crops and livestock products","894","Zambia","5510","Production","21111.01","Meat of cattle with the bone, fresh or chilled","2021","2021","t","187659.66","I","Value imputed by a receiving agency",""
"QCL","Crops and livestock products","894","Zambia","5510","Production","21111.01","Meat of cattle with the bone, fresh or chilled","2022","2022","t","180478.55","I","Value imputed by a receiving agency",""
"QCL","Crops and livestock products","894","Zambia","5510","Production","21111.01","Meat of cattle with the bone, fresh or chilled","2023","2023","t","232218.88","I","Value imputed by a receiving agency",""
"QCL","Crops and livestock products","894","Zambia","5510","Production","21111.01","Meat of cattle with the bone, fresh or chilled","2024","2024","t","221926.9","I","Value imputed by a receiving agency",""
"QCL","Crops and livestock products","716","Zimbabwe","5510","Production","21111.01","Meat of cattle with the bone, fresh or chilled","2005","2005","t","550000","E","Estimated value",""
"QCL","Crops and livestock products","716","Zimbabwe","5510","Production","21111.01","Meat of cattle with the bone, fresh or chilled","2006","2006","t","519102.47","I","Value imputed by a receiving agency",""
"QCL","Crops and livestock products","716","Zimbabwe","5510","Production","21111.01","Meat of cattle with the bone, fresh or chilled","2007","2007","t","535351.35","I","Value imputed by a receiving agency",""
"QCL","Crops and livestock products","716","Zimbabwe","5510","Production","21111.01","Meat of cattle with the bone, fresh or chilled","2008","2008","t","541292.5","I","Value imputed by a receiving agency",""
"QCL","Crops and livestock products","716","Zimbabwe","5510","Production","21111.01","Meat of cattle with the bone, fresh or chilled","2009","2009","t","587596.6","I","Value imputed by a receiving agency",""
"QCL","Crops and livestock products","716","Zimbabwe","5510","Production","21111.01","Meat of cattle with the bone, fresh or chilled","2010","2010","t","649619","E","Estimated value",""
"QCL","Crops and livestock products","716","Zimbabwe","5510","Production","21111.01","Meat of cattle with the bone, fresh or chilled","2011","2011","t","685900","E","Estimated value",""
"QCL","Crops and livestock products","716","Zimbabwe","5510","Production","21111.01","Meat of cattle with the bone, fresh or chilled","2012","2012","t","697230","E","Estimated value",""
"QCL","Crops and livestock products","716","Zimbabwe","5510","Production","21111.01","Meat of cattle with the bone, fresh or chilled","2013","2013","t","697256","E","Estimated value",""
"QCL","Crops and livestock products","716","Zimbabwe","5510","Production","21111.01","Meat of cattle with the bone, fresh or chilled","2014","2014","t","552461","E","Estimated value",""
"QCL","Crops and livestock products","716","Zimbabwe","5510","Production","21111.01","Meat of cattle with the bone, fresh or chilled","2015","2015","t","622143","E","Estimated value",""
"QCL","Crops and livestock products","716","Zimbabwe","5510","Production","21111.01","Meat of cattle with the bone, fresh or chilled","2016","2016","t","629225","E","Estimated value",""
"QCL","Crops and livestock products","716","Zimbabwe","5510","Production","21111.01","Meat of cattle with the bone, fresh or chilled","2017","2017","t","609788","E","Estimated value",""
"QCL","Crops and livestock products","716","Zimbabwe","5510","Production","21111.01","Meat of cattle with the bone, fresh or chilled","2018","2018","t","616480","E","Estimated value",""
"QCL","Crops and livestock products","716","Zimbabwe","5510","Production","21111.01","Meat of cattle with the bone, fresh or chilled","2019","2019","t","629189","E","Estimated value",""
"QCL","Crops and livestock products","716","Zimbabwe","5510","Production","21111.01","Meat of cattle with the bone, fresh or chilled","2020","2020","t","628746","E","Estimated value",""
"QCL","Crops and livestock products","716","Zimbabwe","5510","Production","21111.01","Meat of cattle with the bone, fresh or chilled","2021","2021","t","700000","E","Estimated value",""
"QCL","Crops and livestock products","716","Zimbabwe","5510","Production","21111.01","Meat of cattle with the bone, fresh or chilled","2022","2022","t","721881.3","I","Value imputed by a receiving agency",""
"QCL","Crops and livestock products","716","Zimbabwe","5510","Production","21111.01","Meat of cattle with the bone, fresh or chilled","2023","2023","t","744063.07","I","Value imputed by a receiving agency",""
"QCL","Crops and livestock products","716","Zimbabwe","5510","Production","21111.01","Meat of cattle with the bone, fresh or chilled","2024","2024","t","755211.44","I","Value imputed by a receiving agency",""
